event_type,timestamp,callback_index,outdoor_temp_c,zone_temp_c,primary_zone,electricity_demand_w,interval_kwh,cumulative_kwh,action_json,reasoning,zone_temp_Core_ZN,zone_temp_Perimeter_ZN_1,zone_temp_Perimeter_ZN_2,zone_temp_Perimeter_ZN_3,zone_temp_Perimeter_ZN_4
sensor,1979-06-15 00:10,0,25.0,25.712432372155213,Core_ZN,4.038461538461539e-09,6.730769230769232e-13,6.730769230769232e-13,,,25.712432372155213,26.255791780903365,26.665052913144425,26.242750200419913,26.888660385388032
sensor,1979-06-15 00:20,1,25.0,25.705341606147428,Core_ZN,4.038461538461539e-09,6.730769230769232e-13,1.3461538461538463e-12,,,25.705341606147428,26.24253461303384,26.64971344549669,26.23060255808016,26.873970645674987
sensor,1979-06-15 00:30,2,25.0,25.698993889291664,Core_ZN,4.038461538461539e-09,6.730769230769232e-13,2.0192307692307696e-12,,,25.698993889291664,26.23010366348704,26.634996111061028,26.219132363285826,26.859734894555263
sensor,1979-06-15 00:40,3,25.0,25.692983302879313,Core_ZN,4.038461538461539e-09,6.730769230769232e-13,2.6923076923076926e-12,,,25.692983302879313,26.21808076876533,26.620571343946203,26.207970100173057,26.845632428377893
sensor,1979-06-15 00:50,4,25.0,25.687125345738107,Core_ZN,4.038461538461539e-09,6.730769230769232e-13,3.3653846153846157e-12,,,25.687125345738107,26.206290236383822,26.60630889657083,26.19696177150672,26.831545424842552
sensor,1979-06-15 00:60,5,25.0,25.68143984701473,Core_ZN,4.038461538461539e-09,6.730769230769232e-13,4.038461538461539e-12,,,25.68143984701473,26.194811330814478,26.592345267057432,26.18619264502705,26.81762214994061
sensor,1979-06-15 01:10,6,24.81666666666667,25.66745608969174,Core_ZN,4.038461538461539e-09,6.730769230769232e-13,4.711538461538462e-12,,,25.66745608969174,26.173642300790302,26.568507508929166,26.166444219258167,26.793627707364276
sensor,1979-06-15 01:20,7,24.633333333333333,25.649723593363504,Core_ZN,4.038461538461539e-09,6.730769230769232e-13,5.384615384615385e-12,,,25.649723593363504,26.14860136681953,26.541125562551784,26.143153785116798,26.76592258316562
sensor,1979-06-15 01:30,8,24.45,25.630045825412527,Core_ZN,4.038461538461539e-09,6.730769230769232e-13,6.057692307692308e-12,,,25.630045825412527,26.121574101989093,26.51188685209595,26.118043767974775,26.73618820743347
sensor,1979-06-15 01:40,9,24.266666666666666,25.609186561272285,Core_ZN,4.038461538461539e-09,6.730769230769232e-13,6.730769230769231e-12,,,25.609186561272285,26.09319749736268,26.481269936498254,26.091700980972135,26.704837269596442
sensor,1979-06-15 01:50,10,24.083333333333336,25.587476426746104,Core_ZN,4.038461538461539e-09,6.730769230769232e-13,7.403846153846154e-12,,,25.587476426746104,26.063719188816723,26.44939135391171,26.064357094386537,26.671877461024028
sensor,1979-06-15 01:60,11,23.9,25.56506171864897,Core_ZN,4.038461538461539e-09,6.730769230769232e-13,8.076923076923078e-12,,,25.56506171864897,26.0332358849544,26.416047054516735,26.036110496567055,26.63825905487213
sensor,1979-06-15 02:10,12,23.8,25.545754537386767,Core_ZN,4.038461538461539e-09,6.730769230769232e-13,8.750000000000002e-12,,,25.545754537386767,26.005651958980835,26.38610502536499,26.010769036288345,26.60822064744162
sensor,1979-06-15 02:20,13,23.7,25.527515382510504,Core_ZN,4.038461538461539e-09,6.730769230769232e-13,9.423076923076926e-12,,,25.527515382510504,25.978822011594268,26.35743956111969,25.98620462943824,26.57914692635457
sensor,1979-06-15 02:30,14,23.6,25.50957976613202,Core_ZN,4.038461538461539e-09,6.730769230769232e-13,1.009615384615385e-11,,,25.50957976613202,25.951998601597893,26.32917759620684,25.961721757072603,26.550258416145848
sensor,1979-06-15 02:40,15,23.5,25.49162542575398,Core_ZN,4.038461538461539e-09,6.730769230769232e-13,1.0769230769230774e-11,,,25.49162542575398,25.924738966518536,26.300992531387976,25.937051576355167,26.521300075532572
sensor,1979-06-15 02:50,16,23.4,25.473514854230544,Core_ZN,4.038461538461539e-09,6.730769230769232e-13,1.1442307692307698e-11,,,25.473514854230544,25.897284643857745,26.272753555681994,25.912066114933324,26.492184159927422
sensor,1979-06-15 02:60,17,23.3,25.455187496816492,Core_ZN,4.038461538461539e-09,6.730769230769232e-13,1.2115384615384621e-11,,,25.455187496816492,25.869856108729817,26.244403796755982,25.886663676224043,26.462879009814603
sensor,1979-06-15 03:10,18,23.21666666666667,25.437361442825097,Core_ZN,4.038461538461539e-09,6.730769230769232e-13,1.2788461538461545e-11,,,25.437361442825097,25.843323489261316,26.216784104389976,25.861514079238724,26.43424673158901
sensor,1979-06-15 03:20,19,23.133333333333333,25.419620114545044,Core_ZN,4.038461538461539e-09,6.730769230769232e-13,1.3461538461538469e-11,,,25.419620114545044,25.81711381696949,26.189319530534167,25.83663620845932,26.405704144701403
sensor,1979-06-15 03:30,20,23.05,25.40180011035631,Core_ZN,4.038461538461539e-09,6.730769230769232e-13,1.4134615384615393e-11,,,25.40180011035631,25.7910000101852,26.161840615656782,25.811915440572182,26.37709698491667
sensor,1979-06-15 03:40,21,22.96666666666667,25.38382897871604,Core_ZN,4.038461538461539e-09,6.730769230769232e-13,1.4807692307692315e-11,,,25.38382897871604,25.764881765656305,26.134286147636857,25.787250508714813,26.348375303906487
sensor,1979-06-15 03:50,22,22.883333333333333,25.365673047659058,Core_ZN,4.038461538461539e-09,6.730769230769232e-13,1.5480769230769237e-11,,,25.365673047659058,25.738710744069202,26.10663056287768,25.762577101256884,26.319521246533373
sensor,1979-06-15 03:60,23,22.8,25.34731521808358,Core_ZN,4.038461538461539e-09,6.730769230769232e-13,1.615384615384616e-11,,,25.34731521808358,25.71246149357062,26.07886132940096,25.737855546264278,26.290528041562794
decision,1979-06-15 03:60,23,22.8,25.34731521808358,Core_ZN,4.038461538461539e-09,6.730769230769232e-13,1.615384615384616e-11,"{""cooling"": {""Core_ZN"": 27.0, ""Perimeter_ZN_1"": 27.0, ""Perimeter_ZN_2"": 27.0, ""Perimeter_ZN_3"": 27.0, ""Perimeter_ZN_4"": 26.5}}","Adjusted setpoints for comfort/energy: zone=25.35°C, cooling→{'Core_ZN': 26.0, 'Perimeter_ZN_1': 25.5, 'Perimeter_ZN_2': 25.5, 'Perimeter_ZN_3': 25.5, 'Perimeter_ZN_4': 25.0} | night setback→27.0°C | guardrails: step-cap cooling/Perimeter_ZN_4 27.0→26.5 (Δ≤1.5)",25.34731521808358,25.71246149357062,26.07886132940096,25.737855546264278,26.290528041562794
sensor,1979-06-15 04:10,24,22.7,25.327989249027766,Core_ZN,4.038461538461539e-09,6.730769230769232e-13,1.6826923076923082e-11,,,25.327989249027766,25.685896570792174,26.05051226377745,25.71265847321571,26.26102538376389
sensor,1979-06-15 04:20,25,22.6,25.30929977534833,Core_ZN,4.038461538461539e-09,6.730769230769232e-13,1.7500000000000004e-11,,,25.30929977534833,25.659137317632453,26.021879705960096,25.687209747543797,26.231256225489147
sensor,1979-06-15 04:30,26,22.5,25.289813245254404,Core_ZN,4.038461538461539e-09,6.730769230769232e-13,1.8173076923076926e-11,,,25.289813245254404,25.6418890623074,26.028015711975527,25.683436073475594,26.21006817971606
sensor,1979-06-15 04:40,27,22.4,25.27085236473807,Core_ZN,4.038461538461539e-09,6.730769230769232e-13,1.884615384615385e-11,,,25.27085236473807,25.627140292510322,26.07509586816966,25.70141524255969,26.190688552927345
sensor,1979-06-15 04:50,28,22.3,25.253807925347296,Core_ZN,4.038461538461539e-09,6.730769230769232e-13,1.951923076923077e-11,,,25.253807925347296,25.616484201388843,26.152388162816468,25.736240962199393,26.174833615281045
sensor,1979-06-15 04:60,29,22.2,25.239405709348112,Core_ZN,4.038461538461539e-09,6.730769230769232e-13,2.0192307692307693e-11,,,25.239405709348112,25.609045619283112,26.237365873150846,25.769427595683347,26.160781768127478
sensor,1979-06-15 05:10,30,22.3,25.23690219998423,Core_ZN,4.038461538461539e-09,6.730769230769232e-13,2.0865384615384615e-11,,,25.23690219998423,25.61529012885624,26.339073300714112,25.809339714799542,26.159462501646175
sensor,1979-06-15 05:20,31,22.4,25.239722426495867,Core_ZN,4.038461538461539e-09,6.730769230769232e-13,2.1538461538461538e-11,,,25.239722426495867,25.630646368457356,26.48816183691609,25.86009953130564,26.164849994574464
sensor,1979-06-15 05:35,32,22.5,25.245506131063774,Core_ZN,4.038461538461539e-09,6.730769230769232e-13,2.221153846153846e-11,,,25.245506131063774,25.64635418687263,26.615271988552443,25.898926351546248,26.171639112623577
sensor,1979-06-15 05:45,33,22.6,25.254908089489298,Core_ZN,4.038461538461539e-09,6.730769230769232e-13,2.2884615384615382e-11,,,25.254908089489298,25.668405613884758,26.783815828679593,25.944591584467123,26.181146122884968
sensor,1979-06-15 05:55,34,22.7,25.266038105848548,Core_ZN,4.038461538461539e-09,6.730769230769232e-13,2.3557692307692304e-11,,,25.266038105848548,25.692970877578635,26.958122477805396,25.98603188557516,26.191622759807192
sensor,1979-06-15 05:65,35,22.8,25.27817746384496,Core_ZN,4.038461538461539e-09,6.730769230769232e-13,2.4230769230769227e-11,,,25.27817746384496,25.719801879399913,27.136442973968705,26.021649871477962,26.203004830463755
sensor,1979-06-15 06:15,36,23.066666666666666,25.296805766242557,Core_ZN,4.038461538461539e-09,6.730769230769232e-13,2.490384615384615e-11,,,25.296805766242557,25.75537391033636,27.327692956332363,26.051324235632837,26.222104359773553
sensor,1979-06-15 06:25,37,23.333333333333336,25.319630643899224,Core_ZN,4.038461538461539e-09,6.730769230769232e-13,2.557692307692307e-11,,,25.319630643899224,25.797796976612148,27.52541676935691,26.073590206366593,26.24625084116962
sensor,1979-06-15 06:33,38,23.6,25.341941033140152,Core_ZN,606.678360279626,0.10111306004660432,0.10111306007218125,,,25.341941033140152,25.841427924070704,27.030128394538536,26.087996881500914,26.271164294054376
sensor,1979-06-15 06:43,39,23.866666666666667,25.365772227267684,Core_ZN,627.6578284155371,0.10460963806925618,0.20572269814143743,,,25.365772227267684,25.88991212479625,27.002981394456125,26.09773045255698,26.299644288394482
sensor,1979-06-15 06:53,40,24.133333333333333,25.388128193311285,Core_ZN,644.1908116317411,0.10736513527195685,0.3130878334133943,,,25.388128193311285,25.9402328975311,27.000256491945034,26.106302806066957,26.331929812795476
sensor,1979-06-15 06:63,41,24.4,25.409034786039992,Core_ZN,4.038461538461539e-09,6.730769230769232e-13,0.3130878334140674,,,25.409034786039992,25.989566525934713,27.63544268371767,26.117082526367188,26.365648616435358
sensor,1979-06-15 07:13,42,24.599999999999998,25.427651322003005,Core_ZN,655.4106904639779,0.10923511507732964,0.422322948491397,,,25.427651322003005,26.03517384873085,27.02884907971727,26.132360245840943,26.397509741819945
sensor,1979-06-15 07:23,43,24.800000000000004,25.445538572291138,Core_ZN,693.0230806084973,0.11550384676808287,0.5378267952594799,,,25.445538572291138,26.078774747957645,27.002755050449537,26.152752168464797,26.42765885852829
sensor,1979-06-15 07:33,44,25.0,25.462497026998292,Core_ZN,702.3289029758507,0.11705481716264178,0.6548816124221216,,,25.462497026998292,26.119618332268594,27.000084485897755,26.175624021692684,26.456395981925233
sensor,1979-06-15 07:43,45,25.200000000000003,25.479662562852837,Core_ZN,4.038461538461539e-09,6.730769230769232e-13,0.6548816124227947,,,25.479662562852837,26.160301237215535,27.781860798710326,26.20089919629767,26.486373735057448
sensor,1979-06-15 07:53,46,25.400000000000002,25.496810540661155,Core_ZN,687.0389716678781,0.11450649527797968,0.7693881077007745,,,25.496810540661155,26.19949464461381,27.01844146932852,26.227427352740502,26.516471896378384
sensor,1979-06-15 07:62,47,25.6,25.514301941975408,Core_ZN,741.9344556008879,0.12365574260014797,0.8930438503009225,,,25.514301941975408,26.23782584728593,27.000973536628592,26.25533082085007,26.546860020514004
decision,1979-06-15 07:62,47,25.6,25.514301941975408,Core_ZN,741.9344556008879,0.12365574260014797,0.8930438503009225,"{""cooling"": {""Core_ZN"": 25.0, ""Perimeter_ZN_1"": 25.0, ""Perimeter_ZN_2"": 25.0, ""Perimeter_ZN_3"": 25.0, ""Perimeter_ZN_4"": 25.0}}","Adjusted setpoints for comfort/energy: zone=25.51°C, cooling→{'Core_ZN': 25.0, 'Perimeter_ZN_1': 25.0, 'Perimeter_ZN_2': 25.0, 'Perimeter_ZN_3': 25.0, 'Perimeter_ZN_4': 25.0} | guardrails: step-cap cooling/Core_ZN 25.0→25.5 (Δ≤1.5); occupied-band clip cooling/Core_ZN 25.5→25.0; step-cap cooling/Perimeter_ZN_1 24.5→25.5 (Δ≤1.5); occupied-band clip cooling/Perimeter_ZN_1 25.5→25.0",25.514301941975408,26.23782584728593,27.000973536628592,26.25533082085007,26.546860020514004
sensor,1979-06-15 08:12,48,25.783333333333335,25.0061442068706,Core_ZN,4056.5521219422567,0.6760920203237095,1.5691358706246321,,,25.0061442068706,25.015951571207744,25.042394057130956,25.016807514305253,25.03294929562011
sensor,1979-06-15 08:22,49,25.96666666666667,25.000108010092838,Core_ZN,3287.749284606558,0.547958214101093,2.117094084725725,,,25.000108010092838,25.000230892718015,26.925687551223504,25.000271222020512,25.001087084413427
sensor,1979-06-15 08:32,50,26.15,24.999966840222797,Core_ZN,4108.4123833108115,0.6847353972184687,2.8018294819441936,,,24.999966840222797,24.999842520388007,25.0473065444257,24.999852808210672,24.999881302360116
sensor,1979-06-15 08:42,51,26.333333333333332,25.199747564020704,Core_ZN,1128.0296712472423,0.1880049452078737,2.989834427152067,,,25.199747564020704,25.559389428674354,25.00200838375531,25.55251336609532,25.723192204470177
sensor,1979-06-15 08:53,52,26.516666666666666,25.388875990845207,Core_ZN,3291.2161405508587,0.5485360234251431,3.5383704505772102,,,25.388875990845207,25.00733597459095,24.99970134560772,25.007528662285623,25.016479376087762
sensor,1979-06-15 08:62,53,26.7,25.476635999149643,Core_ZN,2412.2728969333825,0.4020454828222304,3.9404159333994406,,,25.476635999149643,25.00004345967474,26.698992063099805,25.000064103086725,25.0004848083262
sensor,1979-06-15 09:12,54,26.96666666666667,25.299824287447375,Core_ZN,4116.160267487842,0.6860267112479737,4.6264426446474145,,,25.299824287447375,24.999857638362347,25.040980330874447,24.999871369820145,24.999884169174422
sensor,1979-06-15 09:23,55,27.233333333333334,25.010352019924433,Core_ZN,1875.6942207171671,0.31261570345286116,4.939058348100276,,,25.010352019924433,25.568484220217705,25.001871055226093,25.545112725610437,25.708679620119963
sensor,1979-06-15 09:33,56,27.5,25.000574997978468,Core_ZN,4061.7396415288135,0.6769566069214689,5.616014955021745,,,25.000574997978468,25.013666432921923,24.999770051811865,25.013597918752744,25.0295030543449
sensor,1979-06-15 09:42,57,27.766666666666666,25.209430116307875,Core_ZN,2443.214412698298,0.407202402116383,6.023217357138128,,,25.209430116307875,25.00018897805347,26.467434183985333,25.000216070902574,25.000961887933137
sensor,1979-06-15 09:53,58,28.033333333333335,25.43150597855843,Core_ZN,3273.05893324349,0.5455098222072483,6.568727179345376,,,25.43150597855843,24.99982600793158,25.064059209895852,24.99985562096833,24.999925839097767
sensor,1979-06-15 09:62,59,28.3,25.427726591180175,Core_ZN,2484.2295978747384,0.4140382663124563,6.982765445657832,,,25.427726591180175,25.610233144801327,25.003181344164204,25.558244389824218,25.722265993716604
sensor,1979-06-15 10:13,60,28.483333333333334,25.02475698463249,Core_ZN,4038.240882291433,0.6730401470485721,7.655805592706404,,,25.02475698463249,25.014632744648267,25.000017382619703,25.013875825930068,25.02999162074226
sensor,1979-06-15 10:22,61,28.66666666666667,25.0005219105113,Core_ZN,3345.0948469277578,0.557515807821293,8.213321400527697,,,25.0005219105113,25.00019795695981,26.208899557257066,25.00022441876457,25.000983796009606
sensor,1979-06-15 10:33,62,28.85,25.249783287489564,Core_ZN,3288.2619739663905,0.5480436623277317,8.761365062855429,,,25.249783287489564,24.99980461993513,25.05190941056908,24.99985873220883,24.999933094353715
sensor,1979-06-15 10:42,63,29.03333333333333,25.453953419513958,Core_ZN,885.979550029588,0.14766325833826466,8.909028321193693,,,25.453953419513958,25.674942074227626,25.00266633317722,25.567699186066037,25.733970355811316
sensor,1979-06-15 10:53,64,29.216666666666665,25.013813918815433,Core_ZN,3990.9014286189818,0.6651502381031635,9.574178559296858,,,25.013813918815433,25.01613777659976,25.000063943548383,25.014066577437738,25.0304332544906
sensor,1979-06-15 10:62,65,29.4,25.000272004423124,Core_ZN,3410.129263205801,0.5683548772009668,10.142533436497825,,,25.000272004423124,25.00022056841717,26.029264767787208,25.000232846073928,25.0010051540415
sensor,1979-06-15 11:13,66,29.5,24.99995735733951,Core_ZN,4156.826860560542,0.6928044767600903,10.835337913257915,,,24.99995735733951,24.999793975232386,25.042946541467934,24.999865486036462,24.999942470896286
sensor,1979-06-15 11:23,67,29.6,25.25024927902497,Core_ZN,853.1536619604287,0.14219227699340478,10.97753019025132,,,25.25024927902497,25.718808369235333,25.002237101420924,25.571381576731728,25.738948313599064
sensor,1979-06-15 11:33,68,29.7,25.47695169860394,Core_ZN,3117.116543355032,0.5195194238925053,11.497049614143826,,,25.47695169860394,25.017216826470733,25.000045116531815,25.014101939851088,25.030586674518904
sensor,1979-06-15 11:42,69,29.8,25.005304541110604,Core_ZN,3440.9003380125496,0.5734833896687582,12.070533003812585,,,25.005304541110604,25.000242564835442,25.992754533760547,25.000237876562714,25.001015654909907
sensor,1979-06-15 11:53,70,29.9,25.000261639895427,Core_ZN,4181.2318183414,0.6968719697235667,12.767404973536152,,,25.000261639895427,24.999791240854695,25.040799889603903,24.999869944311385,24.999948712872797
sensor,1979-06-15 11:62,71,30.0,24.999962061626096,Core_ZN,1711.2121386468689,0.28520202310781145,13.052606996643963,,,24.999962061626096,25.751644182034372,25.00213657466878,25.579026998320437,25.745824919723955
decision,1979-06-15 11:62,71,30.0,24.999962061626096,Core_ZN,1711.2121386468689,0.28520202310781145,13.052606996643963,"{""cooling"": {""Core_ZN"": 23.5, ""Perimeter_ZN_1"": 23.5, ""Perimeter_ZN_2"": 23.5, ""Perimeter_ZN_3"": 23.5, ""Perimeter_ZN_4"": 23.5}}","Adjusted setpoints for comfort/energy: zone=25.0°C, cooling→{'Core_ZN': 23.5, 'Perimeter_ZN_1': 23.5, 'Perimeter_ZN_2': 23.5, 'Perimeter_ZN_3': 23.5, 'Perimeter_ZN_4': 23.5} | guardrails: step-cap cooling/Core_ZN 23.0→23.5 (Δ≤1.5); step-cap cooling/Perimeter_ZN_1 23.0→23.5 (Δ≤1.5); step-cap cooling/Perimeter_ZN_2 23.0→23.5 (Δ≤1.5); step-cap cooling/Perimeter_ZN_3 23.0→23.5 (Δ≤1.5)",24.999962061626096,25.751644182034372,25.00213657466878,25.579026998320437,25.745824919723955
sensor,1979-06-15 12:12,72,30.183333333333334,25.26916117837195,Core_ZN,4001.8960327768223,0.6669826721294704,13.719589668773434,,,25.26916117837195,23.733449455669575,23.54942987602866,23.660269711709052,23.56711029707599
sensor,1979-06-15 12:22,73,30.36666666666667,23.651524197918363,Core_ZN,5191.157882213824,0.8651929803689706,14.584782649142404,,,23.651524197918363,23.504381397763044,25.227554638264543,23.503091780057886,23.501876176352273
sensor,1979-06-15 12:33,74,30.55,23.507768034836715,Core_ZN,6090.811218406962,1.015135203067827,15.59991785221023,,,23.507768034836715,23.499307598994616,23.576127906167294,23.499450808378647,23.49957093287779
sensor,1979-06-15 12:42,75,30.733333333333334,23.499829824095332,Core_ZN,2474.740662099013,0.4124567770165022,16.012374629226734,,,23.499829824095332,24.864446325564067,23.502237953744963,24.689023432357708,24.871283338825727
sensor,1979-06-15 12:53,76,30.916666666666668,24.29490122744301,Core_ZN,4172.164346003047,0.6953607243338411,16.707735353560576,,,24.29490122744301,23.585359637615035,23.499678247897545,23.51622134547486,23.53129224351096
sensor,1979-06-15 12:62,77,31.1,23.505859086857054,Core_ZN,4813.407189245536,0.8022345315409225,17.509969885101498,,,23.505859086857054,23.501362833833127,25.07277355582864,23.499951366848393,23.50075544903381
sensor,1979-06-15 13:13,78,31.200000000000003,23.499894291578194,Core_ZN,5834.163165155428,0.9723605275259046,18.4823304126274,,,23.499894291578194,23.499396276386218,23.568283706888497,23.499453296881356,23.499583776624135
sensor,1979-06-15 13:22,79,31.300000000000004,23.499743716217893,Core_ZN,2373.2931682448693,0.3955488613741449,18.877879274001547,,,23.499743716217893,24.782812523096442,23.50207667717224,24.629925957333548,24.9060328512132
sensor,1979-06-15 13:32,80,31.4,24.253361697339372,Core_ZN,4113.724822281361,0.6856208037135603,19.56350007771511,,,24.253361697339372,23.550238224975917,23.499754911351197,23.515366695704,23.531974001279224
sensor,1979-06-15 13:42,81,31.5,23.50546644294269,Core_ZN,4776.811241564992,0.7961352069274987,20.359635284642607,,,23.50546644294269,23.50069922976135,25.003335997082438,23.50000855369366,23.500736145151507
sensor,1979-06-15 13:53,82,31.6,23.49995424968928,Core_ZN,5786.717362232763,0.9644528937054604,21.324088178348067,,,23.49995424968928,23.499497500154604,23.564964409353678,23.499543365829254,23.49951270262916
sensor,1979-06-15 13:62,83,31.7,23.49978441512066,Core_ZN,2322.6415294219473,0.3871069215703245,21.711195099918392,,,23.49978441512066,24.7144628867055,23.50202055572485,24.599641614884614,25.132794180031834
sensor,1979-06-15 14:12,84,31.700000000000003,24.23576009830407,Core_ZN,4080.304283660654,0.6800507139434423,22.391245813861833,,,24.23576009830407,23.52232360553906,23.49980372403666,23.514875990301245,23.537540949758267
sensor,1979-06-15 14:22,85,31.700000000000003,23.505291278846855,Core_ZN,4806.365322842282,0.8010608871403802,23.192306701002213,,,23.505291278846855,23.500143373976616,24.9544844143784,23.500043201536936,23.50083934040046
sensor,1979-06-15 14:33,86,31.7,23.499992163430967,Core_ZN,5787.894231144655,0.9646490385241091,24.15695573952632,,,23.499992163430967,23.499538539671093,23.562673741401326,23.499597722445486,23.499417034129245
sensor,1979-06-15 14:42,87,31.700000000000003,23.499811023864613,Core_ZN,2273.9105267816562,0.37898508779694273,24.535940827323262,,,23.499811023864613,24.67113621849809,23.50197711047381,24.575840013615455,25.394223265056013
sensor,1979-06-15 14:53,88,31.7,24.213546842336296,Core_ZN,4067.990743093288,0.6779984571822146,25.21393928450548,,,24.213546842336296,23.51541147574485,23.499830883609313,23.514538280877648,23.544271275092107
sensor,1979-06-15 14:62,89,31.7,23.505142279897235,Core_ZN,4849.8113896379655,0.8083018982729941,26.022241182778473,,,23.505142279897235,23.500023769952463,24.910603317994358,23.50006104553017,23.500974047455458
sensor,1979-06-15 15:13,90,31.700000000000003,23.50001072603473,Core_ZN,5804.810239028244,0.967468373171374,26.989709555949847,,,23.50001072603473,23.499571130775255,23.560647688071697,23.49962869339857,23.499337732958896
sensor,1979-06-15 15:22,91,31.700000000000003,23.49982664325936,Core_ZN,2239.220463570907,0.3732034105951512,27.362912966545,,,23.49982664325936,24.64352934145701,23.50193132563143,24.558640698207853,25.600512704501327
sensor,1979-06-15 15:32,92,31.7,24.19962726638755,Core_ZN,4066.533284696794,0.6777555474494656,28.040668513994465,,,24.19962726638755,23.515021274259574,23.499851998834377,23.514284720403538,23.549646391105
sensor,1979-06-15 15:42,93,31.700000000000003,23.505044495668834,Core_ZN,4862.910007407277,0.8104850012345461,28.85115351522901,,,23.505044495668834,23.50003858174931,24.870233542202506,23.500075352871775,23.501137043148034
sensor,1979-06-15 15:53,94,31.7,23.500028538474364,Core_ZN,5778.546875311536,0.9630911458852559,29.814244661114266,,,23.500028538474364,23.499602924397745,23.558744185598314,23.49965725778233,23.499370694609702
sensor,1979-06-15 15:62,95,31.7,23.499841412099087,Core_ZN,2206.740307202625,0.3677900512004375,30.182034712314703,,,23.499841412099087,24.625109753116995,23.501891598241112,24.54287723306096,25.648257338781395
decision,1979-06-15 15:62,95,31.7,23.499841412099087,Core_ZN,2206.740307202625,0.3677900512004375,30.182034712314703,"{""cooling"": {""Core_ZN"": 25.0, ""Perimeter_ZN_1"": 25.0, ""Perimeter_ZN_2"": 25.0, ""Perimeter_ZN_3"": 24.5, ""Perimeter_ZN_4"": 24.5}}","Adjusted setpoints for comfort/energy: zone=23.5°C, cooling→{'Core_ZN': 25.0, 'Perimeter_ZN_1': 25.0, 'Perimeter_ZN_2': 25.0, 'Perimeter_ZN_3': 24.5, 'Perimeter_ZN_4': 24.5}",23.499841412099087,24.625109753116995,23.501891598241112,24.54287723306096,25.648257338781395
sensor,1979-06-15 16:13,96,31.6,24.18582046463311,Core_ZN,2900.2783006715194,0.48337971677858654,30.66541442909329,,,24.18582046463311,25.531334475752303,24.790776962410142,24.898736558533525,24.517644866940785
sensor,1979-06-15 16:23,97,31.500000000000004,24.808960199041525,Core_ZN,2755.3805333007826,0.4592300888834638,31.12464451797675,,,24.808960199041525,25.011539159917657,25.66107140238811,24.525192705897666,24.501262911470448
sensor,1979-06-15 16:33,98,31.4,25.07051150181724,Core_ZN,3460.0775706417535,0.5766795951069589,31.70132411308371,,,25.07051150181724,25.00064052271484,25.029557485140323,24.5014857697337,24.499825222761594
sensor,1979-06-15 16:42,99,31.300000000000004,25.174748178223926,Core_ZN,736.3981532542405,0.12273302554237342,31.824057138626085,,,25.174748178223926,25.507848728264207,25.001084605395434,25.12242322788809,26.12857951459508
sensor,1979-06-15 16:53,100,31.2,25.23967565573586,Core_ZN,3237.973961232803,0.5396623268721338,32.36371946549822,,,25.23967565573586,25.00614245297269,25.000022294100752,24.5079143667719,24.537972450136476
sensor,1979-06-15 16:63,101,31.1,25.28471727345603,Core_ZN,2826.879162647151,0.47114652710785854,32.834865992606076,,,25.28471727345603,25.00016209505842,25.701746603689404,24.50020278042349,24.501768055834294
sensor,1979-06-15 17:13,102,31.016666666666666,25.32046315613383,Core_ZN,3489.349371841994,0.5815582286403322,33.41642422124641,,,25.32046315613383,24.999948553499735,25.01622569206976,24.49991923272464,24.499863686667375
sensor,1979-06-15 17:22,103,30.933333333333337,25.34937691658935,Core_ZN,744.2143224279869,0.12403572040466448,33.54045994165107,,,25.34937691658935,25.520337162871556,25.000588152315768,25.179118122105407,26.08545300259975
sensor,1979-06-15 17:33,104,30.85,25.377428033178745,Core_ZN,3254.6975676444827,0.5424495946074137,34.082909536258484,,,25.377428033178745,25.011719502750964,25.000004450375563,24.516009708774465,24.56746237260827
sensor,1979-06-15 17:43,105,30.766666666666666,25.401574510166572,Core_ZN,2807.76902870062,0.4679615047834367,34.55087104104192,,,25.401574510166572,25.00035999265702,25.69781300459657,24.500479273079492,24.50329801260504
sensor,1979-06-15 17:53,106,30.683333333333337,25.42423722741263,Core_ZN,3444.860253346456,0.5741433755577426,35.12501441659967,,,25.42423722741263,24.99995370092281,25.029604713162236,24.499904256334716,24.50004037530462
sensor,1979-06-15 17:62,107,30.6,25.440512529949668,Core_ZN,737.3781935414039,0.12289636559023398,35.247910782189905,,,25.440512529949668,25.497622249202998,25.001079021457546,25.200067155177695,25.883708053693795
sensor,1979-06-15 18:13,108,30.400000000000002,25.452341537804067,Core_ZN,3132.866049852879,0.5221443416421464,35.77005512383205,,,25.452341537804067,25.01121013246152,25.000058481819387,24.51656540636967,24.558196170222637
sensor,1979-06-15 18:23,109,30.200000000000003,25.45899221019984,Core_ZN,2640.8511551789634,0.4401418591964939,36.210196983028546,,,25.45899221019984,25.000350710569503,25.66621991960123,24.500513345706576,24.50293401370891
sensor,1979-06-15 18:33,110,30.0,25.461687491622264,Core_ZN,3232.9913989492106,0.5388318998248685,36.749028882853416,,,25.461687491622264,24.99996573359548,25.0282367241056,24.499933088730103,24.500110815002824
sensor,1979-06-15 18:42,111,29.799999999999997,25.459970074868835,Core_ZN,717.3783654114078,0.11956306090190129,36.86859194375532,,,25.459970074868835,25.445791879967125,25.00103463787572,25.125221861365524,25.60272923735733
sensor,1979-06-15 18:53,112,29.599999999999998,25.455824846644866,Core_ZN,2978.6405972319667,0.4964400995386611,37.36503204329398,,,25.455824846644866,25.009996885292956,25.000064014927773,24.514755177115312,24.54533240034269
sensor,1979-06-15 18:63,113,29.4,25.45150940078152,Core_ZN,2458.4294479982655,0.4097382413330442,37.774770284627024,,,25.45150940078152,25.000572095245225,25.64876587257431,24.50084619536861,24.50400109934198
sensor,1979-06-15 19:13,114,29.21666666666667,25.44607140631476,Core_ZN,3057.492965411927,0.5095821609019877,38.28435244552901,,,25.44607140631476,24.999998830507415,25.029552424145123,24.49998861742195,24.50027592995606
sensor,1979-06-15 19:22,115,29.033333333333335,25.439356848299557,Core_ZN,694.826911694992,0.11580448528249866,38.400156930811505,,,25.439356848299557,25.390888152383376,25.001092153719092,25.051242565263493,25.43384503462646
sensor,1979-06-15 19:33,116,28.85,25.430549614625683,Core_ZN,2840.161093858686,0.47336018230978094,38.87351711312129,,,25.430549614625683,25.00870104642381,25.000077252541,24.51292659204328,24.537490174600766
sensor,1979-06-15 19:43,117,28.666666666666668,25.421631286022215,Core_ZN,2306.0819844858906,0.3843469974143151,39.2578641105356,,,25.421631286022215,25.000502181413452,25.59065451896661,24.50075154249209,24.503385908989266
sensor,1979-06-15 19:55,118,28.483333333333334,25.41077393973411,Core_ZN,2926.7924738715333,0.48779874564525555,39.74566285618086,,,25.41077393973411,25.00001794388694,25.0602530102834,24.50001824184033,24.500519560089366
sensor,1979-06-15 19:63,119,28.3,25.400747448113464,Core_ZN,674.5645151667252,0.1124274191944542,39.85809027537531,,,25.400747448113464,25.35755008799092,25.002999185478107,25.00424574439807,25.342654075925857
decision,1979-06-15 19:63,119,28.3,25.400747448113464,Core_ZN,674.5645151667252,0.1124274191944542,39.85809027537531,"{""cooling"": {""Core_ZN"": 27.0, ""Perimeter_ZN_1"": 27.0, ""Perimeter_ZN_2"": 27.0, ""Perimeter_ZN_3"": 27.0, ""Perimeter_ZN_4"": 27.0}}","Adjusted setpoints for comfort/energy: zone=25.4°C, cooling→{'Core_ZN': 26.0, 'Perimeter_ZN_1': 25.5, 'Perimeter_ZN_2': 25.5, 'Perimeter_ZN_3': 25.5, 'Perimeter_ZN_4': 25.9} | night setback→27.0°C",25.400747448113464,25.35755008799092,25.002999185478107,25.00424574439807,25.342654075925857
sensor,1979-06-15 20:13,120,28.116666666666667,25.38937175485302,Core_ZN,445.4663497482701,0.07424439162471168,39.93233466700002,,,25.38937175485302,25.65606493390088,25.801940180477846,25.403820981062893,25.915627444305592
sensor,1979-06-15 20:25,121,27.933333333333337,25.37945263335042,Core_ZN,4.038461538461539e-09,6.730769230769232e-13,39.932334667000696,,,25.37945263335042,25.783872770601633,26.13388458834919,25.58311937278197,26.145993285890818
sensor,1979-06-15 20:35,122,27.75,25.372943266559773,Core_ZN,4.038461538461539e-09,6.730769230769232e-13,39.93233466700137,,,25.372943266559773,25.82299919648029,26.1593835835902,25.64535414886183,26.228530065863865
sensor,1979-06-15 20:45,123,27.56666666666667,25.36778196788225,Core_ZN,4.038461538461539e-09,6.730769230769232e-13,39.932334667002046,,,25.36778196788225,25.83881474265145,26.180116618388112,25.674998960685436,26.270540473519283
sensor,1979-06-15 20:55,124,27.383333333333333,25.363093766131612,Core_ZN,4.038461538461539e-09,6.730769230769232e-13,39.93233466700272,,,25.363093766131612,25.844662062591702,26.193227159643644,25.690796629283756,26.296204356797244
sensor,1979-06-15 20:65,125,27.2,25.35816891006554,Core_ZN,4.038461538461539e-09,6.730769230769232e-13,39.932334667003396,,,25.35816891006554,25.84527542093504,26.20093134908562,25.69948981011188,26.31319252721392
sensor,1979-06-15 21:15,126,27.016666666666666,25.352611832187648,Core_ZN,4.038461538461539e-09,6.730769230769232e-13,39.93233466700407,,,25.352611832187648,25.843576640678602,26.205240919923394,25.704570384229466,26.32546363928947
sensor,1979-06-15 21:20,127,26.833333333333336,25.343552953495934,Core_ZN,4.038461538461539e-09,6.730769230769232e-13,39.932334667004746,,,25.343552953495934,25.839301571730676,26.20681150859348,25.707463326156702,26.335582641815762
sensor,1979-06-15 21:30,128,26.65,25.33516427589573,Core_ZN,4.038461538461539e-09,6.730769230769232e-13,39.93233466700542,,,25.33516427589573,25.833777724757763,26.205106037874717,25.707344261133674,26.34035552394804
sensor,1979-06-15 21:40,129,26.46666666666667,25.326504647534993,Core_ZN,4.038461538461539e-09,6.730769230769232e-13,39.932334667006096,,,25.326504647534993,25.826750864036065,26.201154292512328,25.70537847768123,26.34239648027255
sensor,1979-06-15 21:50,130,26.283333333333335,25.31747442397025,Core_ZN,4.038461538461539e-09,6.730769230769232e-13,39.93233466700677,,,25.31747442397025,25.818346651673263,26.195204372993306,25.701759445951616,26.3419970701085
sensor,1979-06-15 21:60,131,26.1,25.30793257927319,Core_ZN,4.038461538461539e-09,6.730769230769232e-13,39.932334667007446,,,25.30793257927319,25.80866565583559,26.18745759129908,25.696634469658772,26.33938391672465
sensor,1979-06-15 22:10,132,26.01666666666667,25.30228998799513,Core_ZN,4.038461538461539e-09,6.730769230769232e-13,39.93233466700812,,,25.30228998799513,25.801856309734628,26.182527326862267,25.69419434310321,26.338999969858484
sensor,1979-06-15 22:20,133,25.933333333333337,25.297946177861867,Core_ZN,4.038461538461539e-09,6.730769230769232e-13,39.932334667008796,,,25.297946177861867,25.795430012273982,26.17750359812654,25.691967449405315,26.338073596667897
sensor,1979-06-15 22:30,134,25.85,25.29399376236913,Core_ZN,4.038461538461539e-09,6.730769230769232e-13,39.93233466700947,,,25.29399376236913,25.788738558830737,26.17182627028788,25.689314462909206,26.336101726930785
sensor,1979-06-15 22:40,135,25.766666666666666,25.29005135723116,Core_ZN,4.038461538461539e-09,6.730769230769232e-13,39.932334667010146,,,25.29005135723116,25.78158217808398,26.165375745613005,25.686046114270116,26.332998821451483
sensor,1979-06-15 22:50,136,25.683333333333337,25.285952738958205,Core_ZN,4.038461538461539e-09,6.730769230769232e-13,39.93233466701082,,,25.285952738958205,25.77390234104086,26.15814968700831,25.682114351519186,26.328788154620174
sensor,1979-06-15 22:60,137,25.6,25.28161927569261,Core_ZN,4.038461538461539e-09,6.730769230769232e-13,39.932334667011496,,,25.28161927569261,25.76568541631332,26.15017448885891,25.677511503241227,26.32351815662774
sensor,1979-06-15 23:10,138,25.5,25.347452214586063,Core_ZN,4.038461538461539e-09,6.730769230769232e-13,39.93233466701217,,,25.347452214586063,25.82449899645096,26.206188679832064,25.739915725917545,26.381744827074254
sensor,1979-06-15 23:20,139,25.400000000000002,25.374364013468117,Core_ZN,4.038461538461539e-09,6.730769230769232e-13,39.932334667012846,,,25.374364013468117,25.841092694270344,26.218509217257054,25.76003524182717,26.395853423193977
sensor,1979-06-15 23:30,140,25.3,25.385678907691766,Core_ZN,4.038461538461539e-09,6.730769230769232e-13,39.93233466701352,,,25.385678907691766,25.84447326212325,26.219493305589648,25.766712007286856,26.398650973049165
sensor,1979-06-15 23:40,141,25.2,25.390137006065267,Core_ZN,4.038461538461539e-09,6.730769230769232e-13,39.932334667014196,,,25.390137006065267,25.842589579848,26.216163658383888,25.767971099597126,26.397020160685642
sensor,1979-06-15 23:50,142,25.1,25.39123362616531,Core_ZN,4.038461538461539e-09,6.730769230769232e-13,39.93233466701487,,,25.39123362616531,25.838140839399756,26.210646103589657,25.766558162362287,26.39302882188063
sensor,1979-06-15 23:60,143,25.0,25.390406807223833,Core_ZN,4.038461538461539e-09,6.730769230769232e-13,39.932334667015546,,,25.390406807223833,25.832094509068753,26.203640736269154,25.76346420607188,26.3873619287475
decision,1979-06-15 23:60,143,25.0,25.390406807223833,Core_ZN,4.038461538461539e-09,6.730769230769232e-13,39.932334667015546,"{""cooling"": {""Core_ZN"": 27.0, ""Perimeter_ZN_1"": 27.0, ""Perimeter_ZN_2"": 27.0, ""Perimeter_ZN_3"": 27.0, ""Perimeter_ZN_4"": 27.0}}","Adjusted setpoints for comfort/energy: zone=25.39°C, cooling→{'Core_ZN': 26.0, 'Perimeter_ZN_1': 25.5, 'Perimeter_ZN_2': 26.0, 'Perimeter_ZN_3': 25.8, 'Perimeter_ZN_4': 25.9} | night setback→27.0°C",25.390406807223833,25.832094509068753,26.203640736269154,25.76346420607188,26.3873619287475
sensor,1979-06-16 00:10,144,24.81666666666667,25.3846567915111,Core_ZN,4.038461538461539e-09,6.730769230769232e-13,39.93233466701622,,,25.3846567915111,25.820553399492823,26.19116185667975,25.755154469558864,26.376013047999486
sensor,1979-06-16 00:20,145,24.633333333333333,25.376366279199807,Core_ZN,4.038461538461539e-09,6.730769230769232e-13,39.932334667016896,,,25.376366279199807,25.806442936978943,26.17629656908295,25.744342719404543,26.362125710067957
sensor,1979-06-16 00:30,146,24.45,25.366494092662276,Core_ZN,4.038461538461539e-09,6.730769230769232e-13,39.93233466701757,,,25.366494092662276,25.790615481699437,26.159783753237797,25.731829055893762,26.34643832462783
sensor,1979-06-16 00:40,147,24.266666666666666,25.355436261475308,Core_ZN,4.038461538461539e-09,6.730769230769232e-13,39.932334667018246,,,25.355436261475308,25.77340758371949,26.14190392711912,25.717931940303178,26.329238145610702
sensor,1979-06-16 00:50,148,24.083333333333336,25.343380330534277,Core_ZN,4.038461538461539e-09,6.730769230769232e-13,39.93233466701892,,,25.343380330534277,25.75498193537185,26.12280054112959,25.702795148297138,26.31068012509188
sensor,1979-06-16 00:60,149,23.9,25.330428576710638,Core_ZN,4.038461538461539e-09,6.730769230769232e-13,39.932334667019596,,,25.330428576710638,25.73541950269923,26.10256956606421,25.686595287418218,26.290873120503235
sensor,1979-06-16 01:10,150,23.8,25.32031692288175,Core_ZN,4.038461538461539e-09,6.730769230769232e-13,39.93233466702027,,,25.32031692288175,25.7191217101761,26.085567883309437,25.673354203442095,26.274168280956584
sensor,1979-06-16 01:20,151,23.7,25.310975086452967,Core_ZN,4.038461538461539e-09,6.730769230769232e-13,39.932334667020946,,,25.310975086452967,25.70348190180263,26.06895738572569,25.66063246152774,26.257713725956826
sensor,1979-06-16 01:30,152,23.6,25.30170148624373,Core_ZN,4.038461538461539e-09,6.730769230769232e-13,39.93233466702162,,,25.30170148624373,25.687793322791943,26.05213441586689,25.6477766510568,26.240934341315448
sensor,1979-06-16 01:40,153,23.5,25.292220653674438,Core_ZN,4.038461538461539e-09,6.730769230769232e-13,39.932334667022296,,,25.292220653674438,25.671824621834478,26.034932470593212,25.634577077660722,26.223679627817933
sensor,1979-06-16 01:50,154,23.4,25.28242663527735,Core_ZN,4.038461538461539e-09,6.730769230769232e-13,39.93233466702297,,,25.28242663527735,25.65549788492944,26.01730678418625,25.62096706358819,26.205915211221583
sensor,1979-06-16 01:60,155,23.3,25.27228007153147,Core_ZN,4.038461538461539e-09,6.730769230769232e-13,39.932334667023646,,,25.27228007153147,25.63878710357548,25.999247827065524,25.60692764418913,26.18763948878972
sensor,1979-06-16 02:10,156,23.116666666666667,25.258055821063156,Core_ZN,4.038461538461539e-09,6.730769230769232e-13,39.93233466702432,,,25.258055821063156,25.61746071888441,25.976485735336308,25.588527854944996,26.164607808971216
sensor,1979-06-16 02:20,157,22.933333333333334,25.24185377571363,Core_ZN,4.038461538461539e-09,6.730769230769232e-13,39.932334667024996,,,25.24185377571363,25.594144012180813,25.951876885023445,25.568225689497293,26.139710288719634
sensor,1979-06-16 02:30,158,22.75,25.224424279884524,Core_ZN,4.038461538461539e-09,6.730769230769232e-13,39.93233466702567,,,25.224424279884524,25.56958290725871,25.926099651282527,25.546721420909606,26.113606825073948
sensor,1979-06-16 02:40,159,22.566666666666666,25.206080958240413,Core_ZN,4.038461538461539e-09,6.730769230769232e-13,39.932334667026346,,,25.206080958240413,25.544061592227635,25.899379793829702,25.52428254441844,26.08651573852952
sensor,1979-06-16 02:50,160,22.383333333333333,25.18695773663715,Core_ZN,4.038461538461539e-09,6.730769230769232e-13,39.93233466702702,,,25.18695773663715,25.51775501983431,25.87180970380654,25.50106821766006,26.058527180864015
sensor,1979-06-16 02:60,161,22.2,25.167111396195175,Core_ZN,4.038461538461539e-09,6.730769230769232e-13,39.932334667027696,,,25.167111396195175,25.49072349804746,25.843433421024624,25.477136802695142,26.02968867889638
sensor,1979-06-16 03:10,162,22.116666666666667,25.151135553667572,Core_ZN,4.038461538461539e-09,6.730769230769232e-13,39.93233466702837,,,25.151135553667572,25.468201226284698,25.819545543080682,25.457334404260198,26.005282039409465
sensor,1979-06-16 03:20,163,22.03333333333333,25.136602394673737,Core_ZN,4.038461538461539e-09,6.730769230769232e-13,39.932334667029046,,,25.136602394673737,25.447033528911092,25.79677679869466,25.438720682543707,25.981899230733934
sensor,1979-06-16 03:30,164,21.95,25.122591328450625,Core_ZN,4.038461538461539e-09,6.730769230769232e-13,39.93233466702972,,,25.122591328450625,25.426284514971282,25.774269131271197,25.420430723038265,25.958718680022336
sensor,1979-06-16 03:40,165,21.866666666666667,25.108687215562973,Core_ZN,4.038461538461539e-09,6.730769230769232e-13,39.932334667030396,,,25.108687215562973,25.40561102190214,25.751737589598097,25.402152659342647,25.93547601919899
sensor,1979-06-16 03:50,166,21.78333333333333,25.09472067233191,Core_ZN,4.038461538461539e-09,6.730769230769232e-13,39.93233466703107,,,25.09472067233191,25.384873847249715,25.7290721421971,25.383763198573675,25.91207128553727
sensor,1979-06-16 03:60,167,21.7,25.080618373889244,Core_ZN,4.038461538461539e-09,6.730769230769232e-13,39.932334667031746,,,25.080618373889244,25.364008343701723,25.706219733659225,25.365207108235076,25.888456144643715
decision,1979-06-16 03:60,167,21.7,25.080618373889244,Core_ZN,4.038461538461539e-09,6.730769230769232e-13,39.932334667031746,"{""cooling"": {""Core_ZN"": 27.0, ""Perimeter_ZN_1"": 27.0, ""Perimeter_ZN_2"": 27.0, ""Perimeter_ZN_3"": 27.0, ""Perimeter_ZN_4"": 27.0}}","Adjusted setpoints for comfort/energy: zone=25.08°C, cooling→{'Core_ZN': 26.0, 'Perimeter_ZN_1': 25.5, 'Perimeter_ZN_2': 25.5, 'Perimeter_ZN_3': 25.5, 'Perimeter_ZN_4': 25.5} | night setback→27.0°C",25.080618373889244,25.364008343701723,25.706219733659225,25.365207108235076,25.888456144643715
sensor,1979-06-16 04:10,168,21.516666666666666,25.072915879186,Core_ZN,4.038461538461539e-09,6.730769230769232e-13,39.93233466703242,,,25.072915879186,25.348562535914944,25.688317593966183,25.352465232029076,25.869797373166456
sensor,1979-06-16 04:20,169,21.333333333333336,25.060877709367556,Core_ZN,4.038461538461539e-09,6.730769230769232e-13,39.932334667033096,,,25.060877709367556,25.327299713920937,25.66450878487566,25.333995612176658,25.845227448184406
sensor,1979-06-16 04:30,170,21.15,25.04458792241026,Core_ZN,4.038461538461539e-09,6.730769230769232e-13,39.93233466703377,,,25.04458792241026,25.31241835705969,25.663339930080646,25.329785911991745,25.82593511815911
sensor,1979-06-16 04:40,171,20.96666666666667,25.026663807296853,Core_ZN,4.038461538461539e-09,6.730769230769232e-13,39.932334667034446,,,25.026663807296853,25.29871765319555,25.70499670770627,25.34799698810955,25.80683900047919
sensor,1979-06-16 04:50,172,20.783333333333335,25.00896297498145,Core_ZN,4.038461538461539e-09,6.730769230769232e-13,39.93233466703512,,,25.00896297498145,25.285928348257464,25.76413396906408,25.372117304209944,25.789071782822493
sensor,1979-06-16 04:60,173,20.6,24.992479528651224,Core_ZN,4.038461538461539e-09,6.730769230769232e-13,39.932334667035796,,,24.992479528651224,25.276223921329816,25.837689701308044,25.40337080348277,25.77435567067959
sensor,1979-06-16 05:13,174,20.783333333333335,25.371729078257925,Core_ZN,2304.9435017163796,0.3841572502860633,40.31649191732186,,,25.371729078257925,25.65646182143469,26.41126828038579,25.80443704797625,26.271502614493603
sensor,1979-06-16 05:20,175,20.96666666666667,25.685631635622354,Core_ZN,2302.740983739673,0.3837901639566122,40.70028208127847,,,25.685631635622354,25.951026988450998,26.837894265996788,26.13061733389069,26.603803937502587
sensor,1979-06-16 05:30,176,21.15,25.772048857740323,Core_ZN,2321.883309165125,0.38698055152752076,41.087262632805995,,,25.772048857740323,26.044879797061622,26.946265186933825,26.235830629733776,26.71835604048747
sensor,1979-06-16 05:45,177,21.333333333333332,25.871953061881364,Core_ZN,2283.1849149537434,0.3805308191589572,41.46779345196495,,,25.871953061881364,26.15326146748069,26.99326930979165,26.3661578168818,26.84576085521508
sensor,1979-06-16 05:55,178,21.516666666666666,25.945193533920587,Core_ZN,2291.143582390814,0.38185726373180234,41.849650715696754,,,25.945193533920587,26.238404473688597,26.99894878627073,26.46725175891647,26.953186252519135
sensor,1979-06-16 05:65,179,21.7,25.997263808292296,Core_ZN,2329.2976961814807,0.38821628269691344,42.23786699839367,,,25.997263808292296,26.307658039070546,26.999992959139433,26.550443105684646,27.011349769719633
sensor,1979-06-16 06:13,180,22.066666666666666,25.90542760571452,Core_ZN,2297.4930335414965,0.3829155055902494,42.62078250398392,,,25.90542760571452,26.22243254450317,27.00017515969426,26.458883857568907,26.92117887319081
sensor,1979-06-16 06:23,181,22.433333333333334,25.891856938810328,Core_ZN,2323.355081952067,0.3872258469920111,43.00800835097593,,,25.891856938810328,26.224605109502424,27.000248599358887,26.44466195417714,26.929583584816704
sensor,1979-06-16 06:33,182,22.799999999999997,25.933980151579547,Core_ZN,2347.3435724130863,0.39122392873551437,43.39923227971144,,,25.933980151579547,26.288942325772084,27.000110789620866,26.485881352050466,26.986996393776014
sensor,1979-06-16 06:43,183,23.166666666666664,25.989042324047585,Core_ZN,2383.18586652085,0.3971976444201417,43.79642992413158,,,25.989042324047585,26.369558544001684,27.000011181644012,26.537429923806663,26.999167637935997
sensor,1979-06-16 06:53,184,23.533333333333335,26.049539711753198,Core_ZN,2418.0310470815584,0.403005174513593,44.199435098645175,,,26.049539711753198,26.458060458218995,26.999994670175358,26.591832985979224,27.000046519338834
sensor,1979-06-16 06:63,185,23.9,26.11022631607342,Core_ZN,2450.985148826678,0.40849752480444634,44.60793262344962,,,26.11022631607342,26.54786209249197,26.999992624228764,26.649099473453155,27.000143440893186
sensor,1979-06-16 07:13,186,24.083333333333336,26.562649596549427,Core_ZN,2942.380134580027,0.49039668909667117,45.09832931254629,,,26.562649596549427,26.939767109589024,26.999896329403526,26.969990930273966,26.999967500764523
sensor,1979-06-16 07:23,187,24.266666666666666,26.924337276129975,Core_ZN,3024.9681399956726,0.5041613566659454,45.60249066921224,,,26.924337276129975,26.997813456203826,26.999855842691623,26.998853406043807,26.999949843909988
sensor,1979-06-16 07:33,188,24.45,26.997404040626265,Core_ZN,3220.966577199771,0.5368277628666285,46.139318432078866,,,26.997404040626265,26.9998802577273,26.9998271430782,26.99991643481315,26.99993981316285
sensor,1979-06-16 07:43,189,24.633333333333333,26.999894024846217,Core_ZN,3356.2772842065533,0.5593795473677589,46.69869797944663,,,26.999894024846217,26.999939233795253,26.999804295406157,26.99994260865325,26.999930608504627
sensor,1979-06-16 07:53,190,24.816666666666666,26.999965662837997,Core_ZN,3469.8202210207583,0.5783033701701263,47.277001349616754,,,26.999965662837997,26.999925213564236,26.99978524051444,26.999929609307866,26.999922248196945
sensor,1979-06-16 07:62,191,25.0,26.999955469258545,Core_ZN,3569.0493758237503,0.5948415626372917,47.871842912254046,,,26.999955469258545,26.999909343399718,26.999769822167096,26.99991568011708,26.999914433688883
decision,1979-06-16 07:62,191,25.0,26.999955469258545,Core_ZN,3569.0493758237503,0.5948415626372917,47.871842912254046,"{""cooling"": {""Core_ZN"": 25.0, ""Perimeter_ZN_1"": 25.0, ""Perimeter_ZN_2"": 25.0, ""Perimeter_ZN_3"": 25.0, ""Perimeter_ZN_4"": 25.0}}","Adjusted setpoints for comfort/energy: zone=27.0°C, cooling→{'Core_ZN': 25.0, 'Perimeter_ZN_1': 25.0, 'Perimeter_ZN_2': 25.0, 'Perimeter_ZN_3': 25.0, 'Perimeter_ZN_4': 25.0} | guardrails: step-cap cooling/Core_ZN 25.0→25.5 (Δ≤1.5); occupied-band clip cooling/Core_ZN 25.5→25.0; step-cap cooling/Perimeter_ZN_1 25.0→25.5 (Δ≤1.5); occupied-band clip cooling/Perimeter_ZN_1 25.5→25.0",26.999955469258545,26.999909343399718,26.999769822167096,26.99991568011708,26.999914433688883
sensor,1979-06-16 08:12,192,25.283333333333335,25.162207715269794,Core_ZN,5582.14557080143,0.9303575951335716,48.80220050738762,,,25.162207715269794,25.154922278777097,25.08356395263585,25.145266757130727,25.042513645641474
sensor,1979-06-16 08:23,193,25.566666666666666,25.004798115736357,Core_ZN,6164.0603516921055,1.0273433919486843,49.8295438993363,,,25.004798115736357,25.004552812295906,25.003460021179375,25.004465688944087,25.001732156855162
sensor,1979-06-16 08:32,194,25.85,24.999624791270342,Core_ZN,6048.997607514358,1.0081662679190595,50.83771016725536,,,24.999624791270342,24.999545025432766,24.999530801364415,24.999595422258544,24.999684032732812
sensor,1979-06-16 08:42,195,26.133333333333333,24.99950168533547,Core_ZN,6025.203412553409,1.0042005687589015,51.84191073601426,,,24.99950168533547,24.999444673512215,24.999413758364494,24.999487629146323,24.999620137978916
sensor,1979-06-16 08:53,196,26.416666666666664,24.999535363581494,Core_ZN,6024.722572679006,1.0041204287798342,52.8460311647941,,,24.999535363581494,24.999495038170856,24.99947652144647,24.9995333838905,24.999651801374764
sensor,1979-06-16 08:62,197,26.7,24.99956380918741,Core_ZN,6041.541331201974,1.0069235552003288,53.85295471999443,,,24.99956380918741,24.999534779480005,24.999528054751813,24.999570423766517,24.999677995501816
sensor,1979-06-16 09:12,198,26.883333333333333,24.999581587297264,Core_ZN,6048.793459763792,1.0081322432939652,54.86108696328839,,,24.999581587297264,24.999558788237398,24.999560955100478,24.999593755396713,24.99969463174328
sensor,1979-06-16 09:23,199,27.066666666666666,24.99948158397727,Core_ZN,6064.272120807589,1.010712020134598,55.87179898342299,,,24.99948158397727,24.999457323522485,24.999504930397535,24.99950379234746,24.999627266897242
sensor,1979-06-16 09:33,200,27.25,24.999487634481806,Core_ZN,6084.998715038623,1.014166452506437,56.88596543592943,,,24.999487634481806,24.999473600140007,24.99950399473997,24.999517983339683,24.99963763204981
sensor,1979-06-16 09:43,201,27.43333333333333,24.99949487120758,Core_ZN,6105.824571753631,1.0176374286256051,57.90360286455503,,,24.99949487120758,24.999483184403854,24.999526062670466,24.999528512098962,24.99964412433158
sensor,1979-06-16 09:55,202,27.616666666666667,24.99933188845307,Core_ZN,6126.132023086503,1.0210220038477504,58.92462486840278,,,24.99933188845307,24.999329607427192,24.9994812077804,24.99939431306173,24.99955545601999
sensor,1979-06-16 09:65,203,27.8,24.999304420324655,Core_ZN,6150.719920693739,1.0251199867822898,59.949744855185074,,,24.999304420324655,24.999304599197693,24.999421564528067,24.99936964497855,24.99952872970117
sensor,1979-06-16 10:15,204,27.983333333333334,24.999298889061574,Core_ZN,6177.986346099615,1.0296643910166023,60.979409246201676,,,24.999298889061574,24.999291305894765,24.999428768509567,24.999364844450838,24.999522983764713
sensor,1979-06-16 10:25,205,28.166666666666668,24.99928063494496,Core_ZN,6208.191326898393,1.0346985544830654,62.01410780068474,,,24.99928063494496,24.999279626239634,24.999447327960553,24.99936258303888,24.999520910149357
sensor,1979-06-16 10:35,206,28.35,24.999272161944788,Core_ZN,6238.566888028182,1.0397611480046969,63.05386894868944,,,24.999272161944788,24.999267854913796,24.999467045597044,24.99936016743034,24.99951907881903
sensor,1979-06-16 10:43,207,28.53333333333333,24.99948777976866,Core_ZN,6271.884066504765,1.0453140110841272,64.09918295977357,,,24.99948777976866,24.999457999214826,24.999670079565192,24.99954363814672,24.999654467006415
sensor,1979-06-16 10:55,208,28.716666666666665,24.999305494577925,Core_ZN,6307.742686919366,1.0512904478198943,65.15047340759347,,,24.999305494577925,24.999275488673224,24.9996099516533,24.999396158870418,24.999558080556803
sensor,1979-06-16 10:65,209,28.9,24.999259663019913,Core_ZN,6354.11520123063,1.059019200205105,66.20949260779857,,,24.999259663019913,24.999237276253112,24.999515321432387,24.999354267770663,24.99951845778828
sensor,1979-06-16 11:15,210,29.083333333333332,24.999461423181497,Core_ZN,6118.272645108539,1.0197121075180897,67.22920471531665,,,24.999461423181497,24.999440072128365,24.999650736277644,24.99953997265575,24.99965880101206
sensor,1979-06-16 11:25,211,29.26666666666667,24.99946410021648,Core_ZN,6140.098584334628,1.0233497640557712,68.25255447937242,,,24.99946410021648,24.99946833839352,24.999676608078392,24.999564859898776,24.999682715759963
sensor,1979-06-16 11:35,212,29.45,24.999459157748753,Core_ZN,6167.505740608536,1.027917623434756,69.28047210280718,,,24.999459157748753,24.999474124178246,24.999681676726283,24.999569956597217,24.999687299489842
sensor,1979-06-16 11:45,213,29.633333333333333,24.999454926213325,Core_ZN,6196.754029614255,1.0327923382690425,70.31326444107623,,,24.999454926213325,24.999476851393034,24.999683557354956,24.999572425665647,24.99968911293925
sensor,1979-06-16 11:55,214,29.816666666666666,24.999450777047493,Core_ZN,6227.440118044475,1.0379066863407458,71.35117112741698,,,24.999450777047493,24.999478692789374,24.999684278012396,24.999573566764056,24.999689982570438
sensor,1979-06-16 11:65,215,30.0,24.99944683177748,Core_ZN,6259.137296024547,1.0431895493374244,72.3943606767544,,,24.99944683177748,24.999480157585594,24.999684389645985,24.99957380768719,24.99969033230306
decision,1979-06-16 11:65,215,30.0,24.99944683177748,Core_ZN,6259.137296024547,1.0431895493374244,72.3943606767544,"{""cooling"": {""Core_ZN"": 23.5, ""Perimeter_ZN_1"": 23.5, ""Perimeter_ZN_2"": 23.5, ""Perimeter_ZN_3"": 23.5, ""Perimeter_ZN_4"": 23.5}}","Adjusted setpoints for comfort/energy: zone=25.0°C, cooling→{'Core_ZN': 23.5, 'Perimeter_ZN_1': 23.5, 'Perimeter_ZN_2': 23.5, 'Perimeter_ZN_3': 23.5, 'Perimeter_ZN_4': 23.5} | guardrails: step-cap cooling/Core_ZN 23.0→23.5 (Δ≤1.5); step-cap cooling/Perimeter_ZN_1 23.0→23.5 (Δ≤1.5); step-cap cooling/Perimeter_ZN_2 23.0→23.5 (Δ≤1.5); step-cap cooling/Perimeter_ZN_3 23.0→23.5 (Δ≤1.5)",24.99944683177748,24.999480157585594,24.999684389645985,24.99957380768719,24.99969033230306
sensor,1979-06-16 12:12,216,30.1,23.660457679758746,Core_ZN,8603.316823920193,1.4338861373200322,73.82824681407443,,,23.660457679758746,23.777266995038072,23.548662940955936,23.67288256304466,23.547643705341105
sensor,1979-06-16 12:25,217,30.200000000000003,23.514942495354447,Core_ZN,9166.430810729653,1.527738468454942,75.35598528252937,,,23.514942495354447,23.52735033260906,23.5067556723495,23.517302036674234,23.50649860949337
sensor,1979-06-16 12:35,218,30.3,23.49988173235686,Core_ZN,8857.150043775333,1.4761916739625554,76.83217695649194,,,23.49988173235686,23.501169412091315,23.50021254273811,23.500457045253675,23.50016425209632
sensor,1979-06-16 12:40,219,30.4,23.497492519557724,Core_ZN,8729.260962892926,1.454876827148821,78.28705378364076,,,23.497492519557724,23.49769681404897,23.498787643380616,23.49797859100773,23.498771725124257
sensor,1979-06-16 12:50,220,30.500000000000004,23.497617248584458,Core_ZN,8623.114140729298,1.4371856901215496,79.72423947376231,,,23.497617248584458,23.497861114284515,23.498806658946023,23.498125077768353,23.49880631791216
sensor,1979-06-16 12:60,221,30.6,23.497783649810053,Core_ZN,8552.92449881702,1.425487416469503,81.14972689023182,,,23.497783649810053,23.498065387603262,23.498862580824312,23.49829158987194,23.498865832439822
sensor,1979-06-16 13:10,222,30.683333333333337,23.497919129515537,Core_ZN,8509.088002571696,1.4181813337619493,82.56790822399377,,,23.497919129515537,23.49822609081656,23.4989158208507,23.498421084786482,23.49890913692154
sensor,1979-06-16 13:20,223,30.76666666666667,23.498011091160226,Core_ZN,8481.53176623878,1.4135886277064635,83.98149685170023,,,23.498011091160226,23.498329808304867,23.498952080862257,23.498501575454668,23.49891967310118
sensor,1979-06-16 13:30,224,30.85,23.498161150553432,Core_ZN,8468.551009897523,1.4114251683162538,85.39292202001648,,,23.498161150553432,23.49840176506937,23.498977400238537,23.498554822178342,23.498911177892104
sensor,1979-06-16 13:40,225,30.933333333333337,23.498239767265027,Core_ZN,8464.42781306336,1.4107379688438932,86.80365998886037,,,23.498239767265027,23.498454176264328,23.498995555947122,23.498590973662594,23.498892610783383
sensor,1979-06-16 13:55,226,31.016666666666666,23.498843015360677,Core_ZN,8465.119268658089,1.4108532114430148,88.21451320030339,,,23.498843015360677,23.49896519788824,23.499281378911007,23.49903268435151,23.499086287186742
sensor,1979-06-16 13:65,227,31.1,23.498921558425167,Core_ZN,8477.102116387257,1.4128503527312095,89.6273635530346,,,23.498921558425167,23.498998864190153,23.49931667494492,23.49907454613788,23.49914301102424
sensor,1979-06-16 14:15,228,31.1,23.498924245773452,Core_ZN,8465.743708448883,1.4109572847414804,91.03832083777608,,,23.498924245773452,23.498984880441004,23.49931584926569,23.49906351789379,23.499124116800168
sensor,1979-06-16 14:25,229,31.100000000000005,23.49892578909816,Core_ZN,8453.580008241728,1.4089300013736212,92.4472508391497,,,23.49892578909816,23.498975370162,23.49931449464264,23.499054774181662,23.499099933890548
sensor,1979-06-16 14:35,230,31.1,23.498926557039425,Core_ZN,8441.607352699706,1.4069345587832842,93.85418539793298,,,23.498926557039425,23.49896995529351,23.499314685730923,23.499049190178912,23.499078354994012
sensor,1979-06-16 14:45,231,31.1,23.498927905060093,Core_ZN,8423.679785827988,1.403946630971331,95.25813202890431,,,23.498927905060093,23.49897015509392,23.49931742426798,23.499048052019003,23.499066319032785
sensor,1979-06-16 14:55,232,31.1,23.498930084313884,Core_ZN,8403.536553747412,1.4005894256245686,96.65872145452889,,,23.498930084313884,23.49897241593259,23.499321520002518,23.499049180462713,23.499059588007007
sensor,1979-06-16 14:65,233,31.1,23.498932959852063,Core_ZN,8382.278700585275,1.3970464500975457,98.05576790462644,,,23.498932959852063,23.4989749764909,23.499326439321237,23.499051725132826,23.49905698497887
sensor,1979-06-16 15:15,234,31.1,23.498949314459544,Core_ZN,8365.665734489972,1.3942776224149953,99.45004552704142,,,23.498949314459544,23.498992674146354,23.4993385006955,23.499068645999586,23.499068794349768
sensor,1979-06-16 15:25,235,31.100000000000005,23.49893336439744,Core_ZN,8348.685316402263,1.3914475527337107,100.84149307977513,,,23.49893336439744,23.49900676047535,23.49934830684947,23.499082280438103,23.49908439423697
sensor,1979-06-16 15:35,236,31.1,23.498931441785295,Core_ZN,8320.258127263382,1.38670968787723,102.22820276765236,,,23.498931441785295,23.49901909841727,23.499357018080982,23.49909428576633,23.499113606401377
sensor,1979-06-16 15:45,237,31.1,23.498933266790985,Core_ZN,8302.472505971908,1.3837454176619846,103.61194818531435,,,23.498933266790985,23.499029462566057,23.499364538377456,23.49910439954251,23.49911985166466
sensor,1979-06-16 15:55,238,31.1,23.498935407520985,Core_ZN,8287.248804865354,1.3812081341442257,104.99315631945858,,,23.498935407520985,23.499038322922402,23.499371251303167,23.499113060848103,23.499120843039456
sensor,1979-06-16 15:65,239,31.1,23.49893753013164,Core_ZN,8282.926162068397,1.3804876936780661,106.37364401313664,,,23.49893753013164,23.49904426567132,23.499376432906523,23.49911918844459,23.49910682519154
decision,1979-06-16 15:65,239,31.1,23.49893753013164,Core_ZN,8282.926162068397,1.3804876936780661,106.37364401313664,"{""cooling"": {""Core_ZN"": 25.0, ""Perimeter_ZN_1"": 25.0, ""Perimeter_ZN_2"": 25.0, ""Perimeter_ZN_3"": 25.0, ""Perimeter_ZN_4"": 25.0}, ""heating"": {""Core_ZN"": 21.0, ""Perimeter_ZN_1"": 21.0, ""Perimeter_ZN_2"": 21.0, ""Perimeter_ZN_3"": 21.0, ""Perimeter_ZN_4"": 21.0}}","Heuristic fallback (rate-limit): Edge OK (margin=1.5, trend=stable) multi-zone x5",23.49893753013164,23.49904426567132,23.499376432906523,23.49911918844459,23.49910682519154
sensor,1979-06-16 16:13,240,31.016666666666666,24.769626898540672,Core_ZN,5098.131761518167,0.8496886269196945,107.22333264005634,,,24.769626898540672,24.88273334859236,24.90972896693672,24.870208080291707,24.952364399141928
sensor,1979-06-16 16:25,241,30.933333333333337,24.969863199497055,Core_ZN,5064.37346206343,0.8440622436772385,108.06739488373358,,,24.969863199497055,24.985217700994994,24.98207464169819,24.98288832708411,24.9913854455558
sensor,1979-06-16 16:35,242,30.85,24.9964884200831,Core_ZN,5226.252691714812,0.8710421152858019,108.93843699901939,,,24.9964884200831,24.99828011406506,24.996850264357043,24.997942632324808,24.9985306113036
sensor,1979-06-16 16:45,243,30.766666666666666,24.999517264301602,Core_ZN,5257.345599761323,0.8762242666268871,109.81466126564628,,,24.999517264301602,24.999746312198475,24.99939782305468,24.9997051876432,24.999654611817494
sensor,1979-06-16 16:53,244,30.683333333333337,24.999918913686894,Core_ZN,5274.622113306073,0.8791036855510121,110.6937649511973,,,24.999918913686894,24.999959186296284,24.99992610662347,24.999959475686733,24.99992269702583
sensor,1979-06-16 16:63,245,30.6,24.999922048556094,Core_ZN,5279.256582643723,0.8798760971072871,111.57364104830458,,,24.999922048556094,24.99993405571514,24.999939612853435,24.999940013164657,24.99989664315246
sensor,1979-06-16 17:13,246,30.500000000000004,24.9999510276099,Core_ZN,5029.138686527728,0.8381897810879547,112.41183082939253,,,24.9999510276099,24.99995658406195,24.999963173679657,24.99995994097281,24.999932252541246
sensor,1979-06-16 17:23,247,30.400000000000002,24.999951843627777,Core_ZN,4963.624032915623,0.8272706721526037,113.23910150154514,,,24.999951843627777,24.999952945411884,24.999963706282387,24.9999558119084,24.999940549174777
sensor,1979-06-16 17:33,248,30.3,24.999949560166122,Core_ZN,4910.984917065706,0.8184974861776176,114.05759898772276,,,24.999949560166122,24.9999477571195,24.99996167264161,24.999950198112465,24.999942589856317
sensor,1979-06-16 17:43,249,30.200000000000003,24.999947452380493,Core_ZN,4863.134551734937,0.8105224252891562,114.8681214130119,,,24.999947452380493,24.999943927831385,24.999960112053373,24.99994561904893,24.999942838356194
sensor,1979-06-16 17:53,250,30.099999999999998,24.999945766318895,Core_ZN,4814.678285512445,0.8024463809187408,115.67056779393064,,,24.999945766318895,24.999941263396067,24.999959115148737,24.999942549373205,24.999943532427803
sensor,1979-06-16 17:63,251,30.0,24.99994447290415,Core_ZN,4764.720083165535,0.7941200138609223,116.46468780779156,,,24.99994447290415,24.999939507002537,24.999958513737525,24.999940899706633,24.999944828240046
sensor,1979-06-16 18:13,252,29.9,24.999946796837143,Core_ZN,4715.943108531252,0.7859905180885419,117.2506783258801,,,24.999946796837143,24.999944808525072,24.999961545318055,24.999946097563758,24.999951048766512
sensor,1979-06-16 18:23,253,29.800000000000004,24.999951356077858,Core_ZN,4658.278923847576,0.7763798206412627,118.02705814652137,,,24.999951356077858,24.99994932702669,24.999963968651343,24.99995166775249,24.99995725212848
sensor,1979-06-16 18:33,254,29.7,24.99995388079313,Core_ZN,4604.941205223282,0.767490200870547,118.79454834739191,,,24.99995388079313,24.999953058491297,24.999965977942416,24.999956138149052,24.99996220625507
sensor,1979-06-16 18:43,255,29.6,24.999955833471024,Core_ZN,4562.910095490673,0.7604850159151121,119.55503336330702,,,24.999955833471024,24.999955872527014,24.999967549263467,24.99995882254006,24.99996443608049
sensor,1979-06-16 18:53,256,29.5,24.999957473374188,Core_ZN,4525.264790068409,0.7542107983447348,120.30924416165175,,,24.999957473374188,24.999958167698594,24.99996886602827,24.999960808838544,24.999965774539394
sensor,1979-06-16 18:65,257,29.4,24.999937442859206,Core_ZN,4488.608632879722,0.748101438813287,121.05734560046504,,,24.999937442859206,24.999941483269367,24.9999535667232,24.99994451068872,24.999959910942138
sensor,1979-06-16 19:15,258,29.21666666666667,24.99995140617969,Core_ZN,4386.072180132295,0.7310120300220492,121.78835763048708,,,24.99995140617969,24.999954199338962,24.99996663784806,24.99995746810815,24.999964316845933
sensor,1979-06-16 19:25,259,29.033333333333335,24.99995255669703,Core_ZN,4322.569464504278,0.7204282440840462,122.50878587457113,,,24.99995255669703,24.999956288389715,24.999969305136638,24.999959941482004,24.999965834547808
sensor,1979-06-16 19:35,260,28.85,24.99995315157723,Core_ZN,4258.186344075607,0.7096977240126012,123.21848359858373,,,24.99995315157723,24.999957243957137,24.999970258938347,24.999961713469713,24.999967389723658
sensor,1979-06-16 19:45,261,28.666666666666668,24.99995375140937,Core_ZN,4205.113791446196,0.700852298574366,123.91933589715809,,,24.99995375140937,24.9999574853098,24.999970803684718,24.999962151387408,24.999967928762956
sensor,1979-06-16 19:55,262,28.483333333333334,24.999954287177218,Core_ZN,4156.864230996263,0.6928107051660439,124.61214660232413,,,24.999954287177218,24.99995759591647,24.999971211742956,24.99996228755133,24.999968155839934
sensor,1979-06-16 19:65,263,28.3,24.999954769057744,Core_ZN,4111.191615016222,0.6851986025027037,125.29734520482684,,,24.999954769057744,24.999957725113454,24.999971607012625,24.999962384260943,24.999968311523617
decision,1979-06-16 19:65,263,28.3,24.999954769057744,Core_ZN,4111.191615016222,0.6851986025027037,125.29734520482684,"{""cooling"": {""Core_ZN"": 26.5, ""Perimeter_ZN_1"": 26.5, ""Perimeter_ZN_2"": 26.5, ""Perimeter_ZN_3"": 26.5, ""Perimeter_ZN_4"": 26.5}, ""heating"": {""Core_ZN"": 21.0, ""Perimeter_ZN_1"": 21.0, ""Perimeter_ZN_2"": 21.0, ""Perimeter_ZN_3"": 21.0, ""Perimeter_ZN_4"": 21.0}}",Heuristic fallback (rate-limit): Night setback cooling=27.0°C multi-zone x5,24.999954769057744,24.999957725113454,24.999971607012625,24.999962384260943,24.999968311523617
sensor,1979-06-16 20:13,264,28.21666666666667,25.637856135529617,Core_ZN,2351.5482196503217,0.3919247032750536,125.68926990810189,,,25.637856135529617,25.81567200959142,26.0059436251475,25.797804132723975,26.041001310956496
sensor,1979-06-16 20:25,265,28.133333333333336,26.18282164360042,Core_ZN,2616.5310501703116,0.4360885083617186,126.12535841646361,,,26.18282164360042,26.43868311465615,26.406296100238592,26.416450889371326,26.410865952217577
sensor,1979-06-16 20:30,266,28.05,26.38700215331254,Core_ZN,2660.1408755512316,0.44335681259187193,126.56871522905548,,,26.38700215331254,26.496846024384745,26.489121120206292,26.49321002120834,26.48957725136025
sensor,1979-06-16 20:40,267,27.96666666666667,26.43254159366432,Core_ZN,2716.468428111483,0.4527447380185804,127.02145996707407,,,26.43254159366432,26.49954571047822,26.49652980594029,26.498630923716675,26.496401031344828
sensor,1979-06-16 20:50,268,27.883333333333333,26.485660628443974,Core_ZN,2733.4866253177233,0.45558110421962056,127.47704107129368,,,26.485660628443974,26.499870624111093,26.499072815812955,26.49994788217461,26.49873568933895
sensor,1979-06-16 20:60,269,27.8,26.49702540416374,Core_ZN,2764.2787918993818,0.4607131319832303,127.93775420327691,,,26.49702540416374,26.499947500726822,26.499970259407256,26.500288777667436,26.4995350641938
sensor,1979-06-16 21:15,270,27.8,26.22964910272332,Core_ZN,4.038461538461539e-09,6.730769230769232e-13,127.93775420327758,,,26.22964910272332,26.44533200176549,26.586655720287524,26.414981297386845,26.636251979077365
sensor,1979-06-16 21:20,271,27.8,26.08595487936561,Core_ZN,4.038461538461539e-09,6.730769230769232e-13,127.93775420327825,,,26.08595487936561,26.423399114227475,26.64663341575466,26.375721149489546,26.727713113858815
sensor,1979-06-16 21:30,272,27.8,26.056478138039314,Core_ZN,4.038461538461539e-09,6.730769230769232e-13,127.93775420327891,,,26.056478138039314,26.427398573926602,26.671122802521715,26.375437897185076,26.76021083805329
sensor,1979-06-16 21:40,273,27.799999999999997,26.046531597646823,Core_ZN,4.038461538461539e-09,6.730769230769232e-13,127.93775420327958,,,26.046531597646823,26.43484089932406,26.689398317047186,26.380710791108143,26.783263256396864
sensor,1979-06-16 21:50,274,27.8,26.043845783422288,Core_ZN,4.038461538461539e-09,6.730769230769232e-13,127.93775420328025,,,26.043845783422288,26.44278373526313,26.704598978755744,26.387452465225707,26.801969464425323
sensor,1979-06-16 21:60,275,27.8,26.044241863883148,Core_ZN,4.038461538461539e-09,6.730769230769232e-13,127.93775420328092,,,26.044241863883148,26.450623953682832,26.717705663319922,26.3944357611447,26.818014062276458
sensor,1979-06-16 22:10,276,27.616666666666667,26.02704941519741,Core_ZN,4.038461538461539e-09,6.730769230769232e-13,127.93775420328159,,,26.02704941519741,26.437370129066966,26.70894664972255,26.381502403603587,26.811551957695844
sensor,1979-06-16 22:20,277,27.433333333333334,26.012356676014058,Core_ZN,4.038461538461539e-09,6.730769230769232e-13,127.93775420328225,,,26.012356676014058,26.424289891699154,26.70026525958232,26.369356679549547,26.804828865701133
sensor,1979-06-16 22:30,278,27.25,25.999149116734888,Core_ZN,4.038461538461539e-09,6.730769230769232e-13,127.93775420328292,,,25.999149116734888,26.4107493349871,26.690559498672922,26.357178760583864,26.796787029418926
sensor,1979-06-16 22:40,279,27.066666666666663,25.986308536741234,Core_ZN,4.038461538461539e-09,6.730769230769232e-13,127.93775420328359,,,25.986308536741234,26.39587432688391,26.678893549036403,26.34397297155913,26.786559352136283
sensor,1979-06-16 22:50,280,26.883333333333333,25.973421380795738,Core_ZN,4.038461538461539e-09,6.730769230769232e-13,127.93775420328426,,,25.973421380795738,26.380037679610776,26.665767867950947,26.330023712760546,26.77475922100478
sensor,1979-06-16 22:60,281,26.7,25.960279633850142,Core_ZN,4.038461538461539e-09,6.730769230769232e-13,127.93775420328492,,,25.960279633850142,26.363204577465165,26.651312082574933,26.315273813618802,26.761416016557174
sensor,1979-06-16 23:10,282,26.516666666666666,25.932811698365484,Core_ZN,4.038461538461539e-09,6.730769230769232e-13,127.93775420328559,,,25.932811698365484,26.33285801265573,26.623717675178845,26.286900875010375,26.73496960886487
sensor,1979-06-16 23:20,283,26.333333333333336,25.91259746532206,Core_ZN,4.038461538461539e-09,6.730769230769232e-13,127.93775420328626,,,25.91259746532206,26.310226366889175,26.60353782100133,26.266342995059848,26.715718659181785
sensor,1979-06-16 23:30,284,26.15,25.89460761821872,Core_ZN,4.038461538461539e-09,6.730769230769232e-13,127.93775420328693,,,25.89460761821872,26.2891338302302,26.58424061322186,26.247452496655267,26.69715979643804
sensor,1979-06-16 23:40,285,25.96666666666667,25.8773991306214,Core_ZN,4.038461538461539e-09,6.730769230769232e-13,127.9377542032876,,,25.8773991306214,26.268093524098568,26.564588889462918,26.22871454615748,26.678092327310036
sensor,1979-06-16 23:50,286,25.783333333333335,25.86033267461933,Core_ZN,4.038461538461539e-09,6.730769230769232e-13,127.93775420328826,,,25.86033267461933,26.24661326299254,26.544236613576057,26.20961868895769,26.658191052939895
sensor,1979-06-16 23:60,287,25.6,25.843127003944396,Core_ZN,4.038461538461539e-09,6.730769230769232e-13,127.93775420328893,,,25.843127003944396,26.224535989784123,26.52310485512717,26.18999621043815,26.63739067761036
decision,1979-06-16 23:60,287,25.6,25.843127003944396,Core_ZN,4.038461538461539e-09,6.730769230769232e-13,127.93775420328893,"{""cooling"": {""Core_ZN"": 27.0, ""Perimeter_ZN_1"": 27.0, ""Perimeter_ZN_2"": 27.0, ""Perimeter_ZN_3"": 27.0, ""Perimeter_ZN_4"": 27.0}, ""heating"": {""Core_ZN"": 21.0, ""Perimeter_ZN_1"": 21.0, ""Perimeter_ZN_2"": 21.0, ""Perimeter_ZN_3"": 21.0, ""Perimeter_ZN_4"": 21.0}}",Heuristic fallback (rate-limit): Night setback cooling=27.0°C multi-zone x5,25.843127003944396,26.224535989784123,26.52310485512717,26.18999621043815,26.63739067761036
sensor,1979-06-17 00:10,288,25.5,25.82926172278473,Core_ZN,4.038461538461539e-09,6.730769230769232e-13,127.9377542032896,,,25.82926172278473,26.206842961437093,26.50607964471122,26.174295299772478,26.620658998542552
sensor,1979-06-17 00:20,289,25.400000000000002,25.816600614583994,Core_ZN,4.038461538461539e-09,6.730769230769232e-13,127.93775420329027,,,25.816600614583994,26.19033169922056,26.489842134599503,26.159634176570936,26.60462506937479
sensor,1979-06-17 00:30,290,25.3,25.8043978988939,Core_ZN,4.038461538461539e-09,6.730769230769232e-13,127.93775420329094,,,25.8043978988939,26.17414859515527,26.473688475348876,26.145237652511554,26.588589195153023
sensor,1979-06-17 00:40,291,25.2,25.79233105571007,Core_ZN,4.038461538461539e-09,6.730769230769232e-13,127.9377542032916,,,25.79233105571007,26.1579986202151,26.4574053718621,26.13083537463254,26.57234469984806
sensor,1979-06-17 00:50,292,25.1,25.780252995219275,Core_ZN,4.038461538461539e-09,6.730769230769232e-13,127.93775420329227,,,25.780252995219275,26.141760805037293,26.440914862549743,26.116316983288783,26.555819332827106
sensor,1979-06-17 00:60,293,25.0,25.768088722289622,Core_ZN,4.038461538461539e-09,6.730769230769232e-13,127.93775420329294,,,25.768088722289622,26.125374209112135,26.424179891569032,26.101627446035387,26.538981480676675
sensor,1979-06-17 01:10,294,24.900000000000002,25.755789690039027,Core_ZN,4.038461538461539e-09,6.730769230769232e-13,127.93775420329361,,,25.755789690039027,26.1086580768369,26.407089681726493,26.08664992813116,26.521691038439755
sensor,1979-06-17 01:20,295,24.8,25.743328156146376,Core_ZN,4.038461538461539e-09,6.730769230769232e-13,127.93775420329428,,,25.743328156146376,26.091678816422597,26.38968964043091,26.071415061129905,26.50402306955074
sensor,1979-06-17 01:30,296,24.7,25.730683376042716,Core_ZN,4.038461538461539e-09,6.730769230769232e-13,127.93775420329494,,,25.730683376042716,26.074443625292904,26.37198284494316,26.055921253994196,26.48599110449187
sensor,1979-06-17 01:40,297,24.6,25.717839360638255,Core_ZN,4.038461538461539e-09,6.730769230769232e-13,127.93775420329561,,,25.717839360638255,26.056947855768755,26.353966357194903,26.040161568016355,26.467598720993067
sensor,1979-06-17 01:50,298,24.5,25.704782877509984,Core_ZN,4.038461538461539e-09,6.730769230769232e-13,127.93775420329628,,,25.704782877509984,26.039185343182204,26.335637128471156,26.02412926966571,26.44884823437706
sensor,1979-06-17 01:60,299,24.4,25.691499792652007,Core_ZN,4.038461538461539e-09,6.730769230769232e-13,127.93775420329695,,,25.691499792652007,26.021150689646092,26.316993391874018,26.007818923021624,26.429742309559057
sensor,1979-06-17 02:10,300,24.316666666666666,25.67873717000728,Core_ZN,4.038461538461539e-09,6.730769230769232e-13,127.93775420329762,,,25.67873717000728,26.003760884430026,26.298917355524107,25.99204384442041,26.41119647793445
sensor,1979-06-17 02:20,301,24.233333333333334,25.666072074361605,Core_ZN,4.038461538461539e-09,6.730769230769232e-13,127.93775420329828,,,25.666072074361605,25.986431484951158,26.280812049100703,25.976285109799335,26.392593369086736
sensor,1979-06-17 02:30,302,24.15,25.653348441049822,Core_ZN,4.038461538461539e-09,6.730769230769232e-13,127.93775420329895,,,25.653348441049822,25.96899585746649,26.262538187637485,25.960394292391793,26.37379471790094
sensor,1979-06-17 02:40,303,24.066666666666666,25.64049822930896,Core_ZN,4.038461538461539e-09,6.730769230769232e-13,127.93775420329962,,,25.64049822930896,25.95139300571853,26.244050464621438,25.944317327035936,26.35475825004062
sensor,1979-06-17 02:50,304,23.983333333333334,25.627490270302747,Core_ZN,4.038461538461539e-09,6.730769230769232e-13,127.93775420330029,,,25.627490270302747,25.933596835362074,26.225331413637164,25.928031720810527,26.335469318099523
sensor,1979-06-17 02:60,305,23.9,25.614309000611808,Core_ZN,4.038461538461539e-09,6.730769230769232e-13,127.93775420330095,,,25.614309000611808,25.91559405147415,26.2063728241822,25.91152654380416,26.315922153820956
sensor,1979-06-17 03:10,306,23.8,25.60020236295857,Core_ZN,4.038461538461539e-09,6.730769230769232e-13,127.93775420330162,,,25.60020236295857,25.896599143752052,26.186337640633486,25.89403386980033,26.295310586420285
sensor,1979-06-17 03:20,307,23.7,25.585585538441222,Core_ZN,4.038461538461539e-09,6.730769230769232e-13,127.93775420330229,,,25.585585538441222,25.877081559566523,26.165773065949683,25.87601870686636,26.274166223053445
sensor,1979-06-17 03:30,308,23.6,25.57060943135207,Core_ZN,4.038461538461539e-09,6.730769230769232e-13,127.93775420330296,,,25.57060943135207,25.85717638021264,26.144811812444726,25.85761635109089,26.25261684987516
sensor,1979-06-17 03:40,309,23.5,25.55533780043145,Core_ZN,4.038461538461539e-09,6.730769230769232e-13,127.93775420330363,,,25.55533780043145,25.836930980298487,26.123497604840665,25.838875622281247,26.230705035279513
sensor,1979-06-17 03:50,310,23.4,25.53979841482708,Core_ZN,4.038461538461539e-09,6.730769230769232e-13,127.9377542033043,,,25.53979841482708,25.816355894854592,26.10184788927172,25.81981614086199,26.208448412552084
sensor,1979-06-17 03:60,311,23.3,25.524004256286535,Core_ZN,4.038461538461539e-09,6.730769230769232e-13,127.93775420330496,,,25.524004256286535,25.79547105852208,26.079871793640127,25.80044601106761,26.185857193049163
decision,1979-06-17 03:60,311,23.3,25.524004256286535,Core_ZN,4.038461538461539e-09,6.730769230769232e-13,127.93775420330496,"{""cooling"": {""Core_ZN"": 27.0, ""Perimeter_ZN_1"": 27.0, ""Perimeter_ZN_2"": 27.0, ""Perimeter_ZN_3"": 27.0, ""Perimeter_ZN_4"": 27.0}, ""heating"": {""Core_ZN"": 21.0, ""Perimeter_ZN_1"": 21.0, ""Perimeter_ZN_2"": 21.0, ""Perimeter_ZN_3"": 21.0, ""Perimeter_ZN_4"": 21.0}}",Heuristic fallback (rate-limit): Night setback cooling=27.0°C multi-zone x5,25.524004256286535,25.79547105852208,26.079871793640127,25.80044601106761,26.185857193049163
sensor,1979-06-17 04:10,312,23.3,25.52388995149942,Core_ZN,4.038461538461539e-09,6.730769230769232e-13,127.93775420330563,,,25.52388995149942,25.79012823229724,26.073402839467644,25.79642192670824,26.17864868860788
sensor,1979-06-17 04:20,313,23.3,25.523250628410356,Core_ZN,4.038461538461539e-09,6.730769230769232e-13,127.9377542033063,,,25.523250628410356,25.78267238842966,26.064473649965272,25.790242290555582,26.16888783854608
sensor,1979-06-17 04:30,314,23.3,25.52089319776789,Core_ZN,4.038461538461539e-09,6.730769230769232e-13,127.93775420330697,,,25.52089319776789,25.78417136977818,26.13477197563942,25.82858412038011,26.167260979237188
sensor,1979-06-17 04:40,315,23.3,25.519055664387476,Core_ZN,4.038461538461539e-09,6.730769230769232e-13,127.93775420330763,,,25.519055664387476,25.7864057250061,26.18971585331707,25.857657366061474,26.16666314497933
sensor,1979-06-17 04:50,316,23.3,25.5178822346562,Core_ZN,4.038461538461539e-09,6.730769230769232e-13,127.9377542033083,,,25.5178822346562,25.7883980684004,26.218423595365252,25.870280000189815,26.165942404317153
sensor,1979-06-17 04:60,317,23.3,25.51674891243684,Core_ZN,4.038461538461539e-09,6.730769230769232e-13,127.93775420330897,,,25.51674891243684,25.791318678190322,26.23728233623109,25.877097512888213,26.165617905259776
sensor,1979-06-17 05:15,318,23.3,25.866614985816444,Core_ZN,2424.9363292396347,0.40415605487327244,128.34191025818225,,,25.866614985816444,26.1434249864592,26.71918150815886,26.23666400365874,26.630681658445035
sensor,1979-06-17 05:20,319,23.3,26.07414205761863,Core_ZN,2320.4475639056154,0.38674126065093584,128.72865151883317,,,26.07414205761863,26.352854588850654,26.933012379287934,26.44191502136801,26.880608398669587
sensor,1979-06-17 05:30,320,23.3,26.15131884593762,Core_ZN,2331.437759161471,0.3885729598602452,129.11722447869343,,,26.15131884593762,26.435407235053887,26.977863316661917,26.51859719280084,26.961221691708413
sensor,1979-06-17 05:40,321,23.3,26.238576242671872,Core_ZN,2294.5250560291615,0.3824208426715269,129.49964532136497,,,26.238576242671872,26.538326874725055,26.99299121438716,26.61669127692413,26.98771259793424
sensor,1979-06-17 05:50,322,23.3,26.28879998061164,Core_ZN,2324.0030797252753,0.38733384662087916,129.88697916798586,,,26.28879998061164,26.573056130799344,26.99766535712761,26.680430063222015,26.99600017844616
sensor,1979-06-17 05:65,323,23.3,26.321738201541095,Core_ZN,2325.494206549752,0.38758236775829197,130.27456153574414,,,26.321738201541095,26.642072132322077,26.99971458847461,26.72855871343045,26.999518484162003
sensor,1979-06-17 06:15,324,23.116666666666667,26.243289116926853,Core_ZN,2267.90651328904,0.3779844188815067,130.65254595462565,,,26.243289116926853,26.5725673381727,27.000220065852375,26.64497115543172,27.000052296251404
sensor,1979-06-17 06:25,325,22.933333333333334,26.21516409091837,Core_ZN,2278.696410053664,0.379782735008944,131.0323286896346,,,26.21516409091837,26.552009905519142,27.00037627768978,26.61683366453866,27.000211314849402
sensor,1979-06-17 06:35,326,22.75,26.207731001055095,Core_ZN,2286.3082191116487,0.38105136985194143,131.41338005948654,,,26.207731001055095,26.554795422643984,27.0000447086703,26.612481708294894,27.000274739612387
sensor,1979-06-17 06:45,327,22.566666666666666,26.20406452667443,Core_ZN,2308.3837658963503,0.3847306276493917,131.79811068713593,,,26.20406452667443,26.56349195772375,27.000007531159007,26.616989740774677,27.000313866823873
sensor,1979-06-17 06:55,328,22.383333333333333,26.200208199506314,Core_ZN,2334.522603974999,0.38908710066249985,132.18719778779842,,,26.200208199506314,26.57337936252244,26.999995048930018,26.620344970425926,27.00034086315925
sensor,1979-06-17 06:63,329,22.2,26.195230538884793,Core_ZN,2359.6508970369428,0.3932751495061571,132.5804729373046,,,26.195230538884793,26.58375330863617,26.999979084167123,26.62171833673864,27.000267374127453
sensor,1979-06-17 07:13,330,22.383333333333333,26.629870891018342,Core_ZN,2880.3399200769595,0.48005665334615993,133.06052959065076,,,26.629870891018342,26.949605624213774,26.999808432817268,26.960423042080464,26.999944411836204
sensor,1979-06-17 07:23,331,22.566666666666666,26.952918067199008,Core_ZN,3025.901606683885,0.5043169344473142,133.56484652509806,,,26.952918067199008,26.998124866626355,26.999787652075543,26.9984705142118,26.99993031700206
sensor,1979-06-17 07:33,332,22.75,26.99838053555255,Core_ZN,3185.299530339106,0.5308832550565176,134.09572978015458,,,26.99838053555255,26.99984995119545,26.999745320848973,26.999866667627945,26.999917340316696
sensor,1979-06-17 07:43,333,22.933333333333334,26.99989568943771,Core_ZN,3306.5390450641876,0.5510898408440312,134.64681962099863,,,26.99989568943771,26.999895459677127,26.99973343314486,26.99990369359719,26.999909566799946
sensor,1979-06-17 07:53,334,23.116666666666667,26.999930370982014,Core_ZN,3407.5167910462687,0.5679194651743781,135.214739086173,,,26.999930370982014,26.999880525206088,26.999726939319437,26.999890728087724,26.999902892138348
sensor,1979-06-17 07:63,335,23.3,26.99989761437055,Core_ZN,3494.068235081608,0.5823447058469347,135.79708379201995,,,26.99989761437055,26.99983058302078,26.9996367452998,26.99984621669908,26.99986790296449
decision,1979-06-17 07:63,335,23.3,26.99989761437055,Core_ZN,3494.068235081608,0.5823447058469347,135.79708379201995,"{""cooling"": {""Core_ZN"": 25.0, ""Perimeter_ZN_1"": 25.0, ""Perimeter_ZN_2"": 25.0, ""Perimeter_ZN_3"": 25.0, ""Perimeter_ZN_4"": 25.0}, ""heating"": {""Core_ZN"": 21.0, ""Perimeter_ZN_1"": 21.0, ""Perimeter_ZN_2"": 21.0, ""Perimeter_ZN_3"": 21.0, ""Perimeter_ZN_4"": 21.0}}",Heuristic fallback (rate-limit): Zone warm (27.0°C) — cooling=24.5°C multi-zone x5,26.99989761437055,26.99983058302078,26.9996367452998,26.99984621669908,26.99986790296449
sensor,1979-06-17 08:12,336,23.3,25.18582630527509,Core_ZN,5347.88388946167,0.891313981576945,136.6883977735969,,,25.18582630527509,25.173453833702727,25.089744037454746,25.164099937414015,25.042528942476938
sensor,1979-06-17 08:23,337,23.3,25.0093136301532,Core_ZN,6040.219445305192,1.0067032408841985,137.6951010144811,,,25.0093136301532,25.008575315236385,25.006460463430386,25.00850605887347,25.002881288592036
sensor,1979-06-17 08:35,338,23.3,24.99962028367061,Core_ZN,5830.98823886011,0.9718313731433517,138.66693238762446,,,24.99962028367061,24.999329497557127,24.999574758865055,24.999480422060152,24.999419525081713
sensor,1979-06-17 08:45,339,23.3,24.998910145274223,Core_ZN,5702.006811692906,0.9503344686154842,139.61726685623995,,,24.998910145274223,24.998828125615702,24.999115644882934,24.998927223519175,24.999291850989316
sensor,1979-06-17 08:55,340,23.3,24.998927469155532,Core_ZN,5611.377849777508,0.9352296416295847,140.55249649786953,,,24.998927469155532,24.99888671072913,24.99915199031719,24.99896911449114,24.99932618710385
sensor,1979-06-17 08:65,341,23.3,24.99899700522746,Core_ZN,5545.148112391772,0.9241913520652952,141.47668784993482,,,24.99899700522746,24.998972018470155,24.999231524192155,24.999047493926913,24.999368430024496
sensor,1979-06-17 09:10,342,22.75,24.998524635052945,Core_ZN,5394.432204527061,0.8990720340878435,142.37575988402267,,,24.998524635052945,24.998538900837097,24.999026068958013,24.998645381696385,24.99915288973329
sensor,1979-06-17 09:20,343,22.200000000000003,24.998531559337692,Core_ZN,5247.177740344632,0.874529623390772,143.25028950741344,,,24.998531559337692,24.998574327330207,24.99905411333183,24.998679456602805,24.999193267865312
sensor,1979-06-17 09:30,344,21.65,24.998549388701207,Core_ZN,5110.369082308172,0.8517281803846953,144.10201768779814,,,24.998549388701207,24.99859652662899,24.999093513648425,24.998702031721503,24.999215743668135
sensor,1979-06-17 09:40,345,21.1,24.9985697926117,Core_ZN,4978.466971653057,0.8297444952755094,144.93176218307366,,,24.9985697926117,24.998617448783055,24.999128016005926,24.998723352669337,24.999232725659123
sensor,1979-06-17 09:50,346,20.55,24.99858912244068,Core_ZN,4851.728504897313,0.8086214174828854,145.74038360055656,,,24.99858912244068,24.998642072028254,24.99915418106911,24.99874543539194,24.99924934533182
sensor,1979-06-17 09:60,347,20.0,24.998607307807404,Core_ZN,4729.987011089604,0.7883311685149339,146.52871476907148,,,24.998607307807404,24.998664975853764,24.999178933437943,24.998766298462186,24.999265207923557
sensor,1979-06-17 10:10,348,20.183333333333334,24.998588796857963,Core_ZN,4733.828154188444,0.7889713590314074,147.31768612810288,,,24.998588796857963,24.99864708849821,24.999173666619445,24.99874888447247,24.999250754104285
sensor,1979-06-17 10:20,349,20.366666666666667,24.998630989142345,Core_ZN,4744.507899253772,0.7907513165422954,148.10843744464518,,,24.998630989142345,24.99869976495499,24.999197176408646,24.998798770861747,24.999258592102798
sensor,1979-06-17 10:35,350,20.55,24.999115585014046,Core_ZN,4749.427326760729,0.791571221126788,148.90000866577196,,,24.999115585014046,24.999127998933844,24.999454275670047,24.999209961543173,24.999437147954637
sensor,1979-06-17 10:45,351,20.733333333333334,24.999207420102977,Core_ZN,4756.496861748885,0.7927494769581475,149.6927581427301,,,24.999207420102977,24.99925280646217,24.999522762066704,24.999323787981325,24.99952166774448
sensor,1979-06-17 10:50,352,20.916666666666668,24.998815517965497,Core_ZN,4766.6661757076,0.7944443626179334,150.48720250534802,,,24.998815517965497,24.998937188143714,24.999374027157145,24.999027307228953,24.99935688582741
sensor,1979-06-17 10:60,353,21.1,24.998765886077866,Core_ZN,4779.24339993411,0.796540566655685,151.28374307200372,,,24.998765886077866,24.998924216078443,24.999328754349886,24.999001404771512,24.999328651416292
sensor,1979-06-17 11:10,354,21.1,24.998874668635292,Core_ZN,4528.082708805945,0.7546804514676575,152.03842352347138,,,24.998874668635292,24.999016185133698,24.999356367244154,24.999079694604635,24.999359846688446
sensor,1979-06-17 11:20,355,21.1,24.999137777363682,Core_ZN,4491.90970985737,0.7486516183095616,152.78707514178095,,,24.999137777363682,24.999287870508745,24.99954363506132,24.999345428126656,24.999546918366494
sensor,1979-06-17 11:35,356,21.1,24.99943917310343,Core_ZN,4463.736382376989,0.7439560637294982,153.53103120551043,,,24.99943917310343,24.999534614211143,24.999701564631714,24.99957512020235,24.999688350425934
sensor,1979-06-17 11:40,357,21.1,24.999229222556366,Core_ZN,4449.991127136404,0.7416651878560674,154.2726963933665,,,24.999229222556366,24.999407604685885,24.99965538279749,24.999462629497224,24.999643009206476
sensor,1979-06-17 11:50,358,21.1,24.999198062681344,Core_ZN,4441.955444772486,0.7403259074620809,155.01302230082857,,,24.999198062681344,24.99940331282048,24.999651722479694,24.999464474257742,24.999648061196638
sensor,1979-06-17 11:65,359,21.1,24.999443065655292,Core_ZN,4438.005234142879,0.7396675390238131,155.7526898398524,,,24.999443065655292,24.999528885838647,24.9997166502793,24.999595075436982,24.99970779451059
decision,1979-06-17 11:65,359,21.1,24.999443065655292,Core_ZN,4438.005234142879,0.7396675390238131,155.7526898398524,"{""cooling"": {""Core_ZN"": 23.5, ""Perimeter_ZN_1"": 23.5, ""Perimeter_ZN_2"": 23.5, ""Perimeter_ZN_3"": 23.5, ""Perimeter_ZN_4"": 23.5}, ""heating"": {""Core_ZN"": 21.0, ""Perimeter_ZN_1"": 21.0, ""Perimeter_ZN_2"": 21.0, ""Perimeter_ZN_3"": 21.0, ""Perimeter_ZN_4"": 21.0}}","Heuristic fallback (rate-limit): Hold mid-band cooling=23.0°C (margin=0.001, trend=stable) multi-zone x5",24.999443065655292,24.999528885838647,24.9997166502793,24.999595075436982,24.99970779451059
sensor,1979-06-17 12:12,360,21.1,23.602594729403023,Core_ZN,6217.14070555021,1.0361901175917017,156.7888799574441,,,23.602594729403023,23.619112688415107,23.54898914131396,23.5899014091113,23.54800056767796
sensor,1979-06-17 12:23,361,21.1,23.503719766594664,Core_ZN,6679.00907587045,1.1131681793117416,157.90204813675584,,,23.503719766594664,23.504830939968063,23.50342998346982,23.503644582822982,23.503228436080814
sensor,1979-06-17 12:32,362,21.1,23.498966274078043,Core_ZN,6432.822400611149,1.0721370667685246,158.97418520352437,,,23.498966274078043,23.499047279517836,23.49955683565543,23.499158400482205,23.49951978497314
sensor,1979-06-17 12:42,363,21.1,23.499042718389752,Core_ZN,6296.890371850448,1.0494817286417413,160.02366693216612,,,23.499042718389752,23.49912832214945,23.499513823275898,23.499236761456586,23.499500878588435
sensor,1979-06-17 12:53,364,21.1,23.49884458614249,Core_ZN,6195.018176148151,1.032503029358025,161.05616996152415,,,23.49884458614249,23.498968164534894,23.49939262472489,23.499086283704294,23.49937549971558
sensor,1979-06-17 12:65,365,21.1,23.498558825604665,Core_ZN,6125.615839165456,1.0209359731942427,162.0771059347184,,,23.498558825604665,23.498757532274148,23.499255727335623,23.498886105451774,23.499228075445764
sensor,1979-06-17 13:15,366,21.283333333333335,23.498722874879892,Core_ZN,6111.113615385953,1.0185189358976587,163.09562487061604,,,23.498722874879892,23.498940929417444,23.499358421762913,23.499046484575885,23.499325780407442
sensor,1979-06-17 13:25,367,21.46666666666667,23.498844535780222,Core_ZN,6107.710189570687,1.0179516982617811,164.11357656887782,,,23.498844535780222,23.49901311973236,23.49939305784365,23.49910513006973,23.499341572598432
sensor,1979-06-17 13:35,368,21.65,23.498909694382004,Core_ZN,6117.249660447488,1.0195416100745813,165.1331181789524,,,23.498909694382004,23.49905908441446,23.499411260782907,23.499140232885665,23.49933867694719
sensor,1979-06-17 13:40,369,21.833333333333336,23.49844201103328,Core_ZN,6133.0119563151275,1.0221686593858545,166.15528683833824,,,23.49844201103328,23.498715128253917,23.499228701628894,23.49881747531083,23.499111574763432
sensor,1979-06-17 13:55,370,22.016666666666666,23.498925738736105,Core_ZN,6148.79319723564,1.02479886620594,167.18008570454418,,,23.498925738736105,23.499102963953142,23.499411943146697,23.499156723777602,23.4992426541939
sensor,1979-06-17 13:65,371,22.2,23.499003771033983,Core_ZN,6173.692945633415,1.0289488242722356,168.20903452881643,,,23.499003771033983,23.49914417148983,23.499440698114732,23.499201808638748,23.499284615599585
sensor,1979-06-17 14:10,372,22.116666666666667,23.498595074566975,Core_ZN,6147.356604200537,1.0245594340334228,169.23359396284985,,,23.498595074566975,23.498845239750647,23.49928350456895,23.49891971420665,23.499062123120048
sensor,1979-06-17 14:20,373,22.03333333333333,23.498515924584897,Core_ZN,6119.883043119398,1.0199805071865664,170.25357447003643,,,23.498515924584897,23.498765142652704,23.499231863540253,23.498847120779573,23.49899692447419
sensor,1979-06-17 14:30,374,21.95,23.498501465258148,Core_ZN,6092.608832042604,1.0154348053404338,171.26900927537687,,,23.498501465258148,23.498743415360504,23.499218103043212,23.498825576327445,23.498951194011923
sensor,1979-06-17 14:40,375,21.866666666666667,23.498498644913496,Core_ZN,6058.266905689017,1.0097111509481693,172.27872042632504,,,23.498498644913496,23.498737419593265,23.499216863171807,23.498817965189158,23.498920799773714
sensor,1979-06-17 14:55,376,21.78333333333333,23.498928052323027,Core_ZN,6016.378488193216,1.0027297480322026,173.28145017435725,,,23.498928052323027,23.499063016846556,23.49937924362551,23.499112682211454,23.499063586995703
sensor,1979-06-17 14:65,377,21.7,23.49900028705143,Core_ZN,5977.120162500905,0.9961866937501509,174.2776368681074,,,23.49900028705143,23.499117993234556,23.49943640939432,23.499171877462437,23.499182484570674
sensor,1979-06-17 15:13,378,21.516666666666666,23.499246213416384,Core_ZN,5915.903869325686,0.9859839782209476,175.26362084632837,,,23.499246213416384,23.499323513883247,23.499553956333855,23.49936202944081,23.499350385064627
sensor,1979-06-17 15:23,379,21.333333333333336,23.499269131454017,Core_ZN,5859.8184641236785,0.9766364106872798,176.24025725701566,,,23.499269131454017,23.49935845816404,23.499589168451283,23.499399278238645,23.499427061072964
sensor,1979-06-17 15:33,380,21.15,23.499271304021512,Core_ZN,5802.705355797022,0.9671175592995037,177.20737481631517,,,23.499271304021512,23.499367379539574,23.49959747442604,23.499408695472574,23.49945313702285
sensor,1979-06-17 15:42,381,20.96666666666667,23.499417459733976,Core_ZN,5722.358269361167,0.9537263782268611,178.16110119454203,,,23.499417459733976,23.499495519300467,23.49967011723883,23.4995260812355,23.499577308045424
sensor,1979-06-17 15:53,382,20.783333333333335,23.49943014955832,Core_ZN,5639.682822885672,0.939947137147612,179.10104833168964,,,23.49943014955832,23.499521754840256,23.499690920653634,23.49955117586309,23.49961754565203
sensor,1979-06-17 15:63,383,20.6,23.49943402047689,Core_ZN,5554.316562052376,0.9257194270087293,180.02676775869836,,,23.49943402047689,23.49953643893419,23.499699550700726,23.49956385789454,23.499643064292997
decision,1979-06-17 15:63,383,20.6,23.49943402047689,Core_ZN,5554.316562052376,0.9257194270087293,180.02676775869836,"{""cooling"": {""Core_ZN"": 25.0, ""Perimeter_ZN_1"": 25.0, ""Perimeter_ZN_2"": 25.0, ""Perimeter_ZN_3"": 25.0, ""Perimeter_ZN_4"": 25.0}, ""heating"": {""Core_ZN"": 21.0, ""Perimeter_ZN_1"": 21.0, ""Perimeter_ZN_2"": 21.0, ""Perimeter_ZN_3"": 21.0, ""Perimeter_ZN_4"": 21.0}}","Heuristic fallback (rate-limit): Edge OK (margin=1.5, trend=stable) multi-zone x5",23.49943402047689,23.49953643893419,23.499699550700726,23.49956385789454,23.499643064292997
sensor,1979-06-17 16:12,384,20.316666666666666,24.435342334156672,Core_ZN,2899.3750832170294,0.48322918053617153,180.50999693923453,,,24.435342334156672,24.64095904643437,24.72439601894997,24.615359964964448,24.791655843314015
sensor,1979-06-17 16:22,385,20.033333333333335,24.98950154941698,Core_ZN,3064.2049203778383,0.510700820062973,181.0206977592975,,,24.98950154941698,24.991427760358725,24.989174878490047,24.99048479024221,24.992045192200898
sensor,1979-06-17 16:32,386,19.75,24.9997395260951,Core_ZN,3057.3610986283047,0.5095601831047174,181.53025794240222,,,24.9997395260951,24.999789412262846,24.99956231298371,24.999757284160072,24.999689335867163
sensor,1979-06-17 16:42,387,19.466666666666665,24.999967503726246,Core_ZN,3055.9267675909855,0.5093211279318308,182.03957907033404,,,24.999967503726246,24.99998232449528,24.999965160834368,24.999981227933652,24.999972892305216
sensor,1979-06-17 16:53,388,19.183333333333334,24.999964394240692,Core_ZN,3058.4570933447567,0.5097428488907927,182.54932191922484,,,24.999964394240692,24.9999816611741,24.999975851731723,24.999981693158702,24.999976381802938
sensor,1979-06-17 16:63,389,18.9,24.99994813975541,Core_ZN,3060.581865911539,0.5100969776519231,183.05941889687676,,,24.99994813975541,24.999967577405922,24.999965748960992,24.999967988300835,24.999953360671906
sensor,1979-06-17 17:15,390,18.8,24.999966557256784,Core_ZN,2911.4311968229335,0.48523853280382223,183.5446574296806,,,24.999966557256784,24.99998496940467,24.999975989269437,24.9999824348762,24.99995144622675
sensor,1979-06-17 17:25,391,18.7,24.999970479024775,Core_ZN,2920.177176976347,0.4866961961627244,184.0313536258433,,,24.999970479024775,24.999985554687733,24.999981222096594,24.999982363584337,24.999948522472238
sensor,1979-06-17 17:35,392,18.6,24.999972205271337,Core_ZN,2941.0681630278805,0.4901780271713134,184.52153165301462,,,24.999972205271337,24.99998723495717,24.999982944303824,24.9999817491866,24.999939361318475
sensor,1979-06-17 17:45,393,18.5,24.9999734639663,Core_ZN,2934.4849886758057,0.4890808314459676,185.01061248446058,,,24.9999734639663,24.999989668156594,24.999984446325577,24.999982490345268,24.999941935370625
sensor,1979-06-17 17:55,394,18.400000000000002,24.999974567453876,Core_ZN,2917.125161014232,0.4861875268357053,185.49680001129627,,,24.999974567453876,24.999992078401753,24.999985787403133,24.999983871226107,24.999947883077915
sensor,1979-06-17 17:65,395,18.3,24.999975632033102,Core_ZN,2893.3417018009523,0.48222361696682536,185.9790236282631,,,24.999975632033102,24.99999431821341,24.999986976617805,24.99998584839095,24.999954666534727
sensor,1979-06-17 18:13,396,18.033333333333335,24.999981361233985,Core_ZN,2837.9593140796514,0.4729932190132752,186.45201684727635,,,24.999981361233985,24.999995377394754,24.999990267329757,24.99998692839174,24.99996639480301
sensor,1979-06-17 18:23,397,17.766666666666666,24.999979265534556,Core_ZN,2782.6753181934605,0.4637792196989101,186.91579606697528,,,24.999979265534556,24.999988900606894,24.99998824343468,24.999981725448013,24.999967240276774
sensor,1979-06-17 18:33,398,17.5,25.000134254033554,Core_ZN,2725.288293396618,0.454214715566103,187.37001078254139,,,25.000134254033554,24.999986208823337,24.99998740537598,24.999979388457998,24.999968887108537
sensor,1979-06-17 18:43,399,17.233333333333334,25.000111331044106,Core_ZN,2673.0012297319154,0.4455002049553192,187.8155109874967,,,25.000111331044106,24.99998453884071,25.000171244559944,24.9999775101235,24.999969667232186
sensor,1979-06-17 18:53,400,16.966666666666665,25.00008265201004,Core_ZN,2621.945613179192,0.43699093552986534,188.25250192302659,,,25.00008265201004,25.00015498127934,25.000258599824278,24.999976301151612,24.999970709949825
sensor,1979-06-17 18:63,401,16.7,25.00005377254564,Core_ZN,2563.2845280670626,0.42721408801117705,188.67971601103775,,,25.00005377254564,25.00012508059411,25.000245687396507,24.999977079888673,24.999973843991764
sensor,1979-06-17 19:13,402,16.516666666666666,25.00764101286788,Core_ZN,2486.366190104639,0.4143943650174398,189.0941103760552,,,25.00764101286788,25.000075518415198,25.00021740833059,25.000131704652382,24.99998330479064
sensor,1979-06-17 19:23,403,16.333333333333336,24.996441798657784,Core_ZN,2427.7147969019434,0.4046191328169906,189.4987295088722,,,24.996441798657784,25.00004280368251,25.000195476246486,25.00009878329884,24.99998738584001
sensor,1979-06-17 19:35,404,16.15,24.97343324366706,Core_ZN,2377.251997258529,0.39620866620975487,189.89493817508196,,,24.97343324366706,25.015428110331264,25.00022617032469,25.000072892631437,24.999980178872804
sensor,1979-06-17 19:45,405,15.966666666666665,24.941607212012723,Core_ZN,2353.3820566951035,0.3922303427825172,190.28716851786447,,,24.941607212012723,24.999592540647683,25.000218676351253,25.000039993247363,24.999987937092925
sensor,1979-06-17 19:55,406,15.783333333333333,24.905965389720144,Core_ZN,2330.6780498307,0.38844634163844993,190.67561485950293,,,24.905965389720144,24.967826154226703,25.000199689055663,25.008154263016213,24.99999026898938
sensor,1979-06-17 19:65,407,15.6,24.86917322777572,Core_ZN,2319.8423185283036,0.38664038642138393,191.06225524592432,,,24.86917322777572,24.930671592880742,25.00017976076346,24.990169162798544,25.00032701614649
decision,1979-06-17 19:65,407,15.6,24.86917322777572,Core_ZN,2319.8423185283036,0.38664038642138393,191.06225524592432,"{""cooling"": {""Core_ZN"": 26.5, ""Perimeter_ZN_1"": 26.5, ""Perimeter_ZN_2"": 26.5, ""Perimeter_ZN_3"": 26.5, ""Perimeter_ZN_4"": 26.5}, ""heating"": {""Core_ZN"": 21.0, ""Perimeter_ZN_1"": 21.0, ""Perimeter_ZN_2"": 21.0, ""Perimeter_ZN_3"": 21.0, ""Perimeter_ZN_4"": 21.0}}",Heuristic fallback (rate-limit): Night setback cooling=27.0°C multi-zone x5,24.86917322777572,24.930671592880742,25.00017976076346,24.990169162798544,25.00032701614649
sensor,1979-06-17 20:15,408,15.6,24.843558355844905,Core_ZN,2241.804539815845,0.37363408996930747,191.43588933589362,,,24.843558355844905,24.901544790103838,25.190369199454793,24.96895790425933,25.261504041299894
sensor,1979-06-17 20:25,409,15.6,24.82269670566653,Core_ZN,2221.1103951460036,0.3701850658576672,191.8060744017513,,,24.82269670566653,24.87721964212214,25.3134695601255,24.948661746070197,25.401419328634372
sensor,1979-06-17 20:30,410,15.6,24.80431449398144,Core_ZN,2211.2181990307886,0.3685363665051314,192.17461076825643,,,24.80431449398144,24.852706665927684,25.389574494781403,24.927156872215186,25.492519226243246
sensor,1979-06-17 20:40,411,15.599999999999998,24.79215479940953,Core_ZN,2211.2181990307886,0.3685363665051314,192.54314713476157,,,24.79215479940953,24.83330083650653,25.414942667668296,24.909889041767155,25.53030475479733
sensor,1979-06-17 20:50,412,15.6,24.781265858959465,Core_ZN,2211.2181990307886,0.3685363665051314,192.9116835012667,,,24.781265858959465,24.814343174527767,25.4269722196727,24.89305736303579,25.547679984214856
sensor,1979-06-17 20:60,413,15.6,24.771260838262975,Core_ZN,2211.2181990307886,0.3685363665051314,193.28021986777185,,,24.771260838262975,24.795785136987515,25.431081560062506,24.876680527409917,25.55409669226043
sensor,1979-06-17 21:10,414,15.6,24.726219397549354,Core_ZN,4.038461538461539e-09,6.730769230769232e-13,193.28021986777253,,,24.726219397549354,24.78832833722408,25.15551669042491,24.860735694326777,25.310737758558762
sensor,1979-06-17 21:20,415,15.6,24.69592784276407,Core_ZN,4.038461538461539e-09,6.730769230769232e-13,193.2802198677732,,,24.69592784276407,24.768177283972708,25.05989965399354,24.839166572328587,25.22470610704221
sensor,1979-06-17 21:30,416,15.6,24.67361034203599,Core_ZN,4.038461538461539e-09,6.730769230769232e-13,193.2802198677739,,,24.67361034203599,24.74729626423594,25.013173493708454,24.8184527018686,25.18218185321273
sensor,1979-06-17 21:40,417,15.599999999999998,24.654650124359623,Core_ZN,4.038461538461539e-09,6.730769230769232e-13,193.28021986777458,,,24.654650124359623,24.72652089182711,24.980913701978047,24.79839834392223,25.15271745999517
sensor,1979-06-17 21:50,418,15.6,24.637446125029413,Core_ZN,4.038461538461539e-09,6.730769230769232e-13,193.28021986777526,,,24.637446125029413,24.706150480310736,24.953943589478143,24.778961423862683,25.12806378145647
sensor,1979-06-17 21:60,419,15.6,24.621346903663007,Core_ZN,4.038461538461539e-09,6.730769230769232e-13,193.28021986777594,,,24.621346903663007,24.68623891151694,24.929381402312398,24.760075249809837,25.105600284222053
sensor,1979-06-17 22:10,420,15.6,24.59478879621285,Core_ZN,4.038461538461539e-09,6.730769230769232e-13,193.28021986777662,,,24.59478879621285,24.655780346912593,24.895358022169848,24.730601819800093,25.073634578980418
sensor,1979-06-17 22:20,421,15.6,24.57270403796157,Core_ZN,4.038461538461539e-09,6.730769230769232e-13,193.2802198677773,,,24.57270403796157,24.629703871161883,24.86631469929992,24.70544424358306,25.04659406683878
sensor,1979-06-17 22:30,422,15.6,24.553440706604214,Core_ZN,4.038461538461539e-09,6.730769230769232e-13,193.280219867778,,,24.553440706604214,24.606034943871784,24.839856061087165,24.6826839967941,25.02204184118835
sensor,1979-06-17 22:40,423,15.599999999999998,24.535637317464463,Core_ZN,4.038461538461539e-09,6.730769230769232e-13,193.28021986777867,,,24.535637317464463,24.583536021147836,24.814692168574624,24.661077262363822,24.9986698765152
sensor,1979-06-17 22:50,424,15.6,24.518752397126,Core_ZN,4.038461538461539e-09,6.730769230769232e-13,193.28021986777935,,,24.518752397126,24.5617600554222,24.790361231113387,24.640166529262103,24.97600724877976
sensor,1979-06-17 22:60,425,15.6,24.502517139297314,Core_ZN,4.038461538461539e-09,6.730769230769232e-13,193.28021986778003,,,24.502517139297314,24.540499082569152,24.766639692870154,24.619736521124146,24.953825617081698
sensor,1979-06-17 23:10,426,15.5,24.466845491611267,Core_ZN,4.038461538461539e-09,6.730769230769232e-13,193.28021986778072,,,24.466845491611267,24.500475771001867,24.724842463091647,24.58091026515751,24.913384645494325
sensor,1979-06-17 23:20,427,15.4,24.439411195394918,Core_ZN,4.038461538461539e-09,6.730769230769232e-13,193.2802198677814,,,24.439411195394918,24.46929535113281,24.692121227608723,24.55092457529732,24.8816380944954
sensor,1979-06-17 23:30,428,15.3,24.414483522055747,Core_ZN,4.038461538461539e-09,6.730769230769232e-13,193.28021986778208,,,24.414483522055747,24.440250372575033,24.661380423351197,24.523141345157917,24.851681000259752
sensor,1979-06-17 23:40,429,15.2,24.390463592010924,Core_ZN,4.038461538461539e-09,6.730769230769232e-13,193.28021986778276,,,24.390463592010924,24.411864559617577,24.63124973012522,24.496045238152924,24.82217450003827
sensor,1979-06-17 23:50,430,15.1,24.366776444368774,Core_ZN,4.038461538461539e-09,6.730769230769232e-13,193.28021986778344,,,24.366776444368774,24.38367026836413,24.60131683779601,24.469150149168073,24.792716861007342
sensor,1979-06-17 23:60,431,15.0,24.343204415129694,Core_ZN,4.038461538461539e-09,6.730769230769232e-13,193.28021986778413,,,24.343204415129694,24.35551414402996,24.571450070926645,24.44229274334331,24.763184382089584
decision,1979-06-17 23:60,431,15.0,24.343204415129694,Core_ZN,4.038461538461539e-09,6.730769230769232e-13,193.28021986778413,"{""cooling"": {""Core_ZN"": 26.5, ""Perimeter_ZN_1"": 26.5, ""Perimeter_ZN_2"": 26.5, ""Perimeter_ZN_3"": 26.5, ""Perimeter_ZN_4"": 26.5}}","Adjusted setpoints for comfort/energy: zone=24.34°C, cooling→{'Core_ZN': 25.0, 'Perimeter_ZN_1': 25.0, 'Perimeter_ZN_2': 25.0, 'Perimeter_ZN_3': 25.0, 'Perimeter_ZN_4': 25.0} | night setback→27.0°C | guardrails: step-cap cooling/Perimeter_ZN_4 24.5→25.0 (Δ≤1.5); step-cap cooling/Core_ZN 27.0→26.5 (Δ≤1.5); step-cap cooling/Perimeter_ZN_1 27.0→26.5 (Δ≤1.5); step-cap cooling/Perimeter_ZN_2 27.0→26.5 (Δ≤1.5)",24.343204415129694,24.35551414402996,24.571450070926645,24.44229274334331,24.763184382089584
sensor,1979-06-18 00:10,432,15.0,24.32403348426943,Core_ZN,4.038461538461539e-09,6.730769230769232e-13,193.2802198677848,,,24.32403348426943,24.331473512437938,24.54588197101837,24.419325496883395,24.737890985603652
sensor,1979-06-18 00:20,433,15.000000000000002,24.306400062881824,Core_ZN,4.038461538461539e-09,6.730769230769232e-13,193.2802198677855,,,24.306400062881824,24.308548130312115,24.52138009025041,24.397433759240027,24.71357035228772
sensor,1979-06-18 00:30,434,15.0,24.28945396955859,Core_ZN,4.038461538461539e-09,6.730769230769232e-13,193.28021986778617,,,24.28945396955859,24.286111147871853,24.497352100377903,24.37599588214971,24.68962424779072
sensor,1979-06-18 00:40,435,15.0,24.272872302835694,Core_ZN,4.038461538461539e-09,6.730769230769232e-13,193.28021986778685,,,24.272872302835694,24.26395742437658,24.473609805470147,24.35480583142167,24.665866910532714
sensor,1979-06-18 00:50,436,15.0,24.256517104091365,Core_ZN,4.038461538461539e-09,6.730769230769232e-13,193.28021986778754,,,24.256517104091365,24.242004020068478,24.45007618121386,24.333780211236743,24.642226536315405
sensor,1979-06-18 00:60,437,15.0,24.2403177036561,Core_ZN,4.038461538461539e-09,6.730769230769232e-13,193.28021986778822,,,24.2403177036561,24.22020628007474,24.426707231209164,24.31287477758817,24.618665108839135
sensor,1979-06-18 01:10,438,14.816666666666666,24.216062023761474,Core_ZN,4.038461538461539e-09,6.730769230769232e-13,193.2802198677889,,,24.216062023761474,24.18932784265274,24.39436929376069,24.283716773246205,24.58573670660305
sensor,1979-06-18 01:20,439,14.633333333333335,24.18892794850204,Core_ZN,4.038461538461539e-09,6.730769230769232e-13,193.28021986778958,,,24.18892794850204,24.155847169096997,24.359746438570394,24.252139737694954,24.55034185538998
sensor,1979-06-18 01:30,440,14.45,24.16043367438286,Core_ZN,4.038461538461539e-09,6.730769230769232e-13,193.28021986779027,,,24.16043367438286,24.121164590986915,24.324093163020155,24.219456868074573,24.513787412441665
sensor,1979-06-18 01:40,441,14.266666666666666,24.13113314548636,Core_ZN,4.038461538461539e-09,6.730769230769232e-13,193.28021986779095,,,24.13113314548636,24.08573906802669,24.28779393564815,24.18609795179685,24.476482332948418
sensor,1979-06-18 01:50,442,14.083333333333334,24.10124488005117,Core_ZN,4.038461538461539e-09,6.730769230769232e-13,193.28021986779163,,,24.10124488005117,24.049760197406588,24.250997108225917,24.15223297051086,24.4385926875617
sensor,1979-06-18 01:60,443,13.9,24.0708701179892,Core_ZN,4.038461538461539e-09,6.730769230769232e-13,193.2802198677923,,,24.0708701179892,24.013334605702706,24.21378222447633,24.117949237588626,24.400215627330585
sensor,1979-06-18 02:10,444,13.8,24.043629811601257,Core_ZN,4.038461538461539e-09,6.730769230769232e-13,193.280219867793,,,24.043629811601257,23.979193793989644,24.1785606409279,24.08548976152486,24.364222390700224
sensor,1979-06-18 02:20,445,13.700000000000001,24.017234004579716,Core_ZN,4.038461538461539e-09,6.730769230769232e-13,193.28021986779368,,,24.017234004579716,23.94544422984058,24.143578798147818,24.053307244701173,24.32853813871157
sensor,1979-06-18 02:30,446,13.600000000000001,23.991041831431804,Core_ZN,4.038461538461539e-09,6.730769230769232e-13,193.28021986779436,,,23.991041831431804,23.911677523243934,24.10849801194242,24.021047584340597,24.29277705418139
sensor,1979-06-18 02:40,447,13.5,23.964832372377614,Core_ZN,4.038461538461539e-09,6.730769230769232e-13,193.28021986779504,,,23.964832372377614,23.877777550491352,24.07323083311764,23.98861055597229,24.256839044909658
sensor,1979-06-18 02:50,448,13.4,23.938528219577307,Core_ZN,4.038461538461539e-09,6.730769230769232e-13,193.28021986779572,,,23.938528219577307,23.843714155112956,24.037760901028932,23.9559730224399,24.22070347271772
sensor,1979-06-18 02:60,449,13.3,23.912101001147153,Core_ZN,4.038461538461539e-09,6.730769230769232e-13,193.2802198677964,,,23.912101001147153,23.809481889871922,24.00209023346223,23.923134054003437,24.184370465314323
sensor,1979-06-18 03:10,450,13.3,23.890293412874257,Core_ZN,4.038461538461539e-09,6.730769230769232e-13,193.2802198677971,,,23.890293412874257,23.780533204893974,23.97176576574154,23.895185594323085,24.153413210903082
sensor,1979-06-18 03:20,451,13.300000000000002,23.870028608337012,Core_ZN,4.038461538461539e-09,6.730769230769232e-13,193.28021986779777,,,23.870028608337012,23.75310745237577,23.942799370467316,23.868637012625705,24.123816421742017
sensor,1979-06-18 03:30,452,13.3,23.850447760769445,Core_ZN,4.038461538461539e-09,6.730769230769232e-13,193.28021986779845,,,23.850447760769445,23.726384647282114,23.91444831868851,23.842711500263995,24.094833313811424
sensor,1979-06-18 03:40,453,13.3,23.831242704356743,Core_ZN,4.038461538461539e-09,6.730769230769232e-13,193.28021986779913,,,23.831242704356743,23.700660907475758,23.886488963262103,23.816995608194755,24.06623886144272
sensor,1979-06-18 03:50,454,13.3,23.812291598820604,Core_ZN,4.038461538461539e-09,6.730769230769232e-13,193.28021986779981,,,23.812291598820604,23.674484202966404,23.858836559327564,23.79184173400201,24.037947472362788
sensor,1979-06-18 03:60,455,13.3,23.793535731142235,Core_ZN,4.038461538461539e-09,6.730769230769232e-13,193.2802198678005,,,23.793535731142235,23.64857384400315,23.831445153033663,23.76699774709217,24.009912564080434
decision,1979-06-18 03:60,455,13.3,23.793535731142235,Core_ZN,4.038461538461539e-09,6.730769230769232e-13,193.2802198678005,"{""cooling"": {""Core_ZN"": 27.0, ""Perimeter_ZN_1"": 27.0, ""Perimeter_ZN_2"": 27.0, ""Perimeter_ZN_3"": 27.0, ""Perimeter_ZN_4"": 27.0}, ""heating"": {""Core_ZN"": 21.0, ""Perimeter_ZN_1"": 21.0, ""Perimeter_ZN_2"": 21.0, ""Perimeter_ZN_3"": 21.0, ""Perimeter_ZN_4"": 21.0}}",Heuristic fallback (rate-limit): Night setback cooling=27.0°C multi-zone x5,23.793535731142235,23.64857384400315,23.831445153033663,23.76699774709217,24.009912564080434
sensor,1979-06-18 04:10,456,13.3,23.786003013354293,Core_ZN,4.038461538461539e-09,6.730769230769232e-13,193.28021986780118,,,23.786003013354293,23.632699240577633,23.813958964626746,23.752154832623305,23.991521203989432
sensor,1979-06-18 04:20,457,13.300000000000002,23.775796463990375,Core_ZN,4.038461538461539e-09,6.730769230769232e-13,193.28021986780186,,,23.775796463990375,23.612398001976157,23.792107082757692,23.733000765324213,23.968662182137436
sensor,1979-06-18 04:30,458,13.3,23.762911588996374,Core_ZN,4.038461538461539e-09,6.730769230769232e-13,193.28021986780254,,,23.762911588996374,23.599141848372017,23.783499105853995,23.72309021869548,23.952059349546158
sensor,1979-06-18 04:40,459,13.3,23.74918919268655,Core_ZN,4.038461538461539e-09,6.730769230769232e-13,193.28021986780323,,,23.74918919268655,23.58556763577485,23.7760938812188,23.713491550660496,23.93499877414577
sensor,1979-06-18 04:50,460,13.3,23.73525560752933,Core_ZN,4.038461538461539e-09,6.730769230769232e-13,193.2802198678039,,,23.73525560752933,23.572339907228887,23.769283232962636,23.70374083956164,23.91824281345368
sensor,1979-06-18 04:60,461,13.3,23.72135271478038,Core_ZN,4.038461538461539e-09,6.730769230769232e-13,193.2802198678046,,,23.72135271478038,23.559859032385308,23.760533786885453,23.692801202241373,23.902166481320183
sensor,1979-06-18 05:13,462,13.3,24.198041375312492,Core_ZN,2293.7456285238723,0.38229093808731207,193.6625108058919,,,24.198041375312492,23.981061197317025,24.310065892148565,24.124772036540392,24.44326680839293
sensor,1979-06-18 05:25,463,13.300000000000002,24.650953625091876,Core_ZN,2395.1275076877237,0.39918791794795394,194.06169872383987,,,24.650953625091876,24.368972862449183,24.785138516183117,24.51945399300348,24.898907954185457
sensor,1979-06-18 05:30,464,13.3,24.883154672010242,Core_ZN,2211.2181990307886,0.3685363665051314,194.430235090345,,,24.883154672010242,24.569225600207737,25.0270591143069,24.71915126719955,25.132401081641135
sensor,1979-06-18 05:40,465,13.3,24.923390946526222,Core_ZN,2297.914785214921,0.38298579753582007,194.81322088788082,,,24.923390946526222,24.610921498743142,25.084468987089895,24.76656170103209,25.162654082585842
sensor,1979-06-18 05:50,466,13.3,25.018344088589178,Core_ZN,2211.2181990307886,0.3685363665051314,195.18175725438596,,,25.018344088589178,24.70940333829546,25.264696677163865,24.873559521670717,25.299109260167043
sensor,1979-06-18 05:60,467,13.3,25.07443137238264,Core_ZN,2246.793451157178,0.374465575192863,195.55622282957881,,,25.07443137238264,24.77641752257198,25.32344544846106,24.912692163807648,25.327182228932692
sensor,1979-06-18 06:15,468,13.483333333333334,24.626443116125465,Core_ZN,2211.2181990307886,0.3685363665051314,195.92475919608395,,,24.626443116125465,24.369682865707933,25.05864600719803,24.522810257466723,25.001383734521074
sensor,1979-06-18 06:25,469,13.666666666666668,24.35787567339112,Core_ZN,2211.2181990307886,0.3685363665051314,196.2932955625891,,,24.35787567339112,24.116720386423225,24.94802420578872,24.285500637553618,24.840525344377973
sensor,1979-06-18 06:35,470,13.850000000000001,24.206940281072804,Core_ZN,2211.2181990307886,0.3685363665051314,196.66183192909423,,,24.206940281072804,24.005587995669856,24.936482843840885,24.166259425187377,24.76088051733592
sensor,1979-06-18 06:45,471,14.033333333333335,24.130183162091434,Core_ZN,2211.2181990307886,0.3685363665051314,197.03036829559937,,,24.130183162091434,23.975444284712168,24.956445093351125,24.121458182960772,24.728164050787374
sensor,1979-06-18 06:55,472,14.216666666666667,24.101264531212713,Core_ZN,2211.2181990307886,0.3685363665051314,197.3989046621045,,,24.101264531212713,23.98181119929557,24.985944253208,24.11303691369546,24.72554354033042
sensor,1979-06-18 06:65,473,14.4,24.098418382265656,Core_ZN,2211.2181990307886,0.3685363665051314,197.76744102860965,,,24.098418382265656,24.002082312515295,25.01759052346639,24.120540925266013,24.740123036696325
sensor,1979-06-18 07:15,474,14.683333333333334,24.59014813167177,Core_ZN,2376.6811563150113,0.39611352605250183,198.16355455466214,,,24.59014813167177,24.48826131783909,25.450722956121112,24.59456816992354,25.177188016284063
sensor,1979-06-18 07:25,475,14.966666666666669,24.995410723150354,Core_ZN,2345.264444581888,0.3908774074303146,198.55443196209245,,,24.995410723150354,24.872103116627272,25.74264764152344,24.969854966754788,25.484043112314666
sensor,1979-06-18 07:35,476,15.25,25.249142011729163,Core_ZN,2298.695584371423,0.38311593072857053,198.93754789282102,,,25.249142011729163,25.11820689668994,25.93619634229532,25.207037448768567,25.68907960641357
sensor,1979-06-18 07:45,477,15.533333333333335,25.421746792107005,Core_ZN,2273.469945919437,0.3789116576532395,199.31645955047426,,,25.421746792107005,25.289294875809276,26.07831135277719,25.371174623279277,25.843959366677645
sensor,1979-06-18 07:50,478,15.816666666666666,25.583182541932057,Core_ZN,2211.2181990307886,0.3685363665051314,199.6849959169794,,,25.583182541932057,25.450965624203814,26.211692077138153,25.52573429255135,25.994793604003064
sensor,1979-06-18 07:60,479,16.1,25.660592849380553,Core_ZN,2270.455943683085,0.37840932394718085,200.06340524092658,,,25.660592849380553,25.52802976699247,26.261045356297473,25.5985255368955,26.05551574300996
decision,1979-06-18 07:60,479,16.1,25.660592849380553,Core_ZN,2270.455943683085,0.37840932394718085,200.06340524092658,"{""cooling"": {""Core_ZN"": 25.0, ""Perimeter_ZN_1"": 25.0, ""Perimeter_ZN_2"": 25.0, ""Perimeter_ZN_3"": 25.0, ""Perimeter_ZN_4"": 25.0}, ""heating"": {""Core_ZN"": 21.0, ""Perimeter_ZN_1"": 21.0, ""Perimeter_ZN_2"": 21.0, ""Perimeter_ZN_3"": 21.0, ""Perimeter_ZN_4"": 21.0}}",Heuristic fallback (rate-limit): Zone warm (25.7°C) — cooling=24.5°C multi-zone x5,25.660592849380553,25.52802976699247,26.261045356297473,25.5985255368955,26.05551574300996
sensor,1979-06-18 08:13,480,16.200000000000003,25.02130577123299,Core_ZN,3003.146127579727,0.5005243545966211,200.5639295955232,,,25.02130577123299,25.018442007817004,25.074328891249156,25.02167224663899,25.060816004595203
sensor,1979-06-18 08:20,481,16.300000000000004,24.999561068896146,Core_ZN,2986.142876299968,0.497690479383328,201.06162007490653,,,24.999561068896146,24.99978586169089,25.00115765863416,24.999810621375282,25.000844431396978
sensor,1979-06-18 08:30,482,16.4,24.999391117570333,Core_ZN,2999.1234766397115,0.4998539127732853,201.56147398767982,,,24.999391117570333,24.99963308017662,25.000183083507824,24.999644039079577,25.000081841348944
sensor,1979-06-18 08:40,483,16.5,24.999347003786205,Core_ZN,3029.568269476339,0.5049280449127231,202.06640203259255,,,24.999347003786205,24.999589929556336,24.99985516118471,24.999596794168855,24.999825459798483
sensor,1979-06-18 08:55,484,16.599999999999998,24.999593696282147,Core_ZN,3063.087336443543,0.5105145560739237,202.57691658866648,,,24.999593696282147,24.999730706306426,24.999812499291416,24.99973459385781,24.999797035378805
sensor,1979-06-18 08:65,485,16.7,24.99959788130726,Core_ZN,3097.954484466012,0.516325747411002,203.09324233607748,,,24.99959788130726,24.99972408428298,24.99980143391697,24.99973046125813,24.999794361308265
sensor,1979-06-18 09:15,486,16.78333333333333,24.999587178069078,Core_ZN,3129.9958167440686,0.5216659694573447,203.6149083055348,,,24.999587178069078,24.999707620281274,24.999793657843618,24.999716758077717,24.99978749427318
sensor,1979-06-18 09:25,487,16.866666666666667,24.999574534415245,Core_ZN,3162.384691468351,0.5270641152447251,204.14197242077952,,,24.999574534415245,24.99969024378352,24.999786471393968,24.99970231971544,24.999780156889393
sensor,1979-06-18 09:35,488,16.95,24.999563431929737,Core_ZN,3194.6294270917747,0.5324382378486291,204.67441065862815,,,24.999563431929737,24.999672871881657,24.999779333717434,24.999688022742497,24.99977268773566
sensor,1979-06-18 09:45,489,17.03333333333333,24.99955335660676,Core_ZN,3214.3456498269843,0.535724274971164,205.2101349335993,,,24.99955335660676,24.99966396187844,24.999776793450096,24.99968026305432,24.999769178985083
sensor,1979-06-18 09:55,490,17.116666666666667,24.999544390612108,Core_ZN,3229.0016311094364,0.5381669385182394,205.74830187211754,,,24.999544390612108,24.99965827936964,24.999776005356054,24.999675013041887,24.999767361091237
sensor,1979-06-18 09:60,491,17.2,24.999294184320345,Core_ZN,3241.791317830129,0.5402985529716882,206.28860042508921,,,24.999294184320345,24.999485275506334,24.99968973046722,24.99951209576972,24.999676085401394
sensor,1979-06-18 10:10,492,17.016666666666666,24.999246151526854,Core_ZN,3219.7015688073507,0.5366169281345584,206.82521735322376,,,24.999246151526854,24.999463032202197,24.999675598383433,24.99948919323763,24.999665007998214
sensor,1979-06-18 10:20,493,16.833333333333336,24.999231852876424,Core_ZN,3196.4389352568687,0.5327398225428114,207.3579571757666,,,24.999231852876424,24.99946189406374,24.999674276673428,24.999486664718287,24.999663800097878
sensor,1979-06-18 10:30,494,16.65,24.999206449733787,Core_ZN,3170.5464918336165,0.5284244153056027,207.8863815910722,,,24.999206449733787,24.999466883980983,24.999677571085282,24.999489949980543,24.999666331801638
sensor,1979-06-18 10:40,495,16.46666666666667,24.999198373755338,Core_ZN,3152.3498935274215,0.5253916489212369,208.41177323999344,,,24.999198373755338,24.99947001957679,24.999680884868035,24.999492178128115,24.99966890426172
sensor,1979-06-18 10:50,496,16.283333333333335,24.999194565055237,Core_ZN,3136.2398071764223,0.5227066345294037,208.93447987452285,,,24.999194565055237,24.999469606243565,24.99968314027628,24.999491917578165,24.999670304684845
sensor,1979-06-18 10:60,497,16.1,24.999191975117263,Core_ZN,3121.0115831868275,0.5201685971978045,209.45464847172065,,,24.999191975117263,24.999467564529795,24.999684510837284,24.99949051420483,24.999670949446987
sensor,1979-06-18 11:10,498,15.916666666666668,24.999271134829893,Core_ZN,2905.4024634823963,0.48423374391373275,209.93888221563438,,,24.999271134829893,24.999510629671427,24.999700832631582,24.99953148766366,24.999684238435623
sensor,1979-06-18 11:20,499,15.733333333333336,24.999463523882127,Core_ZN,2885.8224019968857,0.48097040033281424,210.4198526159672,,,24.999463523882127,24.999672316389674,24.999813445997017,24.999688377726777,24.99980150833874
sensor,1979-06-18 11:30,500,15.55,24.99949592133921,Core_ZN,2869.745048016402,0.478290841336067,210.89814345730326,,,24.99949592133921,24.999717930691773,24.9998486003072,24.999733123038375,24.999837987539955
sensor,1979-06-18 11:40,501,15.366666666666667,24.999511388673398,Core_ZN,2858.9342949822712,0.4764890491637118,211.37463250646698,,,24.999511388673398,24.99973406917504,24.99985753690252,24.999748903870614,24.999847584302923
sensor,1979-06-18 11:50,502,15.183333333333334,24.999521671723887,Core_ZN,2850.707055832427,0.4751178426387378,211.8497503491057,,,24.999521671723887,24.999741171995517,24.999857555043576,24.99975604581676,24.999848094279198
sensor,1979-06-18 11:60,503,15.0,24.999529586646357,Core_ZN,2844.198463777428,0.474033077296238,212.32378342640195,,,24.999529586646357,24.999744960868526,24.9998547012985,24.999760136301497,24.9998456660871
decision,1979-06-18 11:60,503,15.0,24.999529586646357,Core_ZN,2844.198463777428,0.474033077296238,212.32378342640195,"{""cooling"": {""Core_ZN"": 25.0, ""Perimeter_ZN_1"": 25.0, ""Perimeter_ZN_2"": 25.0, ""Perimeter_ZN_3"": 25.0, ""Perimeter_ZN_4"": 25.0}, ""heating"": {""Core_ZN"": 21.0, ""Perimeter_ZN_1"": 21.0, ""Perimeter_ZN_2"": 21.0, ""Perimeter_ZN_3"": 21.0, ""Perimeter_ZN_4"": 21.0}}","Heuristic fallback (rate-limit): Hold mid-band cooling=23.0°C (margin=0.0, trend=stable) multi-zone x5",24.999529586646357,24.999744960868526,24.9998547012985,24.999760136301497,24.9998456660871
sensor,1979-06-18 12:10,504,15.1,24.999475667975574,Core_ZN,3067.618617318403,0.5112697695530671,212.83505319595503,,,24.999475667975574,24.999718923446554,24.9998343385166,24.99973613892576,24.999829831273814
sensor,1979-06-18 12:25,505,15.200000000000001,24.99960514504464,Core_ZN,3105.1198400329304,0.5175199733388217,213.35257316929386,,,24.99960514504464,24.999748377211365,24.999838577743322,24.999767392488152,24.999828033051834
sensor,1979-06-18 12:35,506,15.3,24.999579441240257,Core_ZN,3139.944197738075,0.5233240329563458,213.8758972022502,,,24.999579441240257,24.9997182082555,24.99980926466196,24.999738717950876,24.999799291672602
sensor,1979-06-18 12:40,507,15.399999999999999,24.999343765914634,Core_ZN,3169.9879620506354,0.5283313270084392,214.40422852925863,,,24.999343765914634,24.999566533798916,24.999710915608652,24.99959748467434,24.99969773852366
sensor,1979-06-18 12:50,508,15.5,24.99924656492563,Core_ZN,3200.3037625511006,0.5333839604251833,214.9376124896838,,,24.99924656492563,24.999492951539388,24.999641826373622,24.99952531996248,24.99962965082689
sensor,1979-06-18 12:60,509,15.6,24.999224024310013,Core_ZN,3230.5697272628618,0.5384282878771436,215.47604077756094,,,24.999224024310013,24.99947406340407,24.999614946053097,24.999507241016225,24.999603230037927
sensor,1979-06-18 13:10,510,15.866666666666667,24.999240851191256,Core_ZN,3278.377747433649,0.5463962912389415,216.0224370687999,,,24.999240851191256,24.99948785138629,24.999619490257142,24.999522317096915,24.99960792859251
sensor,1979-06-18 13:20,511,16.133333333333333,24.999222177548713,Core_ZN,3323.0481263870392,0.5538413543978398,216.57627842319772,,,24.999222177548713,24.999465299831655,24.999618895146103,24.999504615330853,24.999605277547364
sensor,1979-06-18 13:30,512,16.4,24.999248954417293,Core_ZN,3368.726184667513,0.5614543641112522,217.13773278730898,,,24.999248954417293,24.999436018155173,24.999616291755487,24.999480135703273,24.99959897958914
sensor,1979-06-18 13:45,513,16.666666666666664,24.999499894408544,Core_ZN,3410.772660517382,0.5684621100862304,217.70619489739522,,,24.999499894408544,24.99960893276309,24.999756508233695,24.999645728550085,24.999726866451176
sensor,1979-06-18 13:55,514,16.933333333333334,24.999504834637975,Core_ZN,3455.356819936811,0.5758928033228018,218.28208770071802,,,24.999504834637975,24.99959733175529,24.999754070346732,24.999633255105994,24.999719593214223
sensor,1979-06-18 13:65,515,17.2,24.99949252727508,Core_ZN,3501.2171738741577,0.5835361956456929,218.86562389636373,,,24.99949252727508,24.999581638677867,24.999748658412678,24.999618841801876,24.999698771421862
sensor,1979-06-18 14:15,516,17.383333333333333,24.999489886481662,Core_ZN,3540.1191040183503,0.590019850669725,219.45564374703346,,,24.999489886481662,24.99957613491028,24.99974576304343,24.99961358952323,24.9996793822148
sensor,1979-06-18 14:23,517,17.566666666666666,24.9996207011,Core_ZN,3580.0821104997513,0.5966803517499585,220.05232409878343,,,24.9996207011,24.99968017564525,24.99980889763826,24.999709294377077,24.999728825168486
sensor,1979-06-18 14:33,518,17.75,24.99963120101654,Core_ZN,3625.5437962509354,0.6042572993751558,220.65658139815858,,,24.99963120101654,24.99968642150865,24.999811576319377,24.999713860018197,24.999721127810098
sensor,1979-06-18 14:43,519,17.933333333333334,24.99962976259409,Core_ZN,3667.866278319293,0.6113110463865488,221.26789244454514,,,24.99962976259409,24.999685128310226,24.99981038571251,24.999711518635316,24.999702253341155
sensor,1979-06-18 14:55,520,18.116666666666667,24.99947450034669,Core_ZN,3710.3578459323066,0.6183929743220511,221.8862854188672,,,24.99947450034669,24.999560584760594,24.99974325454788,24.999596074160344,24.999540461471476
sensor,1979-06-18 14:65,521,18.3,24.999475586264573,Core_ZN,3753.1360071773743,0.6255226678628957,222.5118080867301,,,24.999475586264573,24.999558966708022,24.999736651796592,24.99959297747033,24.999545870241217
sensor,1979-06-18 15:15,522,18.400000000000002,24.999469095148797,Core_ZN,3784.6034261697982,0.6307672376949663,223.14257532442505,,,24.999469095148797,24.999552095245864,24.999732970321865,24.999585978995825,24.999522241163618
sensor,1979-06-18 15:25,523,18.5,24.99944550988084,Core_ZN,3815.5325936293943,0.6359220989382324,223.7784974233633,,,24.99944550988084,24.999545969222176,24.999730537812862,24.99957972288027,24.999497358098598
sensor,1979-06-18 15:35,524,18.6,24.999434466412982,Core_ZN,3844.2633010354607,0.6407105501725767,224.41920797353586,,,24.999434466412982,24.999540313393194,24.99972845167307,24.999574297569954,24.999473034215494
sensor,1979-06-18 15:40,525,18.7,24.999141135441846,Core_ZN,3860.759084477487,0.6434598474129144,225.06266782094877,,,24.999141135441846,24.99932222210948,24.999624877573574,24.99937262975518,24.999277408651977
sensor,1979-06-18 15:50,526,18.8,24.99908070207227,Core_ZN,3870.0419445906014,0.6450069907651002,225.70767481171387,,,24.99908070207227,24.99928725762254,24.999600585498374,24.999338762633727,24.999271603719983
sensor,1979-06-18 15:60,527,18.9,24.99906081277908,Core_ZN,3876.088407079486,0.6460147345132476,226.35368954622712,,,24.99906081277908,24.999278896800448,24.999593914324404,24.999329629061947,24.99927629520365
decision,1979-06-18 15:60,527,18.9,24.99906081277908,Core_ZN,3876.088407079486,0.6460147345132476,226.35368954622712,"{""cooling"": {""Core_ZN"": 23.5, ""Perimeter_ZN_1"": 23.5, ""Perimeter_ZN_2"": 23.5, ""Perimeter_ZN_3"": 23.5, ""Perimeter_ZN_4"": 23.5}, ""heating"": {""Core_ZN"": 21.0, ""Perimeter_ZN_1"": 21.0, ""Perimeter_ZN_2"": 21.0, ""Perimeter_ZN_3"": 21.0, ""Perimeter_ZN_4"": 21.0}}","Heuristic fallback (rate-limit): Hold mid-band cooling=23.0°C (margin=0.001, trend=stable) multi-zone x5",24.99906081277908,24.999278896800448,24.999593914324404,24.999329629061947,24.99927629520365
sensor,1979-06-18 16:13,528,18.8,23.526771121079534,Core_ZN,4545.94119658735,0.7576568660978916,227.11134641232502,,,23.526771121079534,23.52897203933469,23.549770037632502,23.530142564771452,23.547328154114254
sensor,1979-06-18 16:25,529,18.7,23.50193899117096,Core_ZN,4804.455049633683,0.8007425082722804,227.9120889205973,,,23.50193899117096,23.5023511104397,23.50839898950509,23.502672590730754,23.50695689093958
sensor,1979-06-18 16:35,530,18.6,23.4996397955585,Core_ZN,4526.078762988189,0.7543464604980314,228.66643538109534,,,23.4996397955585,23.499784120797877,23.501157876851938,23.499863911446724,23.500702951142337
sensor,1979-06-18 16:43,531,18.5,23.499513758934608,Core_ZN,4336.385700941203,0.7227309501568671,229.3891663312522,,,23.499513758934608,23.49958385191247,23.499858011060304,23.49961148146957,23.4996810695336
sensor,1979-06-18 16:53,532,18.400000000000002,23.4996382496197,Core_ZN,4182.987266543822,0.6971645444239704,230.08633087567617,,,23.4996382496197,23.499709784352603,23.499855129110415,23.499727267635365,23.49976821221934
sensor,1979-06-18 16:63,533,18.3,23.49968239436077,Core_ZN,4051.382572119421,0.6752304286865702,230.76156130436274,,,23.49968239436077,23.499755680432777,23.49987215771918,23.499767257546978,23.499813214459337
sensor,1979-06-18 17:13,534,18.116666666666667,23.49979778215998,Core_ZN,3727.833589102983,0.6213055981838305,231.38286690254657,,,23.49979778215998,23.49985563351583,23.499925411794315,23.499860895862756,23.499897814399176
sensor,1979-06-18 17:23,535,17.933333333333334,23.499835319547152,Core_ZN,3588.5018835880687,0.5980836472646781,231.98095054981124,,,23.499835319547152,23.49988923202472,23.49994240248204,23.49989203696394,23.49992816090811
sensor,1979-06-18 17:33,536,17.75,23.49986703114244,Core_ZN,3466.6157542571427,0.5777692923761903,232.55871984218743,,,23.49986703114244,23.499910305833897,23.499940783749345,23.49991144432925,23.49994257378983
sensor,1979-06-18 17:43,537,17.566666666666666,23.499852314433767,Core_ZN,3374.967547748477,0.5624945912914128,233.12121443347885,,,23.499852314433767,23.499905751938346,23.499935859706405,23.4999059216984,23.499941345967756
sensor,1979-06-18 17:53,538,17.383333333333333,23.499887058886625,Core_ZN,3297.7603905916726,0.5496267317652788,233.67084116524413,,,23.499887058886625,23.499935645515556,23.499962803881147,23.499935719406523,23.499960590842782
sensor,1979-06-18 17:63,539,17.2,23.49989833033091,Core_ZN,3233.9745405568874,0.5389957567594812,234.2098369220036,,,23.49989833033091,23.499944757434278,23.499968870284434,23.49994362525185,23.49996469604495
sensor,1979-06-18 18:13,540,16.933333333333334,23.49990398159001,Core_ZN,3161.744115700142,0.5269573526166903,234.73679427462028,,,23.49990398159001,23.49994956283082,23.499971586577267,23.499947464442464,23.499966045211053
sensor,1979-06-18 18:23,541,16.666666666666664,23.49991237333593,Core_ZN,3093.8361506261226,0.515639358437687,235.25243363305796,,,23.49991237333593,23.499953571674382,23.499973845021948,23.499950588487103,23.49996718422732
sensor,1979-06-18 18:33,542,16.4,23.499917219696943,Core_ZN,3031.4202100013454,0.5052367016668908,235.75767033472485,,,23.499917219696943,23.49995690521845,23.500245708186497,23.49995310628439,23.499968056929944
sensor,1979-06-18 18:43,543,16.133333333333333,23.49992076794058,Core_ZN,2969.8536489169487,0.49497560815282476,236.25264594287768,,,23.49992076794058,23.499959627321605,23.500238648983505,23.499955740831805,23.49996956631778
sensor,1979-06-18 18:53,544,15.866666666666665,23.499923382748353,Core_ZN,2910.493837933684,0.48508230632228067,236.73772824919996,,,23.499923382748353,23.499962583824882,23.50021759026044,23.49995781522909,23.499971146235122
sensor,1979-06-18 18:63,545,15.6,23.499926394873775,Core_ZN,2850.9973795789956,0.4751662299298326,237.2128944791298,,,23.499926394873775,23.499965316136034,23.5001943708748,23.499960452940233,23.499973044808737
sensor,1979-06-18 19:13,546,15.316666666666666,23.49993910470859,Core_ZN,2755.2331756702774,0.45920552927837954,237.6721000084082,,,23.49993910470859,23.499974171387418,23.500169689573468,23.49996997511553,23.499980493721516
sensor,1979-06-18 19:23,547,15.033333333333333,23.499943373345815,Core_ZN,2690.068316817393,0.44834471946956556,238.12044472787775,,,23.499943373345815,23.500135582050625,23.500148766935265,23.500093199799355,23.499983637061728
sensor,1979-06-18 19:33,548,14.75,23.499946945438506,Core_ZN,2623.478965478149,0.43724649424635814,238.5576912221241,,,23.499946945438506,23.500113304890526,23.50012922430977,23.50012969144133,23.499986443482744
sensor,1979-06-18 19:43,549,14.466666666666665,23.499950110594238,Core_ZN,2570.010832558837,0.4283351387598062,238.98602636088393,,,23.499950110594238,23.500088566181848,23.500112416716377,23.500109382408624,23.500257311882386
sensor,1979-06-18 19:53,550,14.183333333333334,23.49995281009059,Core_ZN,2521.272777133114,0.42021212952218556,239.4062384904061,,,23.49995281009059,23.500065129266222,23.500097327857006,23.500087579672915,23.500249499895553
sensor,1979-06-18 19:65,551,13.9,23.500129335146486,Core_ZN,2475.707604570212,0.41261793409503533,239.81885642450115,,,23.500129335146486,23.50005203196978,23.50010259520527,23.500083595311136,23.50029820966938
decision,1979-06-18 19:65,551,13.9,23.500129335146486,Core_ZN,2475.707604570212,0.41261793409503533,239.81885642450115,"{""cooling"": {""Core_ZN"": 25.0, ""Perimeter_ZN_1"": 25.0, ""Perimeter_ZN_2"": 25.0, ""Perimeter_ZN_3"": 25.0, ""Perimeter_ZN_4"": 25.0}, ""heating"": {""Core_ZN"": 21.0, ""Perimeter_ZN_1"": 21.0, ""Perimeter_ZN_2"": 21.0, ""Perimeter_ZN_3"": 21.0, ""Perimeter_ZN_4"": 21.0}}",Heuristic fallback (rate-limit): Night setback cooling=27.0°C multi-zone x5,23.500129335146486,23.50005203196978,23.50010259520527,23.500083595311136,23.50029820966938
sensor,1979-06-18 20:15,552,13.8,23.6548353627716,Core_ZN,2258.8858034411446,0.37648096724019076,240.19533739174133,,,23.6548353627716,23.558451681265545,23.74203555053259,23.604557713539844,23.830837756898823
sensor,1979-06-18 20:25,553,13.700000000000001,23.7375928186571,Core_ZN,2230.867821788715,0.37181130363145243,240.5671486953728,,,23.7375928186571,23.570824263835263,23.870362382498183,23.642795507018683,24.002424596674164
sensor,1979-06-18 20:35,554,13.600000000000001,23.766690287818037,Core_ZN,2211.2181990307886,0.3685363665051314,240.93568506187793,,,23.766690287818037,23.5569610922356,23.941585602418023,23.641559607768198,24.098928564822096
sensor,1979-06-18 20:45,555,13.5,23.77013861897982,Core_ZN,2211.2181990307886,0.3685363665051314,241.30422142838307,,,23.77013861897982,23.533729112271693,23.972025935868594,23.625697435044017,24.14361256543208
sensor,1979-06-18 20:55,556,13.4,23.762143729204197,Core_ZN,2211.2181990307886,0.3685363665051314,241.6727577948882,,,23.762143729204197,23.50668031209723,23.977086931388627,23.603721813001624,24.157080341241908
sensor,1979-06-18 20:60,557,13.3,23.746742804379014,Core_ZN,2211.2181990307886,0.3685363665051314,242.04129416139335,,,23.746742804379014,23.474371634760153,23.968674931088497,23.575949843568875,24.155023883190577
sensor,1979-06-18 21:10,558,13.3,23.750885280047825,Core_ZN,4.038461538461539e-09,6.730769230769232e-13,242.04129416139403,,,23.750885280047825,23.50563904386129,23.727051802490937,23.60182690512054,23.944879469479673
sensor,1979-06-18 21:20,559,13.300000000000002,23.738971120668385,Core_ZN,4.038461538461539e-09,6.730769230769232e-13,242.04129416139472,,,23.738971120668385,23.49672925120151,23.64725078757456,23.59365415954119,23.877186397597214
sensor,1979-06-18 21:30,560,13.3,23.72536670141532,Core_ZN,4.038461538461539e-09,6.730769230769232e-13,242.0412941613954,,,23.72536670141532,23.48066844734733,23.605587306218144,23.57929281354063,23.84095328988924
sensor,1979-06-18 21:40,561,13.3,23.711155640053732,Core_ZN,4.038461538461539e-09,6.730769230769232e-13,242.04129416139608,,,23.711155640053732,23.46253561603328,23.57578664722789,23.563078747785323,23.81476974332034
sensor,1979-06-18 21:50,562,13.3,23.696854715327426,Core_ZN,4.038461538461539e-09,6.730769230769232e-13,242.04129416139676,,,23.696854715327426,23.444033063814878,23.550644115300027,23.54649701475351,23.79227003071673
sensor,1979-06-18 21:60,563,13.3,23.682634386429193,Core_ZN,4.038461538461539e-09,6.730769230769232e-13,242.04129416139745,,,23.682634386429193,23.42561385258241,23.527765615043744,23.529999999682424,23.771287062820463
sensor,1979-06-18 22:10,564,13.4,23.66173031089266,Core_ZN,4.038461538461539e-09,6.730769230769232e-13,242.04129416139813,,,23.66173031089266,23.400785424046177,23.499726665330364,23.506613993423326,23.744966119279816
sensor,1979-06-18 22:20,565,13.500000000000002,23.6464165049322,Core_ZN,4.038461538461539e-09,6.730769230769232e-13,242.0412941613988,,,23.6464165049322,23.38161459175204,23.477956367718736,23.488659591299406,23.724725950143725
sensor,1979-06-18 22:30,566,13.600000000000001,23.634343879963804,Core_ZN,4.038461538461539e-09,6.730769230769232e-13,242.0412941613995,,,23.634343879963804,23.36550762445636,23.459442381208383,23.47364208440373,23.707494360447296
sensor,1979-06-18 22:40,567,13.7,23.62394203217519,Core_ZN,4.038461538461539e-09,6.730769230769232e-13,242.04129416140017,,,23.62394203217519,23.350988551479315,23.442687435767194,23.460110653725106,23.691780823164862
sensor,1979-06-18 22:50,568,13.8,23.61461225387357,Core_ZN,4.038461538461539e-09,6.730769230769232e-13,242.04129416140086,,,23.61461225387357,23.337541893446236,23.427171768771416,23.447555997383613,23.67708604514861
sensor,1979-06-18 22:60,569,13.9,23.60632512565617,Core_ZN,4.038461538461539e-09,6.730769230769232e-13,242.04129416140154,,,23.60632512565617,23.3251912238763,23.41293904165018,23.435998413764707,23.663464852707015
sensor,1979-06-18 23:10,570,13.9,23.577491368934684,Core_ZN,4.038461538461539e-09,6.730769230769232e-13,242.04129416140222,,,23.577491368934684,23.294428796278204,23.380525691741564,23.405870962084606,23.631744040346014
sensor,1979-06-18 23:20,571,13.9,23.557319542456295,Core_ZN,4.038461538461539e-09,6.730769230769232e-13,242.0412941614029,,,23.557319542456295,23.27363480859637,23.358301597251256,23.38548771132999,23.609925405086678
sensor,1979-06-18 23:30,572,13.9,23.54001442665677,Core_ZN,4.038461538461539e-09,6.730769230769232e-13,242.04129416140358,,,23.54001442665677,23.255721649372884,23.338754657736633,23.367939296412775,23.590540217200378
sensor,1979-06-18 23:40,573,13.899999999999999,23.523877964638338,Core_ZN,4.038461538461539e-09,6.730769230769232e-13,242.04129416140427,,,23.523877964638338,23.238976846671374,23.320285023582844,23.35150019771465,23.572060193132735
sensor,1979-06-18 23:50,574,13.9,23.508290728003498,Core_ZN,4.038461538461539e-09,6.730769230769232e-13,242.04129416140495,,,23.508290728003498,23.22282802108418,23.302387660715493,23.335590791554672,23.554014159612144
sensor,1979-06-18 23:60,575,13.9,23.49301473656002,Core_ZN,4.038461538461539e-09,6.730769230769232e-13,242.04129416140563,,,23.49301473656002,23.207066755226215,23.284883236071177,23.320000974021685,23.53624279326659
decision,1979-06-18 23:60,575,13.9,23.49301473656002,Core_ZN,4.038461538461539e-09,6.730769230769232e-13,242.04129416140563,"{""cooling"": {""Core_ZN"": 26.5, ""Perimeter_ZN_1"": 26.5, ""Perimeter_ZN_2"": 26.5, ""Perimeter_ZN_3"": 26.5, ""Perimeter_ZN_4"": 26.5}, ""heating"": {""Core_ZN"": 21.0, ""Perimeter_ZN_1"": 21.0, ""Perimeter_ZN_2"": 21.0, ""Perimeter_ZN_3"": 21.0, ""Perimeter_ZN_4"": 21.0}}",Heuristic fallback (rate-limit): Night setback cooling=27.0°C multi-zone x5,23.49301473656002,23.207066755226215,23.284883236071177,23.320000974021685,23.53624279326659
sensor,1979-06-19 00:10,576,13.983333333333334,23.48171808835284,Core_ZN,4.038461538461539e-09,6.730769230769232e-13,242.0412941614063,,,23.48171808835284,23.19515133554434,23.271588365635175,23.308225252186826,23.522440400016798
sensor,1979-06-19 00:20,577,14.066666666666666,23.472004359298747,Core_ZN,4.038461538461539e-09,6.730769230769232e-13,242.041294161407,,,23.472004359298747,23.18469557238079,23.259758747150396,23.29786740209736,23.509950725776264
sensor,1979-06-19 00:30,578,14.15,23.463117797234524,Core_ZN,4.038461538461539e-09,6.730769230769232e-13,242.04129416140768,,,23.463117797234524,23.175086932599594,23.24877569492591,23.288301947307556,23.49819262141301
sensor,1979-06-19 00:40,579,14.233333333333334,23.45476050701333,Core_ZN,4.038461538461539e-09,6.730769230769232e-13,242.04129416140836,,,23.45476050701333,23.166104613555518,23.238423702779123,23.279301744037976,23.486971145316637
sensor,1979-06-19 00:50,580,14.316666666666666,23.446801012098256,Core_ZN,4.038461538461539e-09,6.730769230769232e-13,242.04129416140904,,,23.446801012098256,23.157652472481466,23.228606985040738,23.270767673859268,23.476204775419813
sensor,1979-06-19 00:60,581,14.4,23.439170510636572,Core_ZN,4.038461538461539e-09,6.730769230769232e-13,242.04129416140972,,,23.439170510636572,23.14967764830798,23.219268557423007,23.262645037977915,23.465848275838006
sensor,1979-06-19 01:10,582,14.783333333333333,23.445431030221005,Core_ZN,4.038461538461539e-09,6.730769230769232e-13,242.0412941614104,,,23.445431030221005,23.15460555827637,23.223185823785563,23.26668174527577,23.468907358840397
sensor,1979-06-19 01:20,583,15.166666666666668,23.457326806797166,Core_ZN,4.038461538461539e-09,6.730769230769232e-13,242.0412941614111,,,23.457326806797166,23.164382655070632,23.231665606908432,23.275337463803172,23.476461223333118
sensor,1979-06-19 01:30,584,15.55,23.472273685968208,Core_ZN,4.038461538461539e-09,6.730769230769232e-13,242.04129416141177,,,23.472273685968208,23.17694154394131,23.242733457556856,23.28663099922545,23.4865398528298
sensor,1979-06-19 01:40,585,15.933333333333334,23.489299036986488,Core_ZN,4.038461538461539e-09,6.730769230769232e-13,242.04129416141245,,,23.489299036986488,23.19157611234713,23.25575227566364,23.2998875651012,23.498512976532336
sensor,1979-06-19 01:50,586,16.316666666666666,23.50802550522472,Core_ZN,4.038461538461539e-09,6.730769230769232e-13,242.04129416141313,,,23.50802550522472,23.20802897712192,23.270495585803314,23.314873806983314,23.5121540545308
sensor,1979-06-19 01:60,587,16.7,23.528313424269808,Core_ZN,4.038461538461539e-09,6.730769230769232e-13,242.04129416141382,,,23.528313424269808,23.22621255528793,23.286877122064492,23.331528914491535,23.527373514454574
sensor,1979-06-19 02:10,588,16.7,23.532312824575413,Core_ZN,4.038461538461539e-09,6.730769230769232e-13,242.0412941614145,,,23.532312824575413,23.22678917110066,23.285029498408782,23.33158118846185,23.524328767832017
sensor,1979-06-19 02:20,589,16.700000000000003,23.529621024405593,Core_ZN,4.038461538461539e-09,6.730769230769232e-13,242.04129416141518,,,23.529621024405593,23.220748714476454,23.276998746367138,23.325249201066136,23.51518294722755
sensor,1979-06-19 02:30,590,16.7,23.523769084523718,Core_ZN,4.038461538461539e-09,6.730769230769232e-13,242.04129416141586,,,23.523769084523718,23.211774127625976,23.266384684895645,23.316051144875672,23.50349552882842
sensor,1979-06-19 02:40,591,16.7,23.516269742202873,Core_ZN,4.038461538461539e-09,6.730769230769232e-13,242.04129416141654,,,23.516269742202873,23.201277542762632,23.254450590245956,23.30536600478541,23.490501517282862
sensor,1979-06-19 02:50,592,16.7,23.507801094997323,Core_ZN,4.038461538461539e-09,6.730769230769232e-13,242.04129416141723,,,23.507801094997323,23.189856464174444,23.241694063837706,23.293788021519276,23.47668265584842
sensor,1979-06-19 02:60,593,16.7,23.498689262576278,Core_ZN,4.038461538461539e-09,6.730769230769232e-13,242.0412941614179,,,23.498689262576278,23.17779652929825,23.228344999960118,23.281604453270717,23.462261774531733
sensor,1979-06-19 03:10,594,16.7,23.4891137293161,Core_ZN,4.038461538461539e-09,6.730769230769232e-13,242.0412941614186,,,23.4891137293161,23.166388286786205,23.215651658404653,23.270013349673363,23.448377221603383
sensor,1979-06-19 03:20,595,16.700000000000003,23.479184484505016,Core_ZN,4.038461538461539e-09,6.730769230769232e-13,242.04129416141927,,,23.479184484505016,23.155291855988388,23.20326101922483,23.25876679067998,23.43470939595801
sensor,1979-06-19 03:30,596,16.7,23.468977992008423,Core_ZN,4.038461538461539e-09,6.730769230769232e-13,242.04129416141996,,,23.468977992008423,23.144173948284926,23.19078890673611,23.247591733653913,23.42096647035017
sensor,1979-06-19 03:40,597,16.7,23.458549987685743,Core_ZN,4.038461538461539e-09,6.730769230769232e-13,242.04129416142064,,,23.458549987685743,23.133080064703414,23.178208561158907,23.23631408556504,23.407102602719142
sensor,1979-06-19 03:50,598,16.7,23.447942723246673,Core_ZN,4.038461538461539e-09,6.730769230769232e-13,242.04129416142132,,,23.447942723246673,23.122220034508004,23.165644927065596,23.22468091325484,23.393133890216713
sensor,1979-06-19 03:60,599,16.7,23.437190281564042,Core_ZN,4.038461538461539e-09,6.730769230769232e-13,242.041294161422,,,23.437190281564042,23.11128702750162,23.15303438065134,23.21304383642927,23.379088880253267
decision,1979-06-19 03:60,599,16.7,23.437190281564042,Core_ZN,4.038461538461539e-09,6.730769230769232e-13,242.041294161422,"{""cooling"": {""Core_ZN"": 27.0, ""Perimeter_ZN_1"": 27.0, ""Perimeter_ZN_2"": 27.0, ""Perimeter_ZN_3"": 27.0, ""Perimeter_ZN_4"": 27.0}, ""heating"": {""Core_ZN"": 21.0, ""Perimeter_ZN_1"": 21.0, ""Perimeter_ZN_2"": 21.0, ""Perimeter_ZN_3"": 21.0, ""Perimeter_ZN_4"": 21.0}}",Heuristic fallback (rate-limit): Night setback cooling=27.0°C multi-zone x5,23.437190281564042,23.11128702750162,23.15303438065134,23.21304383642927,23.379088880253267
sensor,1979-06-19 04:10,600,16.78333333333333,23.441389269842116,Core_ZN,4.038461538461539e-09,6.730769230769232e-13,242.04129416142268,,,23.441389269842116,23.111199697070226,23.151791793851295,23.21288647831221,23.376384242415362
sensor,1979-06-19 04:20,601,16.866666666666667,23.44552932801696,Core_ZN,4.038461538461539e-09,6.730769230769232e-13,242.04129416142337,,,23.44552932801696,23.10775892747902,23.147288089968477,23.209715154036093,23.370277200215217
sensor,1979-06-19 04:30,602,16.95,23.44761286891762,Core_ZN,4.038461538461539e-09,6.730769230769232e-13,242.04129416142405,,,23.44761286891762,23.110932265987547,23.158614897825,23.21694420040481,23.370073643872217
sensor,1979-06-19 04:40,603,17.03333333333333,23.448969648691516,Core_ZN,4.038461538461539e-09,6.730769230769232e-13,242.04129416142473,,,23.448969648691516,23.113732820205097,23.171122215426827,23.224337552821222,23.369407123296558
sensor,1979-06-19 04:50,604,17.116666666666667,23.450115299661825,Core_ZN,4.038461538461539e-09,6.730769230769232e-13,242.0412941614254,,,23.450115299661825,23.116657911989435,23.184140086781888,23.23124772072245,23.368893478070355
sensor,1979-06-19 04:60,605,17.2,23.451442589003282,Core_ZN,4.038461538461539e-09,6.730769230769232e-13,242.0412941614261,,,23.451442589003282,23.12013281889509,23.195471378755048,23.23660212359107,23.369021273562904
sensor,1979-06-19 05:13,606,17.3,23.87822584662888,Core_ZN,2301.9285165642227,0.38365475276070377,242.42494891418679,,,23.87822584662888,23.515448185139256,23.737417015285562,23.6457250874764,23.886283610328327
sensor,1979-06-19 05:20,607,17.4,24.237562007511052,Core_ZN,2299.333738785998,0.3832222897976663,242.80817120398444,,,24.237562007511052,23.83744558539372,24.12295449442504,23.967992770368436,24.268740703526298
sensor,1979-06-19 05:30,608,17.5,24.32882414406897,Core_ZN,2303.9122853540307,0.3839853808923384,243.19215658487678,,,24.32882414406897,23.92380168696762,24.24948360606307,24.05614043946771,24.380756712004157
sensor,1979-06-19 05:40,609,17.6,24.44429532836334,Core_ZN,2233.5327395282684,0.3722554565880447,243.56441204146483,,,24.44429532836334,24.040946293011075,24.379803759965295,24.177353818427235,24.492869344251122
sensor,1979-06-19 05:50,610,17.7,24.475528188338433,Core_ZN,2272.064019737929,0.37867733662298814,243.94308937808782,,,24.475528188338433,24.080481619665537,24.49137049325572,24.22012289190868,24.570785485260267
sensor,1979-06-19 05:65,611,17.8,24.537532651636518,Core_ZN,2222.536407243107,0.37042273454051783,244.31351211262833,,,24.537532651636518,24.158437823401066,24.635500222259406,24.303986740317338,24.681279040753623
sensor,1979-06-19 06:15,612,17.883333333333333,24.329952099044228,Core_ZN,2211.2181990307886,0.3685363665051314,244.68204847913347,,,24.329952099044228,23.994032329806803,24.55824297604609,24.140321757367253,24.540406801859486
sensor,1979-06-19 06:25,613,17.96666666666667,24.23300764150262,Core_ZN,2211.2181990307886,0.3685363665051314,245.0505848456386,,,24.23300764150262,23.93395858752644,24.59176934593581,24.078878599770412,24.495077084190775
sensor,1979-06-19 06:35,614,18.05,24.206289612022367,Core_ZN,2211.2181990307886,0.3685363665051314,245.41912121214375,,,24.206289612022367,23.937641448486772,24.674685610434103,24.076854692851732,24.50361585558413
sensor,1979-06-19 06:45,615,18.133333333333333,24.208512966692197,Core_ZN,2211.2181990307886,0.3685363665051314,245.7876575786489,,,24.208512966692197,23.965355193532034,24.759156821809277,24.093847434125692,24.532330262385187
sensor,1979-06-19 06:55,616,18.21666666666667,24.221592773734088,Core_ZN,2211.2181990307886,0.3685363665051314,246.15619394515403,,,24.221592773734088,24.001955999406654,24.835999208813003,24.115901882057386,24.567646106288056
sensor,1979-06-19 06:65,617,18.3,24.238741823541762,Core_ZN,2211.2181990307886,0.3685363665051314,246.52473031165917,,,24.238741823541762,24.041662726583624,24.90457056089852,24.141366870797803,24.6049961602447
sensor,1979-06-19 07:15,618,18.683333333333337,24.740003586950138,Core_ZN,2395.446325586224,0.3992410542643706,246.92397136592353,,,24.740003586950138,24.546642697558955,25.332592363812104,24.62954945742474,25.03204546323018
sensor,1979-06-19 07:25,619,19.06666666666667,25.07460823027887,Core_ZN,2342.3097127835936,0.39038495213059893,247.31435631805414,,,25.07460823027887,24.876863606851156,25.620259650482026,24.945754230343212,25.318527538577214
sensor,1979-06-19 07:35,620,19.450000000000003,25.288409080364293,Core_ZN,2300.933199424025,0.3834888665706708,247.6978451846248,,,25.288409080364293,25.098595409687533,25.832427450574844,25.15725311919855,25.52813772247447
sensor,1979-06-19 07:43,621,19.833333333333336,25.459862292686694,Core_ZN,2211.2181990307877,0.3685363665051312,248.06638155112995,,,25.459862292686694,25.278291244219368,26.073185325246573,25.328140359800134,25.70761102148873
sensor,1979-06-19 07:53,622,20.21666666666667,25.611063887232778,Core_ZN,2211.2181990307886,0.3685363665051314,248.4349179176351,,,25.611063887232778,25.455850316107014,26.361963322877347,25.49677668798337,25.87802595068395
sensor,1979-06-19 07:62,623,20.6,25.745889378322858,Core_ZN,2211.2181990307886,0.3685363665051314,248.80345428414023,,,25.745889378322858,25.61789377957171,26.654925041373257,25.650077539298902,26.04474960717149
decision,1979-06-19 07:62,623,20.6,25.745889378322858,Core_ZN,2211.2181990307886,0.3685363665051314,248.80345428414023,"{""cooling"": {""Core_ZN"": 25.0, ""Perimeter_ZN_1"": 25.0, ""Perimeter_ZN_2"": 25.0, ""Perimeter_ZN_3"": 25.0, ""Perimeter_ZN_4"": 25.0}, ""heating"": {""Core_ZN"": 21.0, ""Perimeter_ZN_1"": 21.0, ""Perimeter_ZN_2"": 21.0, ""Perimeter_ZN_3"": 21.0, ""Perimeter_ZN_4"": 21.0}}",Heuristic fallback (rate-limit): Zone warm (25.7°C) — cooling=24.5°C multi-zone x5,25.745889378322858,25.61789377957171,26.654925041373257,25.650077539298902,26.04474960717149
sensor,1979-06-19 08:12,624,20.866666666666667,25.00829388829353,Core_ZN,3428.6071677330383,0.5714345279555063,249.37488881209575,,,25.00829388829353,25.00733028716814,25.03364666570488,25.008053312870796,25.020955019769954
sensor,1979-06-19 08:22,625,21.133333333333336,25.000073702817893,Core_ZN,3532.4769738034397,0.5887461623005732,249.9636349743963,,,25.000073702817893,25.000109300495,25.001152716622844,25.00013595216573,25.000776973433993
sensor,1979-06-19 08:32,626,21.4,24.999886840402244,Core_ZN,3613.1439345794583,0.602190655763243,250.56582563015957,,,24.999886840402244,24.99993080352727,24.999887615132206,24.99993489827172,24.999967922638934
sensor,1979-06-19 08:42,627,21.666666666666668,24.999878117914598,Core_ZN,3691.099964422068,0.615183327403678,251.18100895756325,,,24.999878117914598,24.99991997350794,24.99984029318166,24.999924390385146,24.99993383291613
sensor,1979-06-19 08:52,628,21.933333333333334,24.99987356766879,Core_ZN,3761.697716037406,0.6269496193395676,251.80795857690282,,,24.99987356766879,24.999913625900895,24.99984566176481,24.99991898280723,24.999931236320514
sensor,1979-06-19 08:62,629,22.2,24.9998496779981,Core_ZN,3828.1571568543745,0.6380261928090624,252.44598476971188,,,24.9998496779981,24.99989708730079,24.99983252000115,24.999904898542717,24.999921349396057
sensor,1979-06-19 09:12,630,22.483333333333334,24.99982927806662,Core_ZN,3894.490328437764,0.649081721406294,253.0950664911182,,,24.99982927806662,24.99987493269147,24.999825883168015,24.99988393004087,24.999906962457963
sensor,1979-06-19 09:23,631,22.766666666666666,24.999785264513044,Core_ZN,3956.5992668908298,0.6594332111484715,253.75449970226666,,,24.999785264513044,24.999842045906053,24.999813839413793,24.99985616194747,24.999887680438448
sensor,1979-06-19 09:33,632,23.049999999999997,24.999755376199936,Core_ZN,4023.5477959218524,0.6705912993203087,254.42509100158696,,,24.999755376199936,24.999811566043,24.99979280499746,24.999827590284696,24.999865430124853
sensor,1979-06-19 09:43,633,23.333333333333332,24.999745753546314,Core_ZN,4094.05145038507,0.6823419083975116,255.10743290998448,,,24.999745753546314,24.999800039316586,24.999792568803755,24.99981944054047,24.9998585154824
sensor,1979-06-19 09:53,634,23.616666666666667,24.99973753439155,Core_ZN,4164.804242306875,0.694134040384479,255.80156695036897,,,24.99973753439155,24.999789370132895,24.999794951368216,24.999812121685004,24.999853101596116
sensor,1979-06-19 09:63,635,23.9,24.999728529531023,Core_ZN,4234.071631253392,0.7056786052088986,256.50724555557787,,,24.999728529531023,24.999778949594578,24.999796583986296,24.999806015370062,24.99984873808582
sensor,1979-06-19 10:13,636,23.71666666666667,24.99970779382747,Core_ZN,4223.312555475014,0.7038854259125024,257.2111309814904,,,24.99970779382747,24.999750722363487,24.99978956201201,24.99978524862492,24.999837841250212
sensor,1979-06-19 10:23,637,23.53333333333333,24.999683000246655,Core_ZN,4210.915567532129,0.7018192612553548,257.91295024274575,,,24.999683000246655,24.999725190084256,24.999786595658513,24.999767743743547,24.999828901749197
sensor,1979-06-19 10:33,638,23.35,24.999667251168038,Core_ZN,4195.104306478896,0.699184051079816,258.6121342938256,,,24.999667251168038,24.999703111836503,24.999786781268547,24.99975258931091,24.99982112842659
sensor,1979-06-19 10:45,639,23.166666666666664,24.99952051747552,Core_ZN,4175.347924724678,0.6958913207874462,259.30802561461303,,,24.99952051747552,24.99955652894326,24.999734802398443,24.99963412687996,24.999742297121905
sensor,1979-06-19 10:50,640,22.98333333333333,24.9992304572753,Core_ZN,4152.988200102913,0.692164700017152,260.0001903146302,,,24.9992304572753,24.999346422682013,24.999612674472974,24.9994512565754,24.999642663153043
sensor,1979-06-19 10:60,641,22.8,24.999158540266794,Core_ZN,4131.226277835211,0.6885377129725351,260.68872802760274,,,24.999158540266794,24.999300432644855,24.999577312003026,24.999408069521184,24.999618252712466
sensor,1979-06-19 11:10,642,23.066666666666666,24.999193818199075,Core_ZN,3942.2808096199997,0.6570468016033333,261.34577482920605,,,24.999193818199075,24.999302813021025,24.999560833826838,24.99940666580232,24.999599779601343
sensor,1979-06-19 11:20,643,23.333333333333336,24.999404106224418,Core_ZN,3988.7556287972006,0.6647926047995334,262.01056743400557,,,24.999404106224418,24.9995104033663,24.999686983965237,24.999590403475448,24.999719551343002
sensor,1979-06-19 11:35,644,23.6,24.99970467713483,Core_ZN,4046.6958683372654,0.6744493113895442,262.6850167453951,,,24.99970467713483,24.999752132478996,24.999849174662625,24.999798127816835,24.99984286713356
sensor,1979-06-19 11:40,645,23.866666666666667,24.99953403975232,Core_ZN,4107.666783381633,0.6846111305636053,263.3696278759587,,,24.99953403975232,24.999644382279616,24.999788846269997,24.999704544816154,24.999788554751095
sensor,1979-06-19 11:50,646,24.133333333333333,24.999485712876776,Core_ZN,4178.971398507577,0.6964952330845962,264.0661231090433,,,24.999485712876776,24.999627585711547,24.999753098762614,24.99968849989632,24.999764910436397
sensor,1979-06-19 11:65,647,24.4,24.999751621417857,Core_ZN,4259.450649982545,0.7099084416637573,264.77603155070705,,,24.999751621417857,24.99980718126367,24.99989206415702,24.999856958700907,24.999879577071418
decision,1979-06-19 11:65,647,24.4,24.999751621417857,Core_ZN,4259.450649982545,0.7099084416637573,264.77603155070705,"{""cooling"": {""Core_ZN"": 25.0, ""Perimeter_ZN_1"": 25.0, ""Perimeter_ZN_2"": 25.0, ""Perimeter_ZN_3"": 25.0, ""Perimeter_ZN_4"": 25.0}, ""heating"": {""Core_ZN"": 21.0, ""Perimeter_ZN_1"": 21.0, ""Perimeter_ZN_2"": 21.0, ""Perimeter_ZN_3"": 21.0, ""Perimeter_ZN_4"": 21.0}}","Heuristic fallback (rate-limit): Hold mid-band cooling=23.0°C (margin=0.0, trend=rising) multi-zone x5",24.999751621417857,24.99980718126367,24.99989206415702,24.999856958700907,24.999879577071418
sensor,1979-06-19 12:13,648,24.866666666666667,24.999735542315662,Core_ZN,4635.748308536073,0.7726247180893454,265.5486562687964,,,24.999735542315662,24.999783928878294,24.999889288238172,24.999836852410294,24.999871503472647
sensor,1979-06-19 12:23,649,25.333333333333336,24.99969878189801,Core_ZN,4774.3438230444235,0.795723970507404,266.3443802393038,,,24.99969878189801,24.999736508783222,24.999836477165235,24.9997955702116,24.999831776993766
sensor,1979-06-19 12:33,650,25.799999999999997,24.999692610433407,Core_ZN,4916.586841645082,0.8194311402741803,267.16381137957796,,,24.999692610433407,24.99972271021686,24.999825223072676,24.999786447806866,24.99982233194153
sensor,1979-06-19 12:43,651,26.266666666666666,24.999687273478905,Core_ZN,5054.160656781649,0.8423601094636082,268.00617148904155,,,24.999687273478905,24.999716516173777,24.999818959683978,24.99978107866403,24.999816968871645
sensor,1979-06-19 12:53,652,26.733333333333334,24.999681399500595,Core_ZN,5193.051611973746,0.8655086019956243,268.87168009103715,,,24.999681399500595,24.99971151273536,24.999813017408798,24.999775586876773,24.999811853670053
sensor,1979-06-19 12:63,653,27.2,24.999674937984405,Core_ZN,5336.602635326581,0.8894337725544301,269.76111386359156,,,24.999674937984405,24.999706714762127,24.999806840442787,24.999769497211012,24.999803924270577
sensor,1979-06-19 13:15,654,27.3,24.999578107424803,Core_ZN,5394.838488423824,0.8991397480706373,270.6602536116622,,,24.999578107424803,24.999640554290103,24.9998070276262,24.99972384675766,24.999772631029778
sensor,1979-06-19 13:25,655,27.400000000000002,24.999505128045076,Core_ZN,5456.006283046775,0.9093343805077958,271.56958799217,,,24.999505128045076,24.999526113556698,24.99970116319993,24.99961566460232,24.99966351744445
sensor,1979-06-19 13:35,656,27.5,24.999483582326597,Core_ZN,5519.6324351249195,0.9199387391874866,272.4895267313575,,,24.999483582326597,24.99949540121899,24.999671328110075,24.99958236984983,24.99961220769236
sensor,1979-06-19 13:40,657,27.6,24.99920146338736,Core_ZN,5573.252039153103,0.9288753398588505,273.41840207121635,,,24.99920146338736,24.99926252542614,24.999538145798464,24.999383811890336,24.999450297984268
sensor,1979-06-19 13:50,658,27.7,24.999092065853727,Core_ZN,5629.204000275084,0.9382006667125139,274.3566027379289,,,24.999092065853727,24.99915513090931,24.999444148477817,24.999276127805445,24.999358862428757
sensor,1979-06-19 13:60,659,27.8,24.999054489688262,Core_ZN,5686.312594807835,0.9477187658013058,275.3043215037302,,,24.999054489688262,24.99912276414044,24.999408191339516,24.999235838960125,24.999308561615578
sensor,1979-06-19 14:10,660,27.883333333333333,24.999034428294358,Core_ZN,5738.702552300262,0.956450425383377,276.26077192911356,,,24.999034428294358,24.999102179254773,24.999391514203367,24.99921149172133,24.999274456185542
sensor,1979-06-19 14:20,661,27.96666666666667,24.99901801424488,Core_ZN,5788.3479307558255,0.9647246551259708,277.2254965842395,,,24.99901801424488,24.9990845430333,24.999381278604822,24.999191962632896,24.999244209501683
sensor,1979-06-19 14:30,662,28.05,24.99900601663951,Core_ZN,5835.778166485783,0.9726296944142971,278.19812627865383,,,24.99900601663951,24.999069653049773,24.99937368058981,24.999175468054958,24.999216676719435
sensor,1979-06-19 14:40,663,28.133333333333333,24.99899306617764,Core_ZN,5891.224427591837,0.9818707379319729,279.1799970165858,,,24.99899306617764,24.999055996196606,24.999367085519708,24.99916044634201,24.99918921966683
sensor,1979-06-19 14:50,664,28.21666666666667,24.998980316892013,Core_ZN,5949.1504296977,0.9915250716162833,280.1715220882021,,,24.998980316892013,24.999040839446774,24.999360246993312,24.999144845247073,24.99915441265905
sensor,1979-06-19 14:60,665,28.3,24.998967833118392,Core_ZN,6008.284777124282,1.0013807961873802,281.1729028843895,,,24.998967833118392,24.99902492686561,24.999353297090067,24.999129366990182,24.999114125714893
sensor,1979-06-19 15:10,666,28.400000000000002,24.998961248980823,Core_ZN,6064.222051797736,1.0107036752996226,282.1836065596891,,,24.998961248980823,24.999013822901258,24.9993511810968,24.999119838101926,24.99907604366549
sensor,1979-06-19 15:20,667,28.500000000000004,24.998942318207757,Core_ZN,6118.518076993479,1.0197530128322465,283.2033595725214,,,24.998942318207757,24.99899376486687,24.999346142761365,24.999102044879322,24.99903584172897
sensor,1979-06-19 15:30,668,28.6,24.99889027172105,Core_ZN,6169.930559915893,1.0283217599859822,284.2316813325074,,,24.99889027172105,24.998973960778336,24.999340639279957,24.999084318798115,24.998999156745704
sensor,1979-06-19 15:45,669,28.700000000000003,24.999285029024165,Core_ZN,6187.740260190682,1.0312900433651135,285.2629713758725,,,24.999285029024165,24.999324703043882,24.99956123128017,24.99939432721904,24.999224698900925
sensor,1979-06-19 15:55,670,28.799999999999997,24.999292852639794,Core_ZN,6194.750481793303,1.032458413632217,286.29542978950474,,,24.999292852639794,24.999345137457702,24.999578513333546,24.99941447600095,24.99933174209884
sensor,1979-06-19 15:63,671,28.9,24.999487229395402,Core_ZN,6187.010274965101,1.0311683791608501,287.3265981686656,,,24.999487229395402,24.999531661492913,24.999697895741633,24.999578907780155,24.999557625223776
decision,1979-06-19 15:63,671,28.9,24.999487229395402,Core_ZN,6187.010274965101,1.0311683791608501,287.3265981686656,"{""cooling"": {""Core_ZN"": 23.5, ""Perimeter_ZN_1"": 23.5, ""Perimeter_ZN_2"": 23.5, ""Perimeter_ZN_3"": 23.5, ""Perimeter_ZN_4"": 23.5}, ""heating"": {""Core_ZN"": 21.0, ""Perimeter_ZN_1"": 21.0, ""Perimeter_ZN_2"": 21.0, ""Perimeter_ZN_3"": 21.0, ""Perimeter_ZN_4"": 21.0}}","Heuristic fallback (rate-limit): Hold mid-band cooling=23.0°C (margin=0.001, trend=stable) multi-zone x5",24.999487229395402,24.999531661492913,24.999697895741633,24.999578907780155,24.999557625223776
sensor,1979-06-19 16:13,672,28.9,23.64033804895888,Core_ZN,7295.228780015088,1.2158714633358478,288.5424696320015,,,23.64033804895888,23.648497892788868,23.549472763293593,23.63035909338752,23.547346168512124
sensor,1979-06-19 16:23,673,28.900000000000002,23.503830648623087,Core_ZN,7602.8680884722435,1.2671446814120406,289.80961431341353,,,23.503830648623087,23.504227381381124,23.50229557520224,23.503875174280417,23.50201327238677
sensor,1979-06-19 16:33,674,28.9,23.499630316797415,Core_ZN,7188.642303129122,1.1981070505215203,291.00772136393505,,,23.499630316797415,23.499643427475952,23.499847602067995,23.49968939877457,23.499834835834406
sensor,1979-06-19 16:43,675,28.9,23.499447015405927,Core_ZN,6973.4787878210955,1.162246464636849,292.1699678285719,,,23.499447015405927,23.499465433203873,23.499666529215162,23.499515635841618,23.49968158689544
sensor,1979-06-19 16:53,676,28.9,23.499590409413834,Core_ZN,6815.785160650105,1.1359641934416842,293.30593202201356,,,23.499590409413834,23.499635867986576,23.499772421963424,23.499670225936498,23.499751862969653
sensor,1979-06-19 16:63,677,28.9,23.49965228768107,Core_ZN,6700.805634378929,1.1168009390631548,294.42273296107675,,,23.49965228768107,23.499706236372898,23.49981047804303,23.499730430465462,23.499777428244535
sensor,1979-06-19 17:15,678,28.716666666666665,23.499720284143578,Core_ZN,6293.304130255619,1.0488840217092699,295.47161698278603,,,23.499720284143578,23.499790153266616,23.499840857957878,23.49979632010797,23.4997980875136
sensor,1979-06-19 17:25,679,28.533333333333335,23.499765477039276,Core_ZN,6148.0387142023965,1.0246731190337326,296.49629010181974,,,23.499765477039276,23.49982981862003,23.499869392193443,23.49983159793338,23.499809604935063
sensor,1979-06-19 17:35,680,28.35,23.499785617326783,Core_ZN,6036.36234396237,1.0060603906603949,297.50235049248016,,,23.499785617326783,23.49984880663737,23.499882381419198,23.499842646560722,23.499812027948455
sensor,1979-06-19 17:45,681,28.166666666666664,23.49979756693162,Core_ZN,5924.083813865481,0.9873473023109135,298.4896977947911,,,23.49979756693162,23.499861835236032,23.49989101368333,23.49985111542688,23.499825626407738
sensor,1979-06-19 17:55,682,27.983333333333334,23.4998056221068,Core_ZN,5816.610429176545,0.9694350715294241,299.4591328663205,,,23.4998056221068,23.499871314213074,23.499897437411754,23.49985869022361,23.49984016378308
sensor,1979-06-19 17:65,683,27.8,23.49981146081056,Core_ZN,5713.316817774766,0.9522194696291276,300.41135233594963,,,23.49981146081056,23.49987857912447,23.499902527241062,23.499866363227568,23.499853838888527
sensor,1979-06-19 18:13,684,27.616666666666667,23.499868574578365,Core_ZN,5613.981300040137,0.9356635500066895,301.3470158859563,,,23.499868574578365,23.499925500996177,23.499935621003697,23.49991079015146,23.4999114865804
sensor,1979-06-19 18:23,685,27.433333333333334,23.499875970580682,Core_ZN,5515.470709220235,0.9192451182033725,302.2662610041597,,,23.499875970580682,23.499922369744326,23.499935635098705,23.499914455111778,23.499914223808723
sensor,1979-06-19 18:33,686,27.25,23.499879932268307,Core_ZN,5419.686724142626,0.9032811206904376,303.1695421248501,,,23.499879932268307,23.499925190122262,23.4999377320914,23.49991999718595,23.499922077505506
sensor,1979-06-19 18:43,687,27.066666666666663,23.499882820465974,Core_ZN,5334.724314755398,0.8891207191258996,304.05866284397604,,,23.499882820465974,23.499927102994825,23.499939462282974,23.49992261131276,23.49992608556984
sensor,1979-06-19 18:53,688,26.883333333333333,23.499885200813743,Core_ZN,5254.968763304993,0.8758281272174988,304.93449097119355,,,23.499885200813743,23.49992875126957,23.499941076104015,23.499924420071572,23.499928982979753
sensor,1979-06-19 18:63,689,26.7,23.499887263225652,Core_ZN,5168.144009956229,0.8613573349927047,305.79584830618626,,,23.499887263225652,23.499930659852623,23.499942791612433,23.499929896893754,23.499936230849695
sensor,1979-06-19 19:13,690,26.6,23.499910095586408,Core_ZN,5047.0462947583555,0.8411743824597259,306.63702268864597,,,23.499910095586408,23.499951631514833,23.49995542902619,23.499952153879086,23.49995387655384
sensor,1979-06-19 19:25,691,26.5,23.49988608843573,Core_ZN,4977.23938801873,0.8295398980031217,307.4665625866491,,,23.49988608843573,23.499954106920775,23.499951769538065,23.49995653010904,23.49997082338494
sensor,1979-06-19 19:35,692,26.4,23.499886093510302,Core_ZN,4908.385518600397,0.818064253100066,308.2846268397492,,,23.499886093510302,23.499945996114942,23.499947827856467,23.499952285188705,23.49995295222883
sensor,1979-06-19 19:45,693,26.299999999999997,23.499890281116777,Core_ZN,4856.918850687631,0.8094864751146051,309.0941133148638,,,23.499890281116777,23.499946971563105,23.499948754954914,23.4999537602328,23.499951334405985
sensor,1979-06-19 19:55,694,26.200000000000003,23.499893990483574,Core_ZN,4812.81488436782,0.8021358140613033,309.89624912892515,,,23.499893990483574,23.499948036055216,23.499950113615803,23.499954713337637,23.499951707527487
sensor,1979-06-19 19:65,695,26.1,23.499896875614784,Core_ZN,4773.126813478126,0.7955211355796876,310.69177026450484,,,23.499896875614784,23.49994855843779,23.49995124565025,23.499954982118663,23.499951983932213
decision,1979-06-19 19:65,695,26.1,23.499896875614784,Core_ZN,4773.126813478126,0.7955211355796876,310.69177026450484,"{""cooling"": {""Core_ZN"": 25.0, ""Perimeter_ZN_1"": 25.0, ""Perimeter_ZN_2"": 25.0, ""Perimeter_ZN_3"": 25.0, ""Perimeter_ZN_4"": 25.0}, ""heating"": {""Core_ZN"": 21.0, ""Perimeter_ZN_1"": 21.0, ""Perimeter_ZN_2"": 21.0, ""Perimeter_ZN_3"": 21.0, ""Perimeter_ZN_4"": 21.0}}",Heuristic fallback (rate-limit): Night setback cooling=27.0°C multi-zone x5,23.499896875614784,23.49994855843779,23.49995124565025,23.499954982118663,23.499951983932213
sensor,1979-06-19 20:13,696,26.01666666666667,24.304837750353432,Core_ZN,2391.0993530064425,0.39851655883440706,311.0902868233392,,,24.304837750353432,24.398821299035834,24.515758492384983,24.39113999578304,24.557396055433095
sensor,1979-06-19 20:20,697,25.933333333333337,24.92209270058754,Core_ZN,2964.623091751388,0.4941038486252314,311.58439067196446,,,24.92209270058754,24.943294028156,24.97059387578298,24.940444977762027,24.988250637114213
sensor,1979-06-19 20:30,698,25.85,24.98286249326818,Core_ZN,3086.199454928142,0.5143665758213569,312.09875724778584,,,24.98286249326818,24.986572617474042,24.98964423234078,24.985592507799765,24.995726449174118
sensor,1979-06-19 20:40,699,25.766666666666666,24.996177967638285,Core_ZN,3143.8937048451103,0.5239822841408517,312.6227395319267,,,24.996177967638285,24.996766687304312,24.996282426179206,24.99645832322356,24.9983827030884
sensor,1979-06-19 20:50,700,25.683333333333337,24.99910618518014,Core_ZN,3179.1666968465374,0.5298611161410895,313.1526006480678,,,24.99910618518014,24.99917889038825,24.998607796425905,24.999085101492284,24.99934335994397
sensor,1979-06-19 20:60,701,25.6,24.999759857366882,Core_ZN,3202.508970040589,0.5337514950067648,313.68635214307454,,,24.999759857366882,24.999760503191318,24.999433477512852,24.999729591302543,24.999694123644524
sensor,1979-06-19 21:10,702,25.6,25.033418313461244,Core_ZN,4.038461538461539e-09,6.730769230769232e-13,313.6863521430752,,,25.033418313461244,25.129220227264934,25.192956681754715,25.104791950557335,25.25696243730892
sensor,1979-06-19 21:20,703,25.6,25.05008717892745,Core_ZN,4.038461538461539e-09,6.730769230769232e-13,313.6863521430759,,,25.05008717892745,25.178141393654126,25.258910744311066,25.144321408694076,25.359284478388663
sensor,1979-06-19 21:30,704,25.6,25.065149373993854,Core_ZN,4.038461538461539e-09,6.730769230769232e-13,313.6863521430766,,,25.065149373993854,25.206002910839214,25.293651218342944,25.16859252290308,25.405677492099244
sensor,1979-06-19 21:40,705,25.6,25.078986225256266,Core_ZN,4.038461538461539e-09,6.730769230769232e-13,313.6863521430773,,,25.078986225256266,25.225909353421834,25.31750556619992,25.18702381966565,25.43499436494908
sensor,1979-06-19 21:50,706,25.6,25.091785190345107,Core_ZN,4.038461538461539e-09,6.730769230769232e-13,313.68635214307795,,,25.091785190345107,25.24217343164535,25.336777616278546,25.202625453644167,25.457734200014013
sensor,1979-06-19 21:60,707,25.6,25.10358190227369,Core_ZN,4.038461538461539e-09,6.730769230769232e-13,313.68635214307864,,,25.10358190227369,25.2562268315909,25.353308898477188,25.216393581070836,25.476917328762582
sensor,1979-06-19 22:10,708,25.5,25.098842790421724,Core_ZN,4.038461538461539e-09,6.730769230769232e-13,313.6863521430793,,,25.098842790421724,25.252175179413545,25.351622743324082,25.212865691545947,25.47759488126051
sensor,1979-06-19 22:20,709,25.400000000000002,25.09604038227771,Core_ZN,4.038461538461539e-09,6.730769230769232e-13,313.68635214308,,,25.09604038227771,25.248776226503654,25.350622342660444,25.210523353289553,25.47881537590335
sensor,1979-06-19 22:30,710,25.3,25.09404704737693,Core_ZN,4.038461538461539e-09,6.730769230769232e-13,313.6863521430807,,,25.09404704737693,25.24527975385717,25.349242493213428,25.208357260810157,25.47943971991826
sensor,1979-06-19 22:40,711,25.2,25.091849056785634,Core_ZN,4.038461538461539e-09,6.730769230769232e-13,313.68635214308136,,,25.091849056785634,25.24088884876551,25.3467482826478,25.20551051757497,25.47875291256738
sensor,1979-06-19 22:50,712,25.1,25.089170658819405,Core_ZN,4.038461538461539e-09,6.730769230769232e-13,313.68635214308205,,,25.089170658819405,25.23538965462932,25.34303718376009,25.20178776632494,25.47667711939967
sensor,1979-06-19 22:60,713,25.0,25.08593330641853,Core_ZN,4.038461538461539e-09,6.730769230769232e-13,313.68635214308273,,,25.08593330641853,25.229020132095872,25.33814693407247,25.197162892811043,25.47326768474233
sensor,1979-06-19 23:10,714,24.900000000000002,25.067598517084676,Core_ZN,4.038461538461539e-09,6.730769230769232e-13,313.6863521430834,,,25.067598517084676,25.207812001603095,25.318720670798307,25.177664732848417,25.4554399597236
sensor,1979-06-19 23:20,715,24.8,25.057790623308666,Core_ZN,4.038461538461539e-09,6.730769230769232e-13,313.6863521430841,,,25.057790623308666,25.19502214916419,25.307587518442055,25.16642994134243,25.445725536860916
sensor,1979-06-19 23:30,716,24.7,25.050087974590745,Core_ZN,4.038461538461539e-09,6.730769230769232e-13,313.6863521430848,,,25.050087974590745,25.18416416325115,25.297873908153562,25.157051170248927,25.43719134220637
sensor,1979-06-19 23:40,717,24.6,25.042857483510026,Core_ZN,4.038461538461539e-09,6.730769230769232e-13,313.68635214308546,,,25.042857483510026,25.173597462847678,25.28811562783463,25.147900556221433,25.428443452323204
sensor,1979-06-19 23:50,718,24.5,25.035548568198955,Core_ZN,4.038461538461539e-09,6.730769230769232e-13,313.68635214308614,,,25.035548568198955,25.162777196533053,25.27788905812538,25.13851967839667,25.419096536963227
sensor,1979-06-19 23:60,719,24.4,25.02797789709682,Core_ZN,4.038461538461539e-09,6.730769230769232e-13,313.6863521430868,,,25.02797789709682,25.151530124283948,25.26708577354966,25.1288113252156,25.409062155013352
decision,1979-06-19 23:60,719,24.4,25.02797789709682,Core_ZN,4.038461538461539e-09,6.730769230769232e-13,313.6863521430868,"{""cooling"": {""Core_ZN"": 26.5, ""Perimeter_ZN_1"": 26.5, ""Perimeter_ZN_2"": 26.5, ""Perimeter_ZN_3"": 26.5, ""Perimeter_ZN_4"": 26.5}, ""heating"": {""Core_ZN"": 21.0, ""Perimeter_ZN_1"": 21.0, ""Perimeter_ZN_2"": 21.0, ""Perimeter_ZN_3"": 21.0, ""Perimeter_ZN_4"": 21.0}}",Heuristic fallback (rate-limit): Night setback cooling=27.0°C multi-zone x5,25.02797789709682,25.151530124283948,25.26708577354966,25.1288113252156,25.409062155013352
sensor,1979-06-20 00:10,720,24.5,25.028509991145082,Core_ZN,4.038461538461539e-09,6.730769230769232e-13,313.6863521430875,,,25.028509991145082,25.15117024885194,25.267119225495954,25.128999012964847,25.40949788960807
sensor,1979-06-20 00:20,721,24.6,25.0318113700852,Core_ZN,4.038461538461539e-09,6.730769230769232e-13,313.6863521430882,,,25.0318113700852,25.154604977305628,25.27052488883072,25.132683368346388,25.413006704294293
sensor,1979-06-20 00:30,722,24.7,25.036304400879192,Core_ZN,4.038461538461539e-09,6.730769230769232e-13,313.68635214308887,,,25.036304400879192,25.15972712154552,25.275339395172704,25.137935308479054,25.41774184387458
sensor,1979-06-20 00:40,723,24.799999999999997,25.041406489712543,Core_ZN,4.038461538461539e-09,6.730769230769232e-13,313.68635214308955,,,25.041406489712543,25.16574962014914,25.280891496023916,25.144081324568674,25.42309065836656
sensor,1979-06-20 00:50,724,24.900000000000002,25.0468640448163,Core_ZN,4.038461538461539e-09,6.730769230769232e-13,313.68635214309023,,,25.0468640448163,25.17238326558366,25.286936034035925,25.15067195702718,25.428836856510788
sensor,1979-06-20 00:60,725,25.0,25.052572169387645,Core_ZN,4.038461538461539e-09,6.730769230769232e-13,313.6863521430909,,,25.052572169387645,25.17946134169055,25.293339784933487,25.15750961090944,25.434862932148445
sensor,1979-06-20 01:10,726,24.900000000000002,25.05018477102367,Core_ZN,4.038461538461539e-09,6.730769230769232e-13,313.6863521430916,,,25.05018477102367,25.176362359760837,25.28940132366523,25.154786235960486,25.43050297594414
sensor,1979-06-20 01:20,727,24.8,25.045060431179643,Core_ZN,4.038461538461539e-09,6.730769230769232e-13,313.6863521430923,,,25.045060431179643,25.169616791932018,25.282152990355275,25.14868459784277,25.422914186554166
sensor,1979-06-20 01:30,728,24.7,25.038711101654723,Core_ZN,4.038461538461539e-09,6.730769230769232e-13,313.68635214309296,,,25.038711101654723,25.161300791653737,25.27352762051905,25.141108550235145,25.413970262186204
sensor,1979-06-20 01:40,729,24.6,25.031511852786053,Core_ZN,4.038461538461539e-09,6.730769230769232e-13,313.68635214309364,,,25.031511852786053,25.151685043469502,25.263665885783432,25.132331635674092,25.40374133061989
sensor,1979-06-20 01:50,730,24.5,25.023686019152844,Core_ZN,4.038461538461539e-09,6.730769230769232e-13,313.6863521430943,,,25.023686019152844,25.141154683921023,25.252908264830353,25.122693405476635,25.392572365102545
sensor,1979-06-20 01:60,731,24.4,25.015343668645876,Core_ZN,4.038461538461539e-09,6.730769230769232e-13,313.686352143095,,,25.015343668645876,25.129923038550583,25.24144425174005,25.11237704177274,25.380658746019098
sensor,1979-06-20 02:10,732,24.4,25.01073056420738,Core_ZN,4.038461538461539e-09,6.730769230769232e-13,313.6863521430957,,,25.01073056420738,25.122862823183144,25.234277381507784,25.10615980209496,25.373207405684344
sensor,1979-06-20 02:20,733,24.400000000000002,25.0072156422298,Core_ZN,4.038461538461539e-09,6.730769230769232e-13,313.68635214309637,,,25.0072156422298,25.117072329214057,25.22825044968909,25.10125088636803,25.36691576957709
sensor,1979-06-20 02:30,734,24.4,25.00405760419465,Core_ZN,4.038461538461539e-09,6.730769230769232e-13,313.68635214309705,,,25.00405760419465,25.11169505080523,25.22254576765652,25.09677395364344,25.360939859358453
sensor,1979-06-20 02:40,735,24.4,25.000995760806596,Core_ZN,4.038461538461539e-09,6.730769230769232e-13,313.68635214309774,,,25.000995760806596,25.10642951803605,25.21690115132306,25.092414523336103,25.355018529879754
sensor,1979-06-20 02:50,736,24.4,24.997934680947413,Core_ZN,4.038461538461539e-09,6.730769230769232e-13,313.6863521430984,,,24.997934680947413,25.101163754764375,25.211227080218503,25.08805463871532,25.34906562327892
sensor,1979-06-20 02:60,737,24.4,24.994835760436874,Core_ZN,4.038461538461539e-09,6.730769230769232e-13,313.6863521430991,,,24.994835760436874,25.09585123196102,25.205488113408823,25.083644894324507,25.343047339208134
sensor,1979-06-20 03:10,738,24.4,24.991686583912163,Core_ZN,4.038461538461539e-09,6.730769230769232e-13,313.6863521430998,,,24.991686583912163,25.090875287934978,25.20001500637639,25.07928255884413,25.337044527329443
sensor,1979-06-20 03:20,739,24.400000000000002,24.9884778021114,Core_ZN,4.038461538461539e-09,6.730769230769232e-13,313.68635214310046,,,24.9884778021114,25.086071071928707,25.194657437536957,25.074913269318614,25.33101260133335
sensor,1979-06-20 03:30,740,24.4,24.985205926757967,Core_ZN,4.038461538461539e-09,6.730769230769232e-13,313.68635214310115,,,24.985205926757967,25.08129892503324,25.189297868245262,25.070493796986298,25.324920667328282
sensor,1979-06-20 03:40,741,24.4,24.98186885421034,Core_ZN,4.038461538461539e-09,6.730769230769232e-13,313.68635214310183,,,24.98186885421034,25.07651842362565,25.183905278832274,25.066010434153107,25.31876037000164
sensor,1979-06-20 03:50,742,24.4,24.978465138148835,Core_ZN,4.038461538461539e-09,6.730769230769232e-13,313.6863521431025,,,24.978465138148835,25.071716817438034,25.17846967998183,25.0614581551956,25.31252902474476
sensor,1979-06-20 03:60,743,24.4,24.974993888174012,Core_ZN,4.038461538461539e-09,6.730769230769232e-13,313.6863521431032,,,24.974993888174012,25.066890820208908,25.172986713249717,25.056834948088508,25.306225839864055
decision,1979-06-20 03:60,743,24.4,24.974993888174012,Core_ZN,4.038461538461539e-09,6.730769230769232e-13,313.6863521431032,"{""cooling"": {""Core_ZN"": 27.0, ""Perimeter_ZN_1"": 27.0, ""Perimeter_ZN_2"": 27.0, ""Perimeter_ZN_3"": 27.0, ""Perimeter_ZN_4"": 27.0}, ""heating"": {""Core_ZN"": 21.0, ""Perimeter_ZN_1"": 21.0, ""Perimeter_ZN_2"": 21.0, ""Perimeter_ZN_3"": 21.0, ""Perimeter_ZN_4"": 21.0}}",Heuristic fallback (rate-limit): Night setback cooling=27.0°C multi-zone x5,24.974993888174012,25.066890820208908,25.172986713249717,25.056834948088508,25.306225839864055
sensor,1979-06-20 04:10,744,24.4,24.98278872500018,Core_ZN,4.038461538461539e-09,6.730769230769232e-13,313.6863521431039,,,24.98278872500018,25.073809560316047,25.178838431998717,25.06381573566154,25.311331346955676
sensor,1979-06-20 04:20,745,24.400000000000002,24.9877422279692,Core_ZN,4.038461538461539e-09,6.730769230769232e-13,313.68635214310456,,,24.9877422279692,25.07725973968654,25.180936794940298,25.067123800996015,25.312646313745045
sensor,1979-06-20 04:30,746,24.4,24.989659914734602,Core_ZN,4.038461538461539e-09,6.730769230769232e-13,313.68635214310524,,,24.989659914734602,25.08526840648129,25.18989758928995,25.0754053205185,25.31800271204965
sensor,1979-06-20 04:40,747,24.4,24.990561375946545,Core_ZN,4.038461538461539e-09,6.730769230769232e-13,313.6863521431059,,,24.990561375946545,25.09525870472385,25.20725691618062,25.08847128877916,25.325006791837374
sensor,1979-06-20 04:50,748,24.4,24.991225011563188,Core_ZN,4.038461538461539e-09,6.730769230769232e-13,313.6863521431066,,,24.991225011563188,25.106657581825793,25.22986465878185,25.104115990850833,25.333303262902188
sensor,1979-06-20 04:60,749,24.4,24.99197229089984,Core_ZN,4.038461538461539e-09,6.730769230769232e-13,313.6863521431073,,,24.99197229089984,25.11942766984469,25.25150738327331,25.119156034162867,25.34288620976798
sensor,1979-06-20 05:15,750,24.5,25.291320305539926,Core_ZN,2478.7707326548966,0.4131284554424828,314.09948059854975,,,25.291320305539926,25.44031230723835,25.697976034285656,25.446525507835744,25.774932263453742
sensor,1979-06-20 05:20,751,24.6,25.46331465950099,Core_ZN,2328.878197079241,0.38814636617987347,314.4876269647296,,,25.46331465950099,25.62100615151361,25.942187674562767,25.62931849851821,26.0138510779389
sensor,1979-06-20 05:30,752,24.7,25.531361980631623,Core_ZN,2332.079929332969,0.3886799882221615,314.8763069529518,,,25.531361980631623,25.69957015352958,26.0416000747875,25.7074919552993,26.105675499666425
sensor,1979-06-20 05:40,753,24.799999999999997,25.610889036440458,Core_ZN,2211.2181990307886,0.3685363665051314,315.2448433194569,,,25.610889036440458,25.798253259632336,26.20125192955999,25.80830006469867,26.24936153186516
sensor,1979-06-20 05:55,754,24.900000000000002,25.656894092583453,Core_ZN,2211.2181990307886,0.3685363665051314,315.613379685962,,,25.656894092583453,25.864144699527813,26.317273652486044,25.875075230839258,26.343225151789042
sensor,1979-06-20 05:65,755,25.0,25.698193803180352,Core_ZN,2211.2181990307886,0.3685363665051314,315.9819160524671,,,25.698193803180352,25.92876349072666,26.425250896383687,25.940025222062424,26.42275657384633
sensor,1979-06-20 06:15,756,25.0,25.749869652717354,Core_ZN,2211.2181990307886,0.3685363665051314,316.3504524189722,,,25.749869652717354,25.990481561634176,26.523483570134196,26.00433678668841,26.472449997670438
sensor,1979-06-20 06:25,757,25.0,25.802158225476475,Core_ZN,2211.2181990307886,0.3685363665051314,316.71898878547734,,,25.802158225476475,26.05533936896486,26.63171292712154,26.06860493398272,26.533193449819578
sensor,1979-06-20 06:35,758,25.0,25.846063954699947,Core_ZN,2211.2181990307886,0.3685363665051314,317.08752515198245,,,25.846063954699947,26.116923166795406,26.737192342857618,26.12580075771629,26.593511538533594
sensor,1979-06-20 06:45,759,25.0,25.884455809166905,Core_ZN,2211.2181990307886,0.3685363665051314,317.45606151848756,,,25.884455809166905,26.173847610349068,26.835306087568902,26.175256656919345,26.65010290637518
sensor,1979-06-20 06:55,760,25.0,25.91909307912808,Core_ZN,2211.2181990307886,0.3685363665051314,317.82459788499267,,,25.91909307912808,26.22713239994733,26.9268838826616,26.21891120073205,26.702828241814746
sensor,1979-06-20 06:65,761,25.0,25.95080773895654,Core_ZN,2211.2181990307886,0.3685363665051314,318.1931342514978,,,25.95080773895654,26.277727199649448,27.013474818457336,26.259485651050603,26.752641773225832
sensor,1979-06-20 07:15,762,25.1,26.41832772595911,Core_ZN,2685.18174958997,0.44753029159832836,318.64066454309614,,,26.41832772595911,26.740890779544188,27.000441157812794,26.71106014462501,26.968575126480147
sensor,1979-06-20 07:25,763,25.200000000000003,26.70798936738923,Core_ZN,2743.0594266150865,0.4571765711025144,319.0978411141987,,,26.70798936738923,26.976752801657383,26.99999241526106,26.973321161380184,26.994675877350822
sensor,1979-06-20 07:35,764,25.3,26.892809355876423,Core_ZN,2896.4526611185297,0.4827421101864216,319.58058322438507,,,26.892809355876423,26.997401662563977,26.999881333468448,26.996953301410265,26.999059351882302
sensor,1979-06-20 07:45,765,25.4,26.991260823960598,Core_ZN,3094.058364374359,0.5156763940623932,320.09625961844745,,,26.991260823960598,26.999658759808888,26.999807049086748,26.999622456145218,26.999783755036088
sensor,1979-06-20 07:53,766,25.5,26.999562376144123,Core_ZN,3279.5909029715945,0.5465984838285991,320.642858102276,,,26.999562376144123,26.99990572031657,26.99975805006686,26.999929077743634,26.999906366605707
sensor,1979-06-20 07:63,767,25.6,26.99997052448142,Core_ZN,3441.7785747081907,0.5736297624513651,321.2164878647274,,,26.99997052448142,26.99988875650891,26.999752084459654,26.999919045057922,26.999912492649976
decision,1979-06-20 07:63,767,25.6,26.99997052448142,Core_ZN,3441.7785747081907,0.5736297624513651,321.2164878647274,"{""cooling"": {""Core_ZN"": 25.0, ""Perimeter_ZN_1"": 25.0, ""Perimeter_ZN_2"": 25.0, ""Perimeter_ZN_3"": 25.0, ""Perimeter_ZN_4"": 25.0}}","Adjusted setpoints for comfort/energy: zone=27.0°C, cooling→{'Core_ZN': 25.0, 'Perimeter_ZN_1': 25.0, 'Perimeter_ZN_2': 25.0, 'Perimeter_ZN_3': 25.0, 'Perimeter_ZN_4': 25.0} | guardrails: step-cap cooling/Core_ZN 25.0→25.5 (Δ≤1.5); occupied-band clip cooling/Core_ZN 25.5→25.0; step-cap cooling/Perimeter_ZN_1 25.0→25.5 (Δ≤1.5); occupied-band clip cooling/Perimeter_ZN_1 25.5→25.0",26.99997052448142,26.99988875650891,26.999752084459654,26.999919045057922,26.999912492649976
sensor,1979-06-20 08:12,768,25.866666666666667,25.292105965409405,Core_ZN,6266.510142344068,1.0444183570573446,322.26090622178475,,,25.292105965409405,25.27834438621007,25.11568987435496,25.25828251005207,25.0798545849532
sensor,1979-06-20 08:23,769,26.133333333333336,25.008728620723343,Core_ZN,6479.743847887572,1.0799573079812619,323.340863529766,,,25.008728620723343,25.008358970213266,25.004938564135735,25.008158768281547,25.003573668306625
sensor,1979-06-20 08:32,770,26.4,24.99943913421297,Core_ZN,6332.247211107712,1.0553745351846187,324.39623806495064,,,24.99943913421297,24.999289238146474,24.9993797176036,24.99939547358848,24.999642996857975
sensor,1979-06-20 08:42,771,26.666666666666668,24.999245926437407,Core_ZN,6266.709714549103,1.0444516190915172,325.4406896840421,,,24.999245926437407,24.99913307294768,24.99924637152187,24.999220483373968,24.999505728213123
sensor,1979-06-20 08:53,772,26.933333333333334,24.999045833743693,Core_ZN,6238.542878472942,1.0397571464121569,326.4804468304543,,,24.999045833743693,24.998907918995762,24.999046284401697,24.999011923488535,24.999325559910332
sensor,1979-06-20 08:63,773,27.2,24.999228240500088,Core_ZN,6227.9188234411795,1.0379864705735298,327.5184333010278,,,24.999228240500088,24.99916034936616,24.999333768513566,24.99924243524463,24.999502016958072
sensor,1979-06-20 09:15,774,27.383333333333333,24.998905704414582,Core_ZN,6218.581877235225,1.0364303128725374,328.55486361390035,,,24.998905704414582,24.99880795505201,24.9991129033081,24.998923625038994,24.999261643092883
sensor,1979-06-20 09:25,775,27.56666666666667,24.999048744521296,Core_ZN,6214.099015795707,1.0356831692992845,329.5905467831996,,,24.999048744521296,24.99900625745916,24.999279576550762,24.99910615143567,24.999396885061113
sensor,1979-06-20 09:30,776,27.75,24.998579343937458,Core_ZN,6227.667253813359,1.0379445423022264,330.62849132550184,,,24.998579343937458,24.998563848611056,24.999073621592782,24.99871395490511,24.999191013148632
sensor,1979-06-20 09:40,777,27.933333333333337,24.998576278657268,Core_ZN,6244.454803582626,1.0407424672637708,331.6692337927656,,,24.998576278657268,24.99858129179203,24.999076194921354,24.99873368862766,24.999197447540915
sensor,1979-06-20 09:55,778,28.116666666666667,24.99903638858997,Core_ZN,6258.809137182345,1.0431348561970575,332.7123686489627,,,24.99903638858997,24.998973819355314,24.999335599232566,24.99908652050783,24.999352467748707
sensor,1979-06-20 09:65,779,28.3,24.99913489579172,Core_ZN,6286.291024773027,1.0477151707955044,333.7600838197582,,,24.99913489579172,24.999084095666355,24.9994019284314,24.999192085933743,24.999436627524908
sensor,1979-06-20 10:15,780,28.483333333333334,24.9991692928311,Core_ZN,6327.183279443062,1.0545305465738437,334.8146143663321,,,24.9991692928311,24.999116902037734,24.999435183484767,24.99922589899078,24.999457686452395
sensor,1979-06-20 10:25,781,28.66666666666667,24.999173801593592,Core_ZN,6375.094019916251,1.0625156699860419,335.87713003631814,,,24.999173801593592,24.999131419952803,24.99945787677381,24.999243129025153,24.999468652066398
sensor,1979-06-20 10:35,782,28.85,24.999182151758234,Core_ZN,6425.531364344473,1.0709218940574121,336.9480519303755,,,24.999182151758234,24.999135972468963,24.99947684149005,24.99925354264831,24.999474023887476
sensor,1979-06-20 10:45,783,29.03333333333333,24.999188676799534,Core_ZN,6473.077845772125,1.0788463076286874,338.0268982380042,,,24.999188676799534,24.99913989406189,24.999495127837946,24.999263247832978,24.99947827684948
sensor,1979-06-20 10:53,784,29.216666666666665,24.99941596298621,Core_ZN,6522.82210275761,1.0871370171262682,339.1140352551305,,,24.99941596298621,24.999345649189557,24.99966414641324,24.999457005801553,24.999605105152725
sensor,1979-06-20 10:63,785,29.4,24.99942548083352,Core_ZN,6572.163362088278,1.095360560348046,340.20939581547856,,,24.99942548083352,24.999369965420755,24.999649132734056,24.999478865909417,24.99962216566864
sensor,1979-06-20 11:13,786,29.5,24.999611128900977,Core_ZN,6300.172192913123,1.0500286988188536,341.2594245142974,,,24.999611128900977,24.999558772755144,24.99975967171968,24.999651189445075,24.999743343834467
sensor,1979-06-20 11:23,787,29.6,24.99961316773265,Core_ZN,6319.516842784931,1.0532528071308218,342.3126773214282,,,24.99961316773265,24.999577850791628,24.999773580616825,24.99967058363001,24.99975836535407
sensor,1979-06-20 11:33,788,29.7,24.99961152418618,Core_ZN,6344.88121967186,1.0574802032786432,343.3701575247069,,,24.99961152418618,24.999583202805326,24.99977580966568,24.999676866252674,24.999762378435953
sensor,1979-06-20 11:45,789,29.8,24.999464989930342,Core_ZN,6370.962865460311,1.061827144243385,344.4319846689503,,,24.999464989930342,24.999420633062897,24.99970914935006,24.999554865413145,24.999673516305297
sensor,1979-06-20 11:55,790,29.9,24.999452769579953,Core_ZN,6397.22407962765,1.066204013271275,345.49818868222155,,,24.999452769579953,24.999448731790157,24.999697907966564,24.999565373504627,24.999681738865583
sensor,1979-06-20 11:65,791,30.0,24.99944904130072,Core_ZN,6424.289918998795,1.070714986499799,346.56890366872136,,,24.99944904130072,24.999455742988715,24.999695329186878,24.999567841167995,24.999683667587334
decision,1979-06-20 11:65,791,30.0,24.99944904130072,Core_ZN,6424.289918998795,1.070714986499799,346.56890366872136,"{""cooling"": {""Core_ZN"": 23.5, ""Perimeter_ZN_1"": 23.5, ""Perimeter_ZN_2"": 23.5, ""Perimeter_ZN_3"": 23.5, ""Perimeter_ZN_4"": 23.5}, ""heating"": {""Core_ZN"": 21.0, ""Perimeter_ZN_1"": 21.0, ""Perimeter_ZN_2"": 21.0, ""Perimeter_ZN_3"": 21.0, ""Perimeter_ZN_4"": 21.0}}","Heuristic fallback (rate-limit): Hold mid-band cooling=23.0°C (margin=0.001, trend=stable) multi-zone x5",24.99944904130072,24.999455742988715,24.999695329186878,24.999567841167995,24.999683667587334
sensor,1979-06-20 12:12,792,30.183333333333334,23.73941435910173,Core_ZN,9070.841497997082,1.511806916332847,348.0807105850542,,,23.73941435910173,23.900344514985285,23.550415115659902,23.753143605149575,23.547738162171335
sensor,1979-06-20 12:25,793,30.36666666666667,23.523090610558555,Core_ZN,9598.527455267547,1.5997545758779244,349.6804651609321,,,23.523090610558555,23.543463139291703,23.506930650573523,23.52600731269468,23.50627467272175
sensor,1979-06-20 12:35,794,30.55,23.50045570871011,Core_ZN,9261.247396449487,1.5435412327415812,351.2240063936737,,,23.50045570871011,23.502249511412476,23.500189432860125,23.501149986620867,23.500038107797266
sensor,1979-06-20 12:40,795,30.733333333333334,23.497093797433838,Core_ZN,9145.846112149944,1.5243076853583237,352.748314079032,,,23.497093797433838,23.49725532911064,23.49866360592192,23.49762176409267,23.49858964051375
sensor,1979-06-20 12:50,796,30.916666666666668,23.4972809155976,Core_ZN,9053.881747317411,1.5089802912195687,354.2572943702516,,,23.4972809155976,23.497495052886972,23.49870466375226,23.497830388767266,23.498655929147787
sensor,1979-06-20 12:60,797,31.1,23.49751549274523,Core_ZN,9007.633822184538,1.501272303697423,355.758566673949,,,23.49751549274523,23.497785377228837,23.49877683969691,23.498063355555413,23.49873781020549
sensor,1979-06-20 13:10,798,31.283333333333335,23.497697009927908,Core_ZN,8998.577705830437,1.4997629509717394,357.25832962492075,,,23.497697009927908,23.498002102404122,23.49883933478065,23.498236264862726,23.498794917727153
sensor,1979-06-20 13:20,799,31.466666666666672,23.497818277057167,Core_ZN,9008.738465335611,1.5014564108892685,358.75978603581,,,23.497818277057167,23.49813881407625,23.498880036574878,23.498342543900044,23.498809703729005
sensor,1979-06-20 13:30,800,31.650000000000002,23.497985589300377,Core_ZN,9035.090364921873,1.5058483941536454,360.26563442996365,,,23.497985589300377,23.498227943812267,23.49890625531214,23.498409005449577,23.49879996533164
sensor,1979-06-20 13:40,801,31.833333333333336,23.498074335128607,Core_ZN,9069.469742185607,1.5115782903642678,361.7772127203279,,,23.498074335128607,23.498288443104176,23.49892336794517,23.498451024367892,23.498777186550633
sensor,1979-06-20 13:50,802,32.016666666666666,23.49812964189533,Core_ZN,9111.143111150892,1.5185238518584818,363.2957365721864,,,23.49812964189533,23.49833368079447,23.498935552985184,23.498479505545873,23.49874627972862
sensor,1979-06-20 13:60,803,32.2,23.498166349201973,Core_ZN,9162.175612911404,1.5270292688185672,364.822765841005,,,23.498166349201973,23.49836580479615,23.498944156251557,23.49849837668239,23.498709995680887
sensor,1979-06-20 14:10,804,32.2,23.498194931520977,Core_ZN,9167.76641052611,1.527961068421018,366.350726909426,,,23.498194931520977,23.498387095349607,23.498953749326304,23.498515236264737,23.498673643667995
sensor,1979-06-20 14:20,805,32.2,23.49820584706304,Core_ZN,9174.961703449033,1.529160283908172,367.8798871933342,,,23.49820584706304,23.49838712579943,23.498957852178272,23.49851632138941,23.49863046091834
sensor,1979-06-20 14:30,806,32.2,23.498215441643953,Core_ZN,9183.560134653075,1.5305933557755123,369.4104805491097,,,23.498215441643953,23.498385290030868,23.498960664451296,23.49851499882235,23.498585648256608
sensor,1979-06-20 14:40,807,32.2,23.498220136974084,Core_ZN,9172.968735307133,1.5288281225511888,370.9393086716609,,,23.498220136974084,23.49838548124789,23.498963554095806,23.498514297183267,23.498552473671257
sensor,1979-06-20 14:55,808,32.2,23.498821566132754,Core_ZN,9155.21769975077,1.5258696166251282,372.46517828828604,,,23.498821566132754,23.498901727744986,23.499276988992367,23.49898143651889,23.49889354608974
sensor,1979-06-20 14:65,809,32.2,23.498854522607985,Core_ZN,9125.951190674277,1.5209918651123795,373.9861701533984,,,23.498854522607985,23.498911934691854,23.499296469907485,23.4990012466738,23.499025796543734
sensor,1979-06-20 15:13,810,32.11666666666667,23.499086119554022,Core_ZN,9026.908711185428,1.5044847851975711,375.490654938596,,,23.499086119554022,23.499105791543272,23.49941646853593,23.499174970886045,23.49922871526496
sensor,1979-06-20 15:23,811,32.03333333333334,23.499051906209054,Core_ZN,8911.181134754746,1.4851968557924577,376.97585179438846,,,23.499051906209054,23.49907936615593,23.4994175363127,23.499155565748588,23.49929455338848
sensor,1979-06-20 15:33,812,31.950000000000003,23.499020858129548,Core_ZN,8781.083220772754,1.4635138701287922,378.43936566451725,,,23.499020858129548,23.499056261007407,23.49941010394079,23.499134467108153,23.499342943572866
sensor,1979-06-20 15:43,813,31.866666666666667,23.499002759576257,Core_ZN,8671.982309931744,1.4453303849886239,379.88469604950586,,,23.499002759576257,23.499044606918574,23.499407638149037,23.49912336124817,23.499338899222213
sensor,1979-06-20 15:53,814,31.783333333333335,23.498992979175046,Core_ZN,8566.910848489213,1.4278184747482021,381.3125145242541,,,23.498992979175046,23.499040668555875,23.499409427814363,23.49911917371911,23.49933258624606
sensor,1979-06-20 15:65,815,31.7,23.498532814606353,Core_ZN,8469.078674852237,1.4115131124753728,382.72402763672943,,,23.498532814606353,23.49861944367239,23.499116152868822,23.498719350287494,23.49902845091956
decision,1979-06-20 15:65,815,31.7,23.498532814606353,Core_ZN,8469.078674852237,1.4115131124753728,382.72402763672943,"{""cooling"": {""Core_ZN"": 25.0, ""Perimeter_ZN_1"": 25.0, ""Perimeter_ZN_2"": 25.0, ""Perimeter_ZN_3"": 25.0, ""Perimeter_ZN_4"": 25.0}, ""heating"": {""Core_ZN"": 21.0, ""Perimeter_ZN_1"": 21.0, ""Perimeter_ZN_2"": 21.0, ""Perimeter_ZN_3"": 21.0, ""Perimeter_ZN_4"": 21.0}}","Heuristic fallback (rate-limit): Edge OK (margin=1.5, trend=stable) multi-zone x5",23.498532814606353,23.49861944367239,23.499116152868822,23.498719350287494,23.49902845091956
sensor,1979-06-20 16:13,816,31.700000000000003,24.76817440559685,Core_ZN,5065.796678662913,0.8442994464438188,383.56832708317324,,,24.76817440559685,24.87835583076,24.88872890308718,24.864302079604624,24.921494125008596
sensor,1979-06-20 16:25,817,31.700000000000003,24.969258003753815,Core_ZN,5064.475169846651,0.8440791949744417,384.41240627814767,,,24.969258003753815,24.9844479036454,24.977330957989047,24.981793608367056,24.984631969925005
sensor,1979-06-20 16:35,818,31.7,24.996348245161496,Core_ZN,5220.556825005462,0.8700928041675771,385.28249908231527,,,24.996348245161496,24.99815055947226,24.99595383546313,24.997765934516433,24.997284282111494
sensor,1979-06-20 16:45,819,31.700000000000003,24.99947316814313,Core_ZN,5269.667766443599,0.8782779610739332,386.1607770433892,,,24.99947316814313,24.999692400551027,24.99921882417067,24.999650295208113,24.999437892291958
sensor,1979-06-20 16:53,820,31.7,24.99988250267652,Core_ZN,5300.1572032045515,0.8833595338674252,387.0441365772566,,,24.99988250267652,24.999899760695484,24.9998737217916,24.9999071784867,24.999878844337886
sensor,1979-06-20 16:63,821,31.7,24.999890982476746,Core_ZN,5317.5355598832275,0.8862559266472045,387.9303925039038,,,24.999890982476746,24.999881008108225,24.999915620071683,24.99989598751065,24.999891190195356
sensor,1979-06-20 17:13,822,31.416666666666668,24.999937330193532,Core_ZN,5023.893542910126,0.8373155904850209,388.76770809438887,,,24.999937330193532,24.99992506869833,24.99995106740601,24.99993536291379,24.99993067403708
sensor,1979-06-20 17:23,823,31.133333333333336,24.999942325477676,Core_ZN,4942.303132627478,0.8237171887712462,389.5914252831601,,,24.999942325477676,24.999928598094726,24.99995541738183,24.999937327706416,24.999935208422087
sensor,1979-06-20 17:33,824,30.85,24.999943175477277,Core_ZN,4869.9954088965405,0.8116659014827567,390.40309118464285,,,24.999943175477277,24.999929111948646,24.999956547986468,24.99993650135025,24.999936358171883
sensor,1979-06-20 17:43,825,30.56666666666667,24.999943662115435,Core_ZN,4794.513983482027,0.7990856639136711,391.2021768485565,,,24.999943662115435,24.999930065168222,24.99995758934021,24.999936397582978,24.999938861358448
sensor,1979-06-20 17:53,826,30.28333333333333,24.999944156243117,Core_ZN,4717.011017379367,0.7861685028965613,391.98834535145306,,,24.999944156243117,24.999931462432038,24.99995872598297,24.999937129901895,24.999941990753115
sensor,1979-06-20 17:63,827,30.0,24.999944711648023,Core_ZN,4637.547930535399,0.7729246550892332,392.7612700065423,,,24.999944711648023,24.999933200951993,24.999959948977416,24.99993866657643,24.999945555869644
sensor,1979-06-20 18:13,828,29.71666666666667,24.99994686899226,Core_ZN,4558.725413315492,0.7597875688859153,393.52105757542824,,,24.99994686899226,24.999938185651473,24.99996252191538,24.999943287733913,24.99995101946611
sensor,1979-06-20 18:23,829,29.433333333333337,24.999951170345486,Core_ZN,4478.020143405974,0.7463366905676622,394.2673942659959,,,24.999951170345486,24.999942511755414,24.99996470478055,24.999947583663527,24.99995592314745
sensor,1979-06-20 18:33,830,29.15,24.999953492624854,Core_ZN,4393.299261915715,0.7322165436526191,394.9996108096485,,,24.999953492624854,24.999946541749523,24.999966731525106,24.99995238667982,24.999961405508444
sensor,1979-06-20 18:43,831,28.866666666666667,24.99995533487123,Core_ZN,4321.002946816321,0.7201671578027202,395.71977796745125,,,24.99995533487123,24.999949466559634,24.999968287359145,24.9999549865788,24.999963871067713
sensor,1979-06-20 18:53,832,28.583333333333336,24.999956915526386,Core_ZN,4253.257818043475,0.7088763030072457,396.4286542704585,,,24.999956915526386,24.99995191240593,24.99996963200463,24.999956877701173,24.999965442701026
sensor,1979-06-20 18:65,833,28.3,24.999933281849493,Core_ZN,4188.062911795222,0.6980104852992036,397.1266647557577,,,24.999933281849493,24.999927803637277,24.999948445613743,24.999933629284968,24.999948399579814
sensor,1979-06-20 19:15,834,27.85,24.999951933004972,Core_ZN,4044.9839010474675,0.6741639835079112,397.8008287392656,,,24.999951933004972,24.9999476219027,24.999967096135144,24.999952836574433,24.999963165942024
sensor,1979-06-20 19:23,835,27.400000000000006,24.999960487961964,Core_ZN,3942.9845508822123,0.6571640918137021,398.4579928310793,,,24.999960487961964,24.999954100253614,24.999967285935682,24.99995806638957,24.999966533862644
sensor,1979-06-20 19:33,836,26.950000000000003,24.99996669386942,Core_ZN,3842.3024649524978,0.6403837441587497,399.09837657523804,,,24.99996669386942,24.999963147938683,24.999977371145732,24.999967293816866,24.99997518698484
sensor,1979-06-20 19:43,837,26.5,24.999967782760073,Core_ZN,3752.2610376475914,0.6253768396079319,399.723753414846,,,24.999967782760073,24.999964156237812,24.99997894323912,24.99996834751222,24.999976602393083
sensor,1979-06-20 19:53,838,26.05,24.999968536835564,Core_ZN,3667.9056228948693,0.6113176038158115,400.3350710186618,,,24.999968536835564,24.999964502946145,24.999979574184373,24.999968677134504,24.99997717218248
sensor,1979-06-20 19:63,839,25.6,24.99996924326839,Core_ZN,3586.170612131172,0.5976951020218619,400.93276612068365,,,24.99996924326839,24.999965082405836,24.99998022846684,24.99996914871735,24.999977710590585
decision,1979-06-20 19:63,839,25.6,24.99996924326839,Core_ZN,3586.170612131172,0.5976951020218619,400.93276612068365,"{""cooling"": {""Core_ZN"": 26.5, ""Perimeter_ZN_1"": 26.5, ""Perimeter_ZN_2"": 26.5, ""Perimeter_ZN_3"": 26.5, ""Perimeter_ZN_4"": 26.5}, ""heating"": {""Core_ZN"": 21.0, ""Perimeter_ZN_1"": 21.0, ""Perimeter_ZN_2"": 21.0, ""Perimeter_ZN_3"": 21.0, ""Perimeter_ZN_4"": 21.0}}",Heuristic fallback (rate-limit): Night setback cooling=27.0°C multi-zone x5,24.99996924326839,24.999965082405836,24.99998022846684,24.99996914871735,24.999977710590585
sensor,1979-06-20 20:13,840,25.033333333333335,25.45590523727548,Core_ZN,2334.5875968882137,0.3890979328147023,401.32186405349836,,,25.45590523727548,25.59449042005117,25.73137686481561,25.578644366238564,25.762599927575973
sensor,1979-06-20 20:23,841,24.46666666666667,25.795878254976397,Core_ZN,2211.2181990307877,0.3685363665051312,401.69040042000347,,,25.795878254976397,26.02274797025897,26.271974720063557,26.002017617366946,26.327294235373564
sensor,1979-06-20 20:33,842,23.9,25.909402189172496,Core_ZN,2237.9389881854963,0.37298983136424935,402.0633902513677,,,25.909402189172496,26.16477395487832,26.471933788023588,26.143273668059187,26.48478081360534
sensor,1979-06-20 20:43,843,23.333333333333336,25.93316115974503,Core_ZN,2250.567036446676,0.375094506074446,402.43848475744215,,,25.93316115974503,26.19893864963307,26.496494531178506,26.17969281276311,26.49862155367836
sensor,1979-06-20 20:53,844,22.766666666666666,25.9210097397439,Core_ZN,2243.9928264036425,0.37399880440060707,402.8124835618428,,,25.9210097397439,26.184003777164005,26.499683020347362,26.16817053678944,26.499957328782983
sensor,1979-06-20 20:63,845,22.2,25.892356299051652,Core_ZN,2240.1181704640567,0.3733530284106761,403.1858365902535,,,25.892356299051652,26.145535966171924,26.515812889914592,26.13368692976161,26.500066094387563
sensor,1979-06-20 21:15,846,22.116666666666667,25.67587257860006,Core_ZN,4.038461538461539e-09,6.730769230769232e-13,403.18583659025415,,,25.67587257860006,25.93367407564074,26.16216114026261,25.913712417782435,26.209821264668832
sensor,1979-06-20 21:25,847,22.03333333333333,25.538077700722965,Core_ZN,4.038461538461539e-09,6.730769230769232e-13,403.18583659025484,,,25.538077700722965,25.809127401767075,25.98201043545654,25.785879112315598,26.05367176075525
sensor,1979-06-20 21:35,848,21.95,25.46871465703132,Core_ZN,4.038461538461539e-09,6.730769230769232e-13,403.1858365902555,,,25.46871465703132,25.751157365270636,25.908933629418208,25.728031954804457,25.990221980615644
sensor,1979-06-20 21:45,849,21.866666666666667,25.428368601333474,Core_ZN,4.038461538461539e-09,6.730769230769232e-13,403.1858365902562,,,25.428368601333474,25.71704897633603,25.869393788528853,25.695148707843266,25.95591721767574
sensor,1979-06-20 21:55,850,21.78333333333333,25.40116996656122,Core_ZN,4.038461538461539e-09,6.730769230769232e-13,403.1858365902569,,,25.40116996656122,25.692280975108062,25.8419947586832,25.672016339825475,25.931943389058596
sensor,1979-06-20 21:65,851,21.7,25.380377186737736,Core_ZN,4.038461538461539e-09,6.730769230769232e-13,403.18583659025757,,,25.380377186737736,25.671454970594493,25.819443519486654,25.65297738499975,25.911974495784165
sensor,1979-06-20 22:10,852,21.516666666666666,25.34332168728894,Core_ZN,4.038461538461539e-09,6.730769230769232e-13,403.18583659025825,,,25.34332168728894,25.632376597159677,25.77903899592265,25.616521365760768,25.874101514402387
sensor,1979-06-20 22:20,853,21.333333333333336,25.313138762002744,Core_ZN,4.038461538461539e-09,6.730769230769232e-13,403.18583659025893,,,25.313138762002744,25.599642011058908,25.74576188181369,25.58630978558107,25.842594672555375
sensor,1979-06-20 22:30,854,21.15,25.285123484972154,Core_ZN,4.038461538461539e-09,6.730769230769232e-13,403.1858365902596,,,25.285123484972154,25.56842366222191,25.714022313835954,25.557764790963176,25.812388702451006
sensor,1979-06-20 22:40,855,20.96666666666667,25.258219630510542,Core_ZN,4.038461538461539e-09,6.730769230769232e-13,403.1858365902603,,,25.258219630510542,25.537705586407906,25.682726039700782,25.529843912774275,25.782420155948763
sensor,1979-06-20 22:50,856,20.783333333333335,25.23188901271447,Core_ZN,4.038461538461539e-09,6.730769230769232e-13,403.185836590261,,,25.23188901271447,25.50700183872121,25.65133547707102,25.502074525227545,25.752158417507076
sensor,1979-06-20 22:60,857,20.6,25.205813706619605,Core_ZN,4.038461538461539e-09,6.730769230769232e-13,403.18583659026166,,,25.205813706619605,25.475989727191962,25.61936270746651,25.474191234663518,25.721004772159386
sensor,1979-06-20 23:10,858,20.783333333333335,25.107210039545876,Core_ZN,4.038461538461539e-09,6.730769230769232e-13,403.18583659026234,,,25.107210039545876,25.375359773253294,25.52130837652732,25.377638348764275,25.62522130528884
sensor,1979-06-20 23:20,859,20.96666666666667,25.057664495455615,Core_ZN,4.038461538461539e-09,6.730769230769232e-13,403.185836590263,,,25.057664495455615,25.332706788592997,25.48134526517466,25.333115919303317,25.587355653556724
sensor,1979-06-20 23:30,860,21.15,25.03382754871416,Core_ZN,4.038461538461539e-09,6.730769230769232e-13,403.1858365902637,,,25.03382754871416,25.31229998934352,25.462530655267447,25.312125405165588,25.56950880847062
sensor,1979-06-20 23:40,861,21.333333333333332,25.02279360924202,Core_ZN,4.038461538461539e-09,6.730769230769232e-13,403.1858365902644,,,25.02279360924202,25.301355018135435,25.45235702433684,25.30130280979671,25.559895394853854
sensor,1979-06-20 23:50,862,21.516666666666666,25.018516776276467,Core_ZN,4.038461538461539e-09,6.730769230769232e-13,403.18583659026507,,,25.018516776276467,25.295069980133096,25.446479805291858,25.295459142721803,25.5540774083543
sensor,1979-06-20 23:60,863,21.7,25.018318555605337,Core_ZN,4.038461538461539e-09,6.730769230769232e-13,403.18583659026575,,,25.018318555605337,25.2915302472107,25.443354551611257,25.292497928131574,25.55051650741252
