event_type,timestamp,callback_index,outdoor_temp_c,zone_temp_c,primary_zone,electricity_demand_w,interval_kwh,cumulative_kwh,action_json,reasoning,zone_temp_Core_ZN,zone_temp_Perimeter_ZN_1,zone_temp_Perimeter_ZN_2,zone_temp_Perimeter_ZN_3,zone_temp_Perimeter_ZN_4
sensor,1979-06-15 00:10,0,25.0,25.712432372155213,Core_ZN,4.038461538461539e-09,6.730769230769232e-13,6.730769230769232e-13,,,25.712432372155213,26.255791780903365,26.665052913144425,26.242750200419913,26.888660385388032
sensor,1979-06-15 00:20,1,25.0,25.705341606147428,Core_ZN,4.038461538461539e-09,6.730769230769232e-13,1.3461538461538463e-12,,,25.705341606147428,26.24253461303384,26.64971344549669,26.23060255808016,26.873970645674987
sensor,1979-06-15 00:30,2,25.0,25.698993889291664,Core_ZN,4.038461538461539e-09,6.730769230769232e-13,2.0192307692307696e-12,,,25.698993889291664,26.23010366348704,26.634996111061028,26.219132363285826,26.859734894555263
sensor,1979-06-15 00:40,3,25.0,25.692983302879313,Core_ZN,4.038461538461539e-09,6.730769230769232e-13,2.6923076923076926e-12,,,25.692983302879313,26.21808076876533,26.620571343946203,26.207970100173057,26.845632428377893
sensor,1979-06-15 00:50,4,25.0,25.687125345738107,Core_ZN,4.038461538461539e-09,6.730769230769232e-13,3.3653846153846157e-12,,,25.687125345738107,26.206290236383822,26.60630889657083,26.19696177150672,26.831545424842552
sensor,1979-06-15 00:60,5,25.0,25.68143984701473,Core_ZN,4.038461538461539e-09,6.730769230769232e-13,4.038461538461539e-12,,,25.68143984701473,26.194811330814478,26.592345267057432,26.18619264502705,26.81762214994061
sensor,1979-06-15 01:10,6,24.81666666666667,25.66745608969174,Core_ZN,4.038461538461539e-09,6.730769230769232e-13,4.711538461538462e-12,,,25.66745608969174,26.173642300790302,26.568507508929166,26.166444219258167,26.793627707364276
sensor,1979-06-15 01:20,7,24.633333333333333,25.649723593363504,Core_ZN,4.038461538461539e-09,6.730769230769232e-13,5.384615384615385e-12,,,25.649723593363504,26.14860136681953,26.541125562551784,26.143153785116798,26.76592258316562
sensor,1979-06-15 01:30,8,24.45,25.630045825412527,Core_ZN,4.038461538461539e-09,6.730769230769232e-13,6.057692307692308e-12,,,25.630045825412527,26.121574101989093,26.51188685209595,26.118043767974775,26.73618820743347
sensor,1979-06-15 01:40,9,24.266666666666666,25.609186561272285,Core_ZN,4.038461538461539e-09,6.730769230769232e-13,6.730769230769231e-12,,,25.609186561272285,26.09319749736268,26.481269936498254,26.091700980972135,26.704837269596442
sensor,1979-06-15 01:50,10,24.083333333333336,25.587476426746104,Core_ZN,4.038461538461539e-09,6.730769230769232e-13,7.403846153846154e-12,,,25.587476426746104,26.063719188816723,26.44939135391171,26.064357094386537,26.671877461024028
sensor,1979-06-15 01:60,11,23.9,25.56506171864897,Core_ZN,4.038461538461539e-09,6.730769230769232e-13,8.076923076923078e-12,,,25.56506171864897,26.0332358849544,26.416047054516735,26.036110496567055,26.63825905487213
sensor,1979-06-15 02:10,12,23.8,25.545754537386767,Core_ZN,4.038461538461539e-09,6.730769230769232e-13,8.750000000000002e-12,,,25.545754537386767,26.005651958980835,26.38610502536499,26.010769036288345,26.60822064744162
sensor,1979-06-15 02:20,13,23.7,25.527515382510504,Core_ZN,4.038461538461539e-09,6.730769230769232e-13,9.423076923076926e-12,,,25.527515382510504,25.978822011594268,26.35743956111969,25.98620462943824,26.57914692635457
sensor,1979-06-15 02:30,14,23.6,25.50957976613202,Core_ZN,4.038461538461539e-09,6.730769230769232e-13,1.009615384615385e-11,,,25.50957976613202,25.951998601597893,26.32917759620684,25.961721757072603,26.550258416145848
sensor,1979-06-15 02:40,15,23.5,25.49162542575398,Core_ZN,4.038461538461539e-09,6.730769230769232e-13,1.0769230769230774e-11,,,25.49162542575398,25.924738966518536,26.300992531387976,25.937051576355167,26.521300075532572
sensor,1979-06-15 02:50,16,23.4,25.473514854230544,Core_ZN,4.038461538461539e-09,6.730769230769232e-13,1.1442307692307698e-11,,,25.473514854230544,25.897284643857745,26.272753555681994,25.912066114933324,26.492184159927422
sensor,1979-06-15 02:60,17,23.3,25.455187496816492,Core_ZN,4.038461538461539e-09,6.730769230769232e-13,1.2115384615384621e-11,,,25.455187496816492,25.869856108729817,26.244403796755982,25.886663676224043,26.462879009814603
sensor,1979-06-15 03:10,18,23.21666666666667,25.437361442825097,Core_ZN,4.038461538461539e-09,6.730769230769232e-13,1.2788461538461545e-11,,,25.437361442825097,25.843323489261316,26.216784104389976,25.861514079238724,26.43424673158901
sensor,1979-06-15 03:20,19,23.133333333333333,25.419620114545044,Core_ZN,4.038461538461539e-09,6.730769230769232e-13,1.3461538461538469e-11,,,25.419620114545044,25.81711381696949,26.189319530534167,25.83663620845932,26.405704144701403
sensor,1979-06-15 03:30,20,23.05,25.40180011035631,Core_ZN,4.038461538461539e-09,6.730769230769232e-13,1.4134615384615393e-11,,,25.40180011035631,25.7910000101852,26.161840615656782,25.811915440572182,26.37709698491667
sensor,1979-06-15 03:40,21,22.96666666666667,25.38382897871604,Core_ZN,4.038461538461539e-09,6.730769230769232e-13,1.4807692307692315e-11,,,25.38382897871604,25.764881765656305,26.134286147636857,25.787250508714813,26.348375303906487
sensor,1979-06-15 03:50,22,22.883333333333333,25.365673047659058,Core_ZN,4.038461538461539e-09,6.730769230769232e-13,1.5480769230769237e-11,,,25.365673047659058,25.738710744069202,26.10663056287768,25.762577101256884,26.319521246533373
sensor,1979-06-15 03:60,23,22.8,25.34731521808358,Core_ZN,4.038461538461539e-09,6.730769230769232e-13,1.615384615384616e-11,,,25.34731521808358,25.71246149357062,26.07886132940096,25.737855546264278,26.290528041562794
sensor,1979-06-15 04:10,24,22.7,25.327989249027766,Core_ZN,4.038461538461539e-09,6.730769230769232e-13,1.6826923076923082e-11,,,25.327989249027766,25.685896570792174,26.05051226377745,25.71265847321571,26.26102538376389
sensor,1979-06-15 04:20,25,22.6,25.30929977534833,Core_ZN,4.038461538461539e-09,6.730769230769232e-13,1.7500000000000004e-11,,,25.30929977534833,25.659137317632453,26.021879705960096,25.687209747543797,26.231256225489147
sensor,1979-06-15 04:30,26,22.5,25.289813245254404,Core_ZN,4.038461538461539e-09,6.730769230769232e-13,1.8173076923076926e-11,,,25.289813245254404,25.6418890623074,26.028015711975527,25.683436073475594,26.21006817971606
sensor,1979-06-15 04:40,27,22.4,25.27085236473807,Core_ZN,4.038461538461539e-09,6.730769230769232e-13,1.884615384615385e-11,,,25.27085236473807,25.627140292510322,26.07509586816966,25.70141524255969,26.190688552927345
sensor,1979-06-15 04:50,28,22.3,25.253807925347296,Core_ZN,4.038461538461539e-09,6.730769230769232e-13,1.951923076923077e-11,,,25.253807925347296,25.616484201388843,26.152388162816468,25.736240962199393,26.174833615281045
sensor,1979-06-15 04:60,29,22.2,25.239405709348112,Core_ZN,4.038461538461539e-09,6.730769230769232e-13,2.0192307692307693e-11,,,25.239405709348112,25.609045619283112,26.237365873150846,25.769427595683347,26.160781768127478
sensor,1979-06-15 05:10,30,22.3,25.23690219998423,Core_ZN,4.038461538461539e-09,6.730769230769232e-13,2.0865384615384615e-11,,,25.23690219998423,25.61529012885624,26.339073300714112,25.809339714799542,26.159462501646175
sensor,1979-06-15 05:20,31,22.4,25.239722426495867,Core_ZN,4.038461538461539e-09,6.730769230769232e-13,2.1538461538461538e-11,,,25.239722426495867,25.630646368457356,26.48816183691609,25.86009953130564,26.164849994574464
sensor,1979-06-15 05:35,32,22.5,25.245506131063774,Core_ZN,4.038461538461539e-09,6.730769230769232e-13,2.221153846153846e-11,,,25.245506131063774,25.64635418687263,26.615271988552443,25.898926351546248,26.171639112623577
sensor,1979-06-15 05:45,33,22.6,25.254908089489298,Core_ZN,4.038461538461539e-09,6.730769230769232e-13,2.2884615384615382e-11,,,25.254908089489298,25.668405613884758,26.783815828679593,25.944591584467123,26.181146122884968
sensor,1979-06-15 05:55,34,22.7,25.266038105848548,Core_ZN,4.038461538461539e-09,6.730769230769232e-13,2.3557692307692304e-11,,,25.266038105848548,25.692970877578635,26.958122477805396,25.98603188557516,26.191622759807192
sensor,1979-06-15 05:65,35,22.8,25.27817746384496,Core_ZN,4.038461538461539e-09,6.730769230769232e-13,2.4230769230769227e-11,,,25.27817746384496,25.719801879399913,27.136442973968705,26.021649871477962,26.203004830463755
sensor,1979-06-15 06:15,36,23.066666666666666,25.296805766242557,Core_ZN,433.95776290158824,0.07232629381693137,0.07232629384116214,,,25.296805766242557,25.75537391033636,27.460683642396674,26.051324235632837,26.222104359773553
sensor,1979-06-15 06:23,37,23.333333333333336,25.317883072627588,Core_ZN,618.6954007546724,0.10311590012577873,0.17544219396694088,,,25.317883072627588,25.79453072820775,26.738430328593033,26.072102381125998,26.24439386355126
sensor,1979-06-15 06:33,38,23.6,25.341907032895225,Core_ZN,646.8140596586999,0.10780234327644997,0.2832445372433908,,,25.341907032895225,25.841407557889795,26.7037542928841,26.087994186424794,26.271150514304598
sensor,1979-06-15 06:43,39,23.866666666666667,25.365227183814483,Core_ZN,4.038461538461539e-09,6.730769230769232e-13,0.2832445372440639,,,25.365227183814483,25.88917983511881,27.330500990779427,26.097090083404296,26.299620385129337
sensor,1979-06-15 06:53,40,24.133333333333333,25.387032429996744,Core_ZN,656.5137437717287,0.10941895729528812,0.392663494539352,,,25.387032429996744,25.9388362501636,26.728780169668905,26.105009069310142,26.33191956707953
sensor,1979-06-15 06:63,41,24.4,25.40775344141802,Core_ZN,699.960578017901,0.11666009633631681,0.5093235908756688,,,25.40775344141802,25.988088852396515,26.70273084780801,26.115685603217024,26.36563464143496
sensor,1979-06-15 07:13,42,24.599999999999998,25.426060453187223,Core_ZN,709.9022293479985,0.11831703822466641,0.6276406291003352,,,25.426060453187223,26.033298394859436,26.70018534660417,26.130594243501,26.397452697513422
sensor,1979-06-15 07:23,43,24.800000000000004,25.442477714892895,Core_ZN,4.038461538461539e-09,6.730769230769232e-13,0.6276406291010084,,,25.442477714892895,26.07405548742409,27.519477353857216,26.14905030479875,26.426408866189874
sensor,1979-06-15 07:33,44,25.0,25.45953494859424,Core_ZN,695.0115614915923,0.1158352602485987,0.7434758893496071,,,25.45953494859424,26.115733914591175,26.719382120051257,26.171938497889695,26.456274270098866
sensor,1979-06-15 07:43,45,25.200000000000003,25.476745956814888,Core_ZN,759.0239469063403,0.1265039911510567,0.8699798805006638,,,25.476745956814888,26.15663736823172,26.701011199392735,26.197380647473626,26.48621950283156
sensor,1979-06-15 07:53,46,25.400000000000002,25.49381479608402,Core_ZN,762.4163179745311,0.1270693863290885,0.9970492668297523,,,25.49381479608402,26.19581728881714,26.699954683325817,26.22386393449072,26.516248077884605
sensor,1979-06-15 07:62,47,25.6,25.510155096898917,Core_ZN,4.038461538461539e-09,6.730769230769232e-13,0.9970492668304254,,,25.510155096898917,26.232216575052618,27.62767335635268,26.250066903090868,26.545853113480902
sensor,1979-06-15 08:12,48,25.783333333333335,25.526884748027435,Core_ZN,713.5237964046858,0.1189206327341143,1.1159698995645397,,,25.526884748027435,26.26876748634434,26.721205742873444,26.277785884133372,26.576666727703312
sensor,1979-06-15 08:23,49,25.96666666666667,25.5432423445896,Core_ZN,797.5401418562274,0.13292335697603788,1.2488932565405777,,,25.5432423445896,26.30383925955487,26.70107943781305,26.305589045489615,26.606626911116606
sensor,1979-06-15 08:32,50,26.15,25.55932045739118,Core_ZN,794.0587666776352,0.13234312777960586,1.3812363843201836,,,25.55932045739118,26.338019567608736,26.699942085192625,26.33353431359686,26.636757586762094
sensor,1979-06-15 08:42,51,26.333333333333332,25.574478274586028,Core_ZN,4.038461538461539e-09,6.730769230769232e-13,1.3812363843208566,,,25.574478274586028,26.369516475292144,27.68467657650168,26.35956191920753,26.665843651213407
sensor,1979-06-15 08:53,52,26.516666666666666,25.5902183232932,Core_ZN,713.1504214707613,0.11885840357846023,1.5000947878993167,,,25.5902183232932,26.401395675453635,26.72265439826885,26.385907052594906,26.695903726250407
sensor,1979-06-15 08:62,53,26.7,25.60582395655632,Core_ZN,798.8921338418268,0.1331486889736378,1.6332434768729545,,,25.60582395655632,26.432856161664848,26.701167956338274,26.411488909604614,26.7251074210454
sensor,1979-06-15 09:12,54,26.96666666666667,25.62337787624653,Core_ZN,783.4248653165406,0.1305708108860901,1.7638142877590446,,,25.62337787624653,26.468764098685828,26.699960649296795,26.438952355527032,26.75714739698295
sensor,1979-06-15 09:22,55,27.233333333333334,25.641655813387587,Core_ZN,4.038461538461539e-09,6.730769230769232e-13,1.7638142877597176,,,25.641655813387587,26.507703735977024,27.590031446505986,26.466869458138266,26.7902615490818
sensor,1979-06-15 09:33,56,27.5,25.661983680117952,Core_ZN,698.665549484018,0.11644425824733634,1.880258546007054,,,25.661983680117952,26.552767577161358,26.737287439026847,26.497829085304375,26.826743477352714
sensor,1979-06-15 09:43,57,27.766666666666666,25.68156255201818,Core_ZN,765.6018126736776,0.1276003021122796,2.0078588481193336,,,25.68156255201818,26.59666803367698,26.703413715548013,26.527201790753374,26.86070221928571
sensor,1979-06-15 09:53,58,28.033333333333335,25.700931579674858,Core_ZN,748.0359073922687,0.12467265123204477,2.132531499351378,,,25.700931579674858,26.64038691850494,26.700224607823095,26.556144780162924,26.89421447520145
sensor,1979-06-15 09:62,59,28.3,25.719090936712522,Core_ZN,4.038461538461539e-09,6.730769230769232e-13,2.1325314993520514,,,25.719090936712522,26.685300906226466,27.481739798303344,26.58361210821204,26.92627335341115
sensor,1979-06-15 10:13,60,28.483333333333334,25.736184932279077,Core_ZN,673.1894348423978,0.11219823914039963,2.244729738492451,,,25.736184932279077,26.737689518292388,26.73343398728721,26.61047967893727,26.957726487276922
sensor,1979-06-15 10:23,61,28.66666666666667,25.751661427731083,Core_ZN,717.7056231620155,0.1196176038603359,2.364347342352787,,,25.751661427731083,26.791321479994,26.70316755318523,26.634534857408468,26.985962769032014
sensor,1979-06-15 10:35,62,28.85,25.767342345422502,Core_ZN,696.5796934806559,0.11609661558010932,2.4804439579328963,,,25.767342345422502,26.850342518378596,26.700528629920065,26.65943366957815,27.015580765920262
sensor,1979-06-15 10:43,63,29.03333333333333,25.78016552481558,Core_ZN,4.038461538461539e-09,6.730769230769232e-13,2.4804439579335695,,,25.78016552481558,26.898793440910854,27.268348341208213,26.678935565194212,27.039473331990536
sensor,1979-06-15 10:55,64,29.216666666666665,25.794818614702407,Core_ZN,653.4450913352092,0.10890751522253486,2.5893514731561043,,,25.794818614702407,26.9516482956798,26.758526303546226,26.699890901454587,27.065433623444527
sensor,1979-06-15 10:65,65,29.4,25.808646740234813,Core_ZN,671.5805373698872,0.11193008956164786,2.701281562717752,,,25.808646740234813,26.998582358486473,26.71013263911187,26.718732443015803,27.088669319132066
sensor,1979-06-15 11:10,66,29.5,25.822181059359973,Core_ZN,662.5841595098135,0.11043069325163558,2.811712255969388,,,25.822181059359973,27.04821405891317,26.70107481214027,26.737503495714677,27.11205081248522
sensor,1979-06-15 11:23,67,29.6,25.829339007342885,Core_ZN,4.038461538461539e-09,6.730769230769232e-13,2.811712255970061,,,25.829339007342885,27.075482027982552,27.179198982434176,26.747613042959358,27.12490428167306
sensor,1979-06-15 11:35,68,29.7,25.839825975292182,Core_ZN,644.7611588080208,0.10746019313467012,2.9191724491047313,,,25.839825975292182,27.112917332775574,26.749017811557618,26.762150063439076,27.14300457179968
sensor,1979-06-15 11:40,69,29.8,25.851807715917055,Core_ZN,662.8913317290786,0.1104818886215131,3.0296543377262446,,,25.851807715917055,27.155164050867032,26.705736391307894,26.779891119841103,27.164174410422447
sensor,1979-06-15 11:50,70,29.9,25.861892837840795,Core_ZN,659.5170808893421,0.10991951348155701,3.1395738512078015,,,25.861892837840795,27.190089307551965,26.701855126538344,26.795926861617794,27.18288967106208
sensor,1979-06-15 11:63,71,30.0,25.8693169119085,Core_ZN,1049.561013662843,0.17492683561047379,3.3145006868182754,,,25.8693169119085,27.11617286233627,27.170386370136384,26.808187494433625,27.197117655858218
sensor,1979-06-15 12:15,72,30.183333333333334,25.88301431770413,Core_ZN,2016.9888008909097,0.33616480014848493,3.6506654869667603,,,25.88301431770413,26.754252020322216,26.747976207383196,26.829522076133888,26.762570341153666
sensor,1979-06-15 12:20,73,30.36666666666667,25.901264899527632,Core_ZN,1991.2285603121613,0.3318714267186935,3.982536913685454,,,25.901264899527632,26.70315310301626,26.70563694288145,26.856318626296954,26.7073688406197
sensor,1979-06-15 12:35,74,30.55,25.913231184313048,Core_ZN,1293.17778492887,0.21552963082147836,4.198066544506933,,,25.913231184313048,27.018206284263574,26.700658439321842,26.87538105037595,26.700906750783396
sensor,1979-06-15 12:43,75,30.733333333333334,25.927089501051015,Core_ZN,424.8288874516093,0.07080481457526822,4.268871359082201,,,25.927089501051015,27.265009700765557,27.193566452299564,26.897297357096924,26.973727966949333
sensor,1979-06-15 12:55,76,30.916666666666668,25.943880521938716,Core_ZN,1410.5704303948237,0.2350950717324706,4.503966430814672,,,25.943880521938716,26.736200236932618,26.750308315145745,26.922937037421853,27.198263487547315
sensor,1979-06-15 12:65,77,31.1,25.96055219831483,Core_ZN,2060.949237029918,0.34349153950498634,4.847457970319659,,,25.96055219831483,26.704319639825993,26.70880382827002,26.94754561913162,26.7608920688942
sensor,1979-06-15 13:15,78,31.200000000000003,25.974860594864193,Core_ZN,1337.0036871566413,0.22283394785944022,5.070291918179099,,,25.974860594864193,27.041479279038573,26.70149538382076,26.96903191288932,26.710931777712684
sensor,1979-06-15 13:23,79,31.300000000000004,25.98610287455382,Core_ZN,1091.4526715386328,0.1819087785897721,5.252200696768871,,,25.98610287455382,27.298999475618384,27.21826858478446,26.987462934420137,26.70089521182611
sensor,1979-06-15 13:33,80,31.4,25.99855656852591,Core_ZN,1394.6212799906148,0.2324368799984358,5.484637576767307,,,25.99855656852591,26.71720799256874,26.723481984750983,27.00702023100726,27.180321802681547
sensor,1979-06-15 13:45,81,31.5,26.012932480301547,Core_ZN,2127.0206265934885,0.3545034377655814,5.839141014532888,,,26.012932480301547,26.702192917155656,26.704573002170378,27.02717589722233,26.747376820178985
sensor,1979-06-15 13:55,82,31.6,26.026644245522405,Core_ZN,1420.894856882372,0.23681580948039532,6.075956824013284,,,26.026644245522405,27.027175427605677,26.700753057778513,27.04529123772762,26.70828970168498
sensor,1979-06-15 13:63,83,31.7,26.03932001592374,Core_ZN,1172.945305582567,0.19549088426376116,6.271447708277045,,,26.03932001592374,27.278533314578954,27.232381060373136,27.061553819142464,26.70058075141825
sensor,1979-06-15 14:12,84,31.700000000000003,26.050277841346002,Core_ZN,1385.8389646728886,0.23097316077881475,6.50242086905586,,,26.050277841346002,26.709130817944818,26.713237757469727,27.07573750155523,27.435751444039777
sensor,1979-06-15 14:23,85,31.700000000000003,26.06060262605196,Core_ZN,2180.5658194349444,0.3634276365724907,6.8658485056283505,,,26.06060262605196,26.700535519567147,26.701289979330973,27.089365022147483,26.73022616637165
sensor,1979-06-15 14:35,86,31.7,26.07112660423455,Core_ZN,1506.6674846228207,0.25111124743713675,7.116959753065487,,,26.07112660423455,27.023693418062898,26.700189905133442,27.10272182314433,26.705493615640457
sensor,1979-06-15 14:43,87,31.700000000000003,26.079999027446426,Core_ZN,1255.505827979108,0.20925097132985132,7.326210724395338,,,26.079999027446426,27.269675232102276,27.23006706945704,27.112874863299954,26.700245166773207
sensor,1979-06-15 14:52,88,31.7,26.089156620580336,Core_ZN,1376.940129399621,0.22949002156660347,7.555700745961942,,,26.089156620580336,26.705687249390714,26.70828505994492,27.122623404056995,27.661877895937756
sensor,1979-06-15 14:63,89,31.7,26.100205303442586,Core_ZN,2226.125235501195,0.3710208725835325,7.926721618545474,,,26.100205303442586,26.700316780807118,26.700791253044326,27.133728298520914,26.73894975482858
sensor,1979-06-15 15:15,90,31.700000000000003,26.111631421961523,Core_ZN,1594.2526507336581,0.2657087751222763,8.19243039366775,,,26.111631421961523,27.02344274037779,26.7000946789542,27.145392178435372,26.70665061743142
sensor,1979-06-15 15:23,91,31.700000000000003,26.12101725860281,Core_ZN,1333.298624830201,0.22221643747170017,8.41464683113945,,,26.12101725860281,27.271557155394074,27.222141395435642,27.155136940099144,26.70026271609388
sensor,1979-06-15 15:32,92,31.7,26.130415177515072,Core_ZN,1371.7893664951503,0.22863156108252503,8.643278392221974,,,26.130415177515072,26.70570868683889,26.708161760872404,27.16442691157584,27.858860155659617
sensor,1979-06-15 15:43,93,31.700000000000003,26.141521753588826,Core_ZN,2227.872802886912,0.37131213381448525,9.014590526036459,,,26.141521753588826,26.70031908313362,26.700784588956637,27.174469331680392,26.748014454367848
sensor,1979-06-15 15:53,94,31.7,26.152047632633533,Core_ZN,1628.0505934374657,0.27134176557291095,9.28593229160937,,,26.152047632633533,27.00097582329626,26.70004395136211,27.183699135383282,26.704139656085545
sensor,1979-06-15 15:63,95,31.7,26.161756495684703,Core_ZN,1358.0635248365131,0.2263439208060855,9.512276212415456,,,26.161756495684703,27.283620405865676,27.210575000892383,27.19182548646929,26.700178279043257
sensor,1979-06-15 16:12,96,31.6,26.16785219573862,Core_ZN,1365.8144191570111,0.22763573652616853,9.739911948941625,,,26.16785219573862,26.705862698728744,26.707981717564767,27.195957262344418,27.908666050303292
sensor,1979-06-15 16:23,97,31.500000000000004,26.172964196160578,Core_ZN,2216.7009006800563,0.3694501501133427,10.109362099054968,,,26.172964196160578,26.700332158251708,26.700775010486478,27.19545306016193,26.750547664409424
sensor,1979-06-15 16:33,98,31.4,26.17689337114536,Core_ZN,1603.722281803516,0.26728704696725264,10.37664914602222,,,26.17689337114536,26.996894787417084,26.700051652637807,27.194397683935392,26.704400380172473
sensor,1979-06-15 16:43,99,31.300000000000004,26.179466894098667,Core_ZN,1336.613659902647,0.22276894331710784,10.599418089339329,,,26.179466894098667,27.270532674497705,27.177990884115744,27.191398822467978,26.70023883320297
sensor,1979-06-15 16:52,100,31.2,26.181065632105813,Core_ZN,1336.861248941645,0.22281020815694086,10.82222829749627,,,26.181065632105813,26.70572036256184,26.707463275867152,27.187653396750804,27.869166031369993
sensor,1979-06-15 16:63,101,31.1,26.182848495814227,Core_ZN,2162.5673041825135,0.3604278840304189,11.182656181526688,,,26.182848495814227,26.700185110003197,26.700425153028988,27.193290559276683,26.7265904332084
sensor,1979-06-15 17:13,102,31.016666666666666,26.185449346202205,Core_ZN,2296.8536821871917,0.3828089470311986,11.565465128557888,,,26.185449346202205,26.95841143448405,26.700009798539295,26.99981807850579,26.70134805538961
sensor,1979-06-15 17:23,103,30.933333333333337,26.18859424099594,Core_ZN,1586.9014446383558,0.2644835741063926,11.82994870266428,,,26.18859424099594,27.166303059706557,27.135103467650087,26.720022541424235,26.699957201570122
sensor,1979-06-15 17:32,104,30.85,26.191702692326075,Core_ZN,2001.9870099134766,0.33366450165224604,12.163613204316526,,,26.191702692326075,26.7057060148843,26.7067495355573,26.70048062864024,27.840119228292046
sensor,1979-06-15 17:43,105,30.766666666666666,26.19586140778753,Core_ZN,2089.2003639225704,0.3482000606537617,12.511813264970288,,,26.19586140778753,26.700342797064824,26.700673459553197,26.96807231435478,26.746283693500054
sensor,1979-06-15 17:53,106,30.683333333333337,26.200006014686757,Core_ZN,2138.776135115111,0.35646268918585183,12.86827595415614,,,26.200006014686757,26.700009441580786,26.700057587375976,27.160596851963454,26.704226870037107
sensor,1979-06-15 17:63,107,30.6,26.202961174014284,Core_ZN,1849.5595953370885,0.3082599325561814,13.17653588671232,,,26.202961174014284,26.914677674795023,27.083069492267192,27.11748469009894,26.70031701005578
sensor,1979-06-15 18:12,108,30.400000000000002,26.20090017611418,Core_ZN,1299.492046843075,0.21658200780717918,13.3931178945195,,,26.20090017611418,27.05140096542396,26.70593394172267,26.709842734348552,27.541793425300693
sensor,1979-06-15 18:23,109,30.200000000000003,26.194388951759112,Core_ZN,1987.2226356691683,0.331203772611528,13.72432166713103,,,26.194388951759112,27.086749553402655,26.70059928601826,26.700646931505915,26.73424227099007
sensor,1979-06-15 18:33,110,30.0,26.185709250135574,Core_ZN,1346.1347874565154,0.2243557979094192,13.948677465040449,,,26.185709250135574,27.07887900125874,26.700056874716307,26.884997499127618,26.703177218881876
sensor,1979-06-15 18:43,111,29.799999999999997,26.1747161435582,Core_ZN,701.2650878298072,0.11687751463830118,14.06555497967875,,,26.1747161435582,27.057007585671194,27.020375106573987,26.99260222679409,26.700267563405145
sensor,1979-06-15 18:53,112,29.599999999999998,26.162274854349356,Core_ZN,417.67390519041504,0.06961231753173583,14.135167297210485,,,26.162274854349356,27.02944463085621,27.324392979894476,27.00599935115899,27.315094406362682
sensor,1979-06-15 18:63,113,29.4,26.149471399306705,Core_ZN,1239.1511997249954,0.20652519995416588,14.34169249716465,,,26.149471399306705,26.99958311578614,26.72867605193229,26.99116810035124,26.727759694081026
sensor,1979-06-15 19:13,114,29.21666666666667,26.136968620386142,Core_ZN,1260.7235870551328,0.21012059784252213,14.551813095007173,,,26.136968620386142,26.968736707005103,26.70317855896807,26.959281885061994,26.702632603244794
sensor,1979-06-15 19:23,115,29.033333333333335,26.123924183544453,Core_ZN,638.605891148442,0.106434315191407,14.65824741019858,,,26.123924183544453,26.937326317844015,26.97173848017321,26.91995372247291,26.700236228648286
sensor,1979-06-15 19:33,116,28.85,26.109771897167168,Core_ZN,4.038461538461539e-09,6.730769230769232e-13,14.658247410199253,,,26.109771897167168,26.903018770445367,27.15426385396774,26.87429115689307,27.10935893330853
sensor,1979-06-15 19:43,117,28.666666666666668,26.09473962607331,Core_ZN,1013.3851984802076,0.16889753308003458,14.827144943279288,,,26.09473962607331,26.870181431559278,27.289291042883438,26.832373245416868,26.718200703022188
sensor,1979-06-15 19:55,118,28.483333333333334,26.078267211807834,Core_ZN,1213.7346364192529,0.2022891060698755,15.029434049349163,,,26.078267211807834,26.838239543850783,26.762359288793142,26.794610426342658,26.703530533682255
sensor,1979-06-15 19:65,119,28.3,26.062808239550726,Core_ZN,1186.57815925694,0.19776302654282332,15.227197075891986,,,26.062808239550726,26.81047253247102,26.711626285299836,26.763659685796426,26.700604171043828
sensor,1979-06-15 20:15,120,28.116666666666667,26.047047984177393,Core_ZN,4.038461538461539e-09,6.730769230769232e-13,15.22719707589266,,,26.047047984177393,26.783315465549414,26.937091238648378,26.73463145593002,27.04668103010137
sensor,1979-06-15 20:25,121,27.933333333333337,26.031949674693898,Core_ZN,4.038461538461539e-09,6.730769230769232e-13,15.227197075893333,,,26.031949674693898,26.756471464316945,27.062773561540716,26.706886932377973,27.223866350151546
sensor,1979-06-15 20:35,122,27.75,26.01664641437661,Core_ZN,592.9815036736327,0.0988302506122721,15.326027326505605,,,26.01664641437661,26.730055344598565,27.091313738169674,26.68024579366319,26.76508975535222
sensor,1979-06-15 20:45,123,27.56666666666667,26.001069120329106,Core_ZN,587.1682472720346,0.09786137454533908,15.423888701050943,,,26.001069120329106,26.7040706109206,27.088023692059892,26.654574717684547,26.711425090189145
sensor,1979-06-15 20:55,124,27.383333333333333,25.984908357052756,Core_ZN,578.4595483287919,0.09640992472146531,15.520298625772408,,,25.984908357052756,26.678258875900145,27.07427091156991,26.629537157302806,26.70200676719918
sensor,1979-06-15 20:65,125,27.2,25.968033338693807,Core_ZN,4.038461538461539e-09,6.730769230769232e-13,15.520298625773082,,,25.968033338693807,26.652498406479722,27.056341031590343,26.604928341290496,26.965534545787165
sensor,1979-06-15 21:15,126,27.016666666666666,25.950995483756646,Core_ZN,4.038461538461539e-09,6.730769230769232e-13,15.520298625773755,,,25.950995483756646,26.627707073408928,27.03702854344904,26.58129449944979,27.102364113761382
sensor,1979-06-15 21:20,127,26.833333333333336,25.9294448233847,Core_ZN,4.038461538461539e-09,6.730769230769232e-13,15.520298625774428,,,25.9294448233847,26.59861604692077,27.012707858892032,26.55365698072543,27.147671231958213
sensor,1979-06-15 21:30,128,26.65,25.912238731341862,Core_ZN,4.038461538461539e-09,6.730769230769232e-13,15.520298625775101,,,25.912238731341862,26.57461021185269,26.99131717041845,26.53110560106522,27.148155960341178
sensor,1979-06-15 21:40,129,26.46666666666667,25.89528342723523,Core_ZN,4.038461538461539e-09,6.730769230769232e-13,15.520298625775775,,,25.89528342723523,26.5506062013837,26.96912417589467,26.508731379149832,27.139060290445983
sensor,1979-06-15 21:50,130,26.283333333333335,25.878315280911927,Core_ZN,4.038461538461539e-09,6.730769230769232e-13,15.520298625776448,,,25.878315280911927,26.526510106341124,26.946184769565157,26.486384949315287,27.12552402743246
sensor,1979-06-15 21:60,131,26.1,25.861172693541434,Core_ZN,4.038461538461539e-09,6.730769230769232e-13,15.520298625777121,,,25.861172693541434,26.5022170696629,26.922533870968493,26.463942426316205,27.10936332170693
sensor,1979-06-15 22:10,132,26.01666666666667,25.84815805754838,Core_ZN,4.038461538461539e-09,6.730769230769232e-13,15.520298625777794,,,25.84815805754838,26.481909431899915,26.902826916192325,26.445542979842728,27.09579935803595
sensor,1979-06-15 22:20,133,25.933333333333337,25.8367451550588,Core_ZN,4.038461538461539e-09,6.730769230769232e-13,15.520298625778468,,,25.8367451550588,26.46293091416212,26.88401170674253,26.4285129860177,27.08221096401953
sensor,1979-06-15 22:30,134,25.85,25.826014215335206,Core_ZN,4.038461538461539e-09,6.730769230769232e-13,15.52029862577914,,,25.826014215335206,26.444457216285876,26.865360166335567,26.41203648879581,27.068051105850966
sensor,1979-06-15 22:40,135,25.766666666666666,25.815539532308957,Core_ZN,4.038461538461539e-09,6.730769230769232e-13,15.520298625779814,,,25.815539532308957,26.42615514321491,26.846637777148942,26.395777319308607,27.053199233549375
sensor,1979-06-15 22:50,136,25.683333333333337,25.80511921786413,Core_ZN,4.038461538461539e-09,6.730769230769232e-13,15.520298625780487,,,25.80511921786413,26.407887558043175,26.82775433782511,26.37957640004612,27.037646191189907
sensor,1979-06-15 22:60,137,25.6,25.794648422949585,Core_ZN,4.038461538461539e-09,6.730769230769232e-13,15.52029862578116,,,25.794648422949585,26.38958004140517,26.808664813438597,26.363342935377187,27.021409467963124
sensor,1979-06-15 23:10,138,25.5,25.85580466368939,Core_ZN,4.038461538461539e-09,6.730769230769232e-13,15.520298625781834,,,25.85580466368939,26.439926061675067,26.855542694823352,26.41560425631165,27.070869884208953
sensor,1979-06-15 23:20,139,25.400000000000002,25.8779977739503,Core_ZN,4.038461538461539e-09,6.730769230769232e-13,15.520298625782507,,,25.8779977739503,26.449071120755097,26.859313561340123,26.426693907991915,27.076632157511906
sensor,1979-06-15 23:30,140,25.3,25.884248256303287,Core_ZN,4.038461538461539e-09,6.730769230769232e-13,15.52029862578318,,,25.884248256303287,26.444414515088507,26.851236557374676,26.423967420202356,27.070312306805953
sensor,1979-06-15 23:40,141,25.2,25.883522204153646,Core_ZN,4.038461538461539e-09,6.730769230769232e-13,15.520298625783854,,,25.883522204153646,26.434289778159066,26.838830596126297,26.41577186152795,27.059428401127835
sensor,1979-06-15 23:50,142,25.1,25.87943548974091,Core_ZN,4.038461538461539e-09,6.730769230769232e-13,15.520298625784527,,,25.87943548974091,26.421633869703236,26.82439271139172,26.405040685206014,27.046259097795662
sensor,1979-06-15 23:60,143,25.0,25.8734824857308,Core_ZN,4.038461538461539e-09,6.730769230769232e-13,15.5202986257852,,,25.8734824857308,26.40752879668169,26.80867960437659,26.39285132551627,27.03156673600256
sensor,1979-06-16 00:10,144,24.81666666666667,25.86265536229386,Core_ZN,4.038461538461539e-09,6.730769230769232e-13,15.520298625785873,,,25.86265536229386,26.38803761657243,26.78762140683239,26.37561881796126,27.011268168516974
sensor,1979-06-16 00:20,145,24.633333333333333,25.849364529410856,Core_ZN,4.038461538461539e-09,6.730769230769232e-13,15.520298625786547,,,25.849364529410856,26.366077741905926,26.764277676364184,26.35605093785611,26.98848118054803
sensor,1979-06-16 00:30,146,24.45,25.834499596762136,Core_ZN,4.038461538461539e-09,6.730769230769232e-13,15.52029862578722,,,25.834499596762136,26.342540672674016,26.73942049139663,26.334976643041102,26.96399055535236
sensor,1979-06-16 00:40,147,24.266666666666666,25.818453384931725,Core_ZN,4.038461538461539e-09,6.730769230769232e-13,15.520298625787893,,,25.818453384931725,26.317772701958493,26.713333055504645,26.312721093362082,26.938090959836675
sensor,1979-06-16 00:50,148,24.083333333333336,25.801411842268976,Core_ZN,4.038461538461539e-09,6.730769230769232e-13,15.520298625788566,,,25.801411842268976,26.2919284297358,26.686150126940937,26.28943411251841,26.910929209913874
sensor,1979-06-16 00:60,149,23.9,25.783470443065443,Core_ZN,4.038461538461539e-09,6.730769230769232e-13,15.52029862578924,,,25.783470443065443,26.26510508288667,26.657954148745322,26.26519025044838,26.882598022726125
sensor,1979-06-16 01:10,150,23.8,25.76842557062589,Core_ZN,4.038461538461539e-09,6.730769230769232e-13,15.520298625789913,,,25.76842557062589,26.24175804592937,26.6332107855683,26.244126182562223,26.857568414389156
sensor,1979-06-16 01:20,151,23.7,25.754262117930118,Core_ZN,4.038461538461539e-09,6.730769230769232e-13,15.520298625790586,,,25.754262117930118,26.21929087819824,26.60911849987238,26.22382851276809,26.833035720949727
sensor,1979-06-16 01:30,152,23.6,25.740254783271098,Core_ZN,4.038461538461539e-09,6.730769230769232e-13,15.52029862579126,,,25.740254783271098,26.196943283266506,26.584993270901933,26.203590880557453,26.80834148235099
sensor,1979-06-16 01:40,153,23.5,25.726076974802417,Core_ZN,4.038461538461539e-09,6.730769230769232e-13,15.520298625791932,,,25.726076974802417,26.174450986286192,26.560622919755676,26.18316951982161,26.78329154438246
sensor,1979-06-16 01:50,154,23.4,25.711656971620286,Core_ZN,4.038461538461539e-09,6.730769230769232e-13,15.520298625792606,,,25.711656971620286,26.151717140014345,26.535934918914215,26.16247727338213,26.757823658014786
sensor,1979-06-16 01:60,155,23.3,25.69697330929555,Core_ZN,4.038461538461539e-09,6.730769230769232e-13,15.520298625793279,,,25.69697330929555,26.12870314418272,26.510899999440806,26.141482336624946,26.731913035194705
sensor,1979-06-16 02:10,156,23.116666666666667,25.678221449305468,Core_ZN,4.038461538461539e-09,6.730769230769232e-13,15.520298625793952,,,25.678221449305468,26.10108425252506,26.481073580611483,26.11616551676104,26.701096792009892
sensor,1979-06-16 02:20,157,22.933333333333334,25.657482472579947,Core_ZN,4.038461538461539e-09,6.730769230769232e-13,15.520298625794625,,,25.657482472579947,26.071428604605927,26.449164311215423,26.088942829309964,26.668011764484508
sensor,1979-06-16 02:30,158,22.75,25.635570831255887,Core_ZN,4.038461538461539e-09,6.730769230769232e-13,15.520298625795299,,,25.635570831255887,26.04051394298229,26.415813531144405,26.06055022449165,26.63323333270799
sensor,1979-06-16 02:40,159,22.566666666666666,25.61283789226258,Core_ZN,4.038461538461539e-09,6.730769230769232e-13,15.520298625795972,,,25.61283789226258,26.00861223235573,26.380958219063693,26.031254079903537,26.59793473557897
sensor,1979-06-16 02:50,160,22.383333333333333,25.58943466129695,Core_ZN,4.038461538461539e-09,6.730769230769232e-13,15.520298625796645,,,25.58943466129695,25.975804335321534,26.34553455783963,26.001152632209187,26.562326135583163
sensor,1979-06-16 02:60,161,22.2,25.56542711030634,Core_ZN,4.038461538461539e-09,6.730769230769232e-13,15.520298625797318,,,25.56542711030634,25.942064298883196,26.30994488841882,25.97027352454621,26.526401255157054
sensor,1979-06-16 03:10,162,22.116666666666667,25.54542348255411,Core_ZN,4.038461538461539e-09,6.730769230769232e-13,15.520298625797992,,,25.54542348255411,25.91263547305876,26.279508978119953,25.94355901564511,26.49541993141055
sensor,1979-06-16 03:20,163,22.03333333333333,25.526945301415346,Core_ZN,4.038461538461539e-09,6.730769230769232e-13,15.520298625798665,,,25.526945301415346,25.884564235554265,26.25072103661228,25.918195903330545,26.465857084562327
sensor,1979-06-16 03:30,164,21.95,25.509045144683192,Core_ZN,4.038461538461539e-09,6.730769230769232e-13,15.520298625799338,,,25.509045144683192,25.85743618929392,26.222534908659995,25.893250281231307,26.436768999866416
sensor,1979-06-16 03:40,165,21.866666666666667,25.491314280293587,Core_ZN,4.038461538461539e-09,6.730769230769232e-13,15.520298625800011,,,25.491314280293587,25.83081250581165,26.19457992504309,25.868327193171382,26.40784178519797
sensor,1979-06-16 03:50,166,21.78333333333333,25.47357117366328,Core_ZN,4.038461538461539e-09,6.730769230769232e-13,15.520298625800685,,,25.47357117366328,25.804452600593056,26.16670878307326,25.843103937683143,26.378956176069085
sensor,1979-06-16 03:60,167,21.7,25.45573095411834,Core_ZN,4.038461538461539e-09,6.730769230769232e-13,15.520298625801358,,,25.45573095411834,25.778225518365655,26.138853445136036,25.817920378773067,26.35005805599546
sensor,1979-06-16 04:10,168,21.516666666666666,25.44429704623083,Core_ZN,4.038461538461539e-09,6.730769230769232e-13,15.520298625802031,,,25.44429704623083,25.75757773558564,26.116306342850358,25.7985576270824,26.326533946462636
sensor,1979-06-16 04:20,169,21.333333333333336,25.428548464900665,Core_ZN,4.038461538461539e-09,6.730769230769232e-13,15.520298625802704,,,25.428548464900665,25.73141904478296,26.08806285603262,25.773986983651454,26.297303364934812
sensor,1979-06-16 04:30,170,21.15,25.408617222748294,Core_ZN,4.038461538461539e-09,6.730769230769232e-13,15.520298625803377,,,25.408617222748294,25.712033808223467,26.083718306510136,25.763819312224886,26.27421592656422
sensor,1979-06-16 04:40,171,20.96666666666667,25.387053356875462,Core_ZN,4.038461538461539e-09,6.730769230769232e-13,15.52029862580405,,,25.387053356875462,25.694295033254033,26.12381392824733,25.7767507366234,26.252216601231705
sensor,1979-06-16 04:50,172,20.783333333333335,25.365674854536763,Core_ZN,4.038461538461539e-09,6.730769230769232e-13,15.520298625804724,,,25.365674854536763,25.677956840750202,26.1773039472745,25.79593382505512,26.231165209729628
sensor,1979-06-16 04:60,173,20.6,25.345363392061024,Core_ZN,4.038461538461539e-09,6.730769230769232e-13,15.520298625805397,,,25.345363392061024,25.665254665705525,26.25057353025677,25.82251445672262,26.212815195866646
sensor,1979-06-16 05:13,174,20.783333333333335,24.045434830886858,Core_ZN,3906.5131878855927,0.6510855313142654,16.17138415711966,,,24.045434830886858,24.059976217778768,24.13746236302898,24.06834894490791,24.13114447354075
sensor,1979-06-16 05:20,175,20.96666666666667,23.999958946257536,Core_ZN,4599.985530352802,0.7666642550588003,16.93804841217846,,,23.999958946257536,23.999945753193074,24.002266662650126,24.000003514803964,24.001914271120608
sensor,1979-06-16 05:30,176,21.15,23.999757370425808,Core_ZN,4454.992668989796,0.7424987781649659,17.680547190343425,,,23.999757370425808,23.999690651848024,24.00054185538023,23.99966178176,24.00042704933306
sensor,1979-06-16 05:45,177,21.333333333333332,23.99975614159799,Core_ZN,4369.806584067649,0.7283010973446081,18.408848287688034,,,23.99975614159799,23.9996700806837,23.999735100314297,23.999614334223665,23.999741309937843
sensor,1979-06-16 05:55,178,21.516666666666666,23.999826770182317,Core_ZN,4320.0343875176595,0.7200057312529432,19.128854018940977,,,23.999826770182317,23.999778604995818,23.999791934902564,23.99974444977766,23.99981722743556
sensor,1979-06-16 05:65,179,21.7,23.99984501338477,Core_ZN,4296.552360962338,0.7160920601603895,19.844946079101366,,,23.99984501338477,23.99980364154353,23.99979775678345,23.99977366636787,23.999840821730785
sensor,1979-06-16 06:13,180,22.066666666666666,23.99996201323055,Core_ZN,4290.028878111728,0.7150048130186213,20.559950892119986,,,23.99996201323055,23.99996386524178,23.999898688935794,23.999946829341887,23.999956011040716
sensor,1979-06-16 06:23,181,22.433333333333334,23.99995469469357,Core_ZN,4359.673453383223,0.7266122422305372,21.286563134350523,,,23.99995469469357,23.99996638900238,23.99990807995905,23.999957200530865,23.999959307762545
sensor,1979-06-16 06:33,182,22.799999999999997,23.999955857102687,Core_ZN,4425.630162503243,0.7376050270838738,22.024168161434396,,,23.999955857102687,23.99997063958844,23.99990748321724,23.999966466273424,23.999962638488032
sensor,1979-06-16 06:43,183,23.166666666666664,23.99998240924658,Core_ZN,4491.246737126707,0.7485411228544511,22.772709284288847,,,23.99998240924658,23.999994914086315,23.999937984678283,23.999996744922555,23.999991284811674
sensor,1979-06-16 06:53,184,23.533333333333335,23.999972726536953,Core_ZN,4557.828155645615,0.7596380259409359,23.532347310229785,,,23.999972726536953,23.999985469941205,23.999929503755457,23.99998964795815,23.999979137485838
sensor,1979-06-16 06:63,185,23.9,23.99997327392024,Core_ZN,4627.149463578769,0.7711915772631281,24.303538887492913,,,23.99997327392024,23.999986118139027,23.999929196231754,23.99999237372229,23.99997900286162
sensor,1979-06-16 07:13,186,24.083333333333336,23.9997637081867,Core_ZN,5546.347466311612,0.9243912443852687,25.227930131878182,,,23.9997637081867,23.999779322660252,23.999725570884323,23.999799859436873,23.999834217294076
sensor,1979-06-16 07:23,187,24.266666666666666,23.999706633781948,Core_ZN,5716.536034200881,0.9527560057001467,26.180686137578327,,,23.999706633781948,23.999723532129074,23.999654486768822,23.99974745713593,23.999796859126945
sensor,1979-06-16 07:33,188,24.45,23.999673285927805,Core_ZN,5833.883440039065,0.9723139066731774,27.153000044251506,,,23.999673285927805,23.999690626904673,23.99961437743478,23.99971655977171,23.999776817846023
sensor,1979-06-16 07:43,189,24.633333333333333,23.99964776928384,Core_ZN,5933.196875462311,0.9888661459103851,28.141866190161892,,,23.99964776928384,23.99966361503666,23.9995924686344,23.999691179567936,23.999760614300065
sensor,1979-06-16 07:53,190,24.816666666666666,23.999627507829853,Core_ZN,6019.907142745644,1.0033178571242738,29.145184047286165,,,23.999627507829853,23.99964209143256,23.99957967883812,23.99967075905834,23.999747553222484
sensor,1979-06-16 07:62,191,25.0,23.999611448440852,Core_ZN,6097.578612344847,1.0162631020574744,30.16144714934364,,,23.999611448440852,23.999625037463026,23.99957235790205,23.999654391272173,23.999736994371315
sensor,1979-06-16 08:12,192,25.283333333333335,23.999606004554018,Core_ZN,6191.814193519993,1.0319690322533321,31.193416181596973,,,23.999606004554018,23.99961990566105,23.999577386965214,23.99964946681081,23.999733250353504
sensor,1979-06-16 08:23,193,25.566666666666666,23.99959844219923,Core_ZN,6283.343771257746,1.0472239618762909,32.240640143473264,,,23.99959844219923,23.999614894465317,23.999581600835775,23.999644650700407,23.99972929606162
sensor,1979-06-16 08:32,194,25.85,23.999592970143752,Core_ZN,6371.830257436705,1.061971709572784,33.302611853046045,,,23.999592970143752,23.99961008860529,23.999585632027998,23.999640105973853,23.999725477235735
sensor,1979-06-16 08:42,195,26.133333333333333,23.999588546902455,Core_ZN,6459.076098408999,1.0765126830681666,34.37912453611421,,,23.999588546902455,23.999607250623622,23.999583978644573,23.99963717679706,23.99972276224647
sensor,1979-06-16 08:53,196,26.416666666666664,23.99958470702882,Core_ZN,6541.473061118859,1.0902455101864765,35.46937004630069,,,23.99958470702882,23.999604616714606,23.99958649752008,23.999634471374698,23.999720244005125
sensor,1979-06-16 08:62,197,26.7,23.999581306577593,Core_ZN,6621.064894049876,1.103510815674979,36.57288086197567,,,23.999581306577593,23.999601420451256,23.99959110168972,23.999631705109838,23.999717706362272
sensor,1979-06-16 09:12,198,26.883333333333333,23.999573999540218,Core_ZN,6675.104501534389,1.1125174169223981,37.68539827889807,,,23.999573999540218,23.999591885666682,23.999591947558223,23.9996239996389,23.999712463444467
sensor,1979-06-16 09:23,199,27.066666666666666,23.999470634914875,Core_ZN,6725.4862545995165,1.120914375766586,38.80631265466466,,,23.999470634914875,23.999496879263127,23.999540433498986,23.99954139678962,23.999657262547338
sensor,1979-06-16 09:33,200,27.25,23.999436352271182,Core_ZN,6773.959968199277,1.1289933280332127,39.93530598269787,,,23.999436352271182,23.999461321133015,23.99949951714869,23.999506979519648,23.999625883959375
sensor,1979-06-16 09:43,201,27.43333333333333,23.99942945643452,Core_ZN,6816.1377818508745,1.1360229636418122,41.07132894633968,,,23.99942945643452,23.9994527263768,23.999509079878642,23.999500852828866,23.999620334242465
sensor,1979-06-16 09:55,202,27.616666666666667,23.999256944603694,Core_ZN,6852.018341135498,1.1420030568559163,42.2133320031956,,,23.999256944603694,23.99930317868953,23.999464892330792,23.999373045712183,23.999540234221662
sensor,1979-06-16 09:65,203,27.8,23.99919783013619,Core_ZN,6889.502392412609,1.1482503987354349,43.36158240193104,,,23.99919783013619,23.999241967550763,23.999387328962925,23.99931498588822,23.999486531771236
sensor,1979-06-16 10:15,204,27.983333333333334,23.999182576390247,Core_ZN,6926.533783689577,1.154422297281596,44.51600469921264,,,23.999182576390247,23.999216242786574,23.999388927978,23.99929981991645,23.999472843586478
sensor,1979-06-16 10:25,205,28.166666666666668,23.99915589533832,Core_ZN,6964.308528098312,1.1607180880163854,45.676722787229025,,,23.99915589533832,23.999196799141586,23.999404819831675,23.99929159724565,23.999466964447677
sensor,1979-06-16 10:35,206,28.35,23.999141868031952,Core_ZN,7000.4024398278525,1.1667337399713087,46.84345652720033,,,23.999141868031952,23.999179642254912,23.999423046202523,23.99928511464927,23.999462737414174
sensor,1979-06-16 10:43,207,28.53333333333333,23.99939085639232,Core_ZN,7038.318259170787,1.1730530431951312,48.01650957039546,,,23.99939085639232,23.99938919109173,23.999637610625573,23.999485062962897,23.99961216845092
sensor,1979-06-16 10:55,208,28.716666666666665,23.99918099979243,Core_ZN,7077.215439078614,1.1795359065131021,49.196045476908566,,,23.99918099979243,23.99919038320951,23.999570707380983,23.99932573461115,23.99950715453249
sensor,1979-06-16 10:65,209,28.9,23.99912273631885,Core_ZN,7126.487395087482,1.187747899181247,50.38379337608981,,,23.99912273631885,23.999142637612938,23.999468811114447,23.999273752513133,23.99945976539265
sensor,1979-06-16 11:15,210,29.083333333333332,23.99934406309034,Core_ZN,6878.654401061291,1.1464424001768818,51.53023577626669,,,23.99934406309034,23.999362237869143,23.9996097395831,23.99947378951515,23.999608502479894
sensor,1979-06-16 11:25,211,29.26666666666667,23.99934508061626,Core_ZN,6898.7830903878885,1.1497971817313146,52.68003295799801,,,23.99934508061626,23.99939630842336,23.999637458816615,23.9995043663872,23.99963527136493
sensor,1979-06-16 11:35,212,29.45,23.99933938319652,Core_ZN,6925.234464734977,1.1542057441224962,53.8342387021205,,,23.99933938319652,23.999405768872556,23.99964343235915,23.999511995872112,23.999641215619583
sensor,1979-06-16 11:45,213,29.633333333333333,23.999335163053978,Core_ZN,6953.391222869026,1.1588985371448377,54.99313723926534,,,23.999335163053978,23.99941144398831,23.999646024937675,23.999516364147727,23.999644105862036
sensor,1979-06-16 11:55,214,29.816666666666666,23.999331424254862,Core_ZN,6982.892941148269,1.163815490191378,56.15695272945671,,,23.999331424254862,23.999415807083444,23.999647405201063,23.999519076304757,23.999645934702855
sensor,1979-06-16 11:65,215,30.0,23.999328195097526,Core_ZN,7013.3362601619465,1.1688893766936577,57.32584210615037,,,23.999328195097526,23.999419536269006,23.999648141613932,23.999520637003346,23.999647167044337
sensor,1979-06-16 12:15,216,30.1,23.999095132772005,Core_ZN,7326.49913783775,1.221083189639625,58.54692529578999,,,23.999095132772005,23.99919842199552,23.99949142462346,23.99932049611168,23.99949303261406
sensor,1979-06-16 12:25,217,30.200000000000003,23.999069376363657,Core_ZN,7373.074497627613,1.2288457496046021,59.77577104539459,,,23.999069376363657,23.999153226921546,23.999454590981387,23.999280679420227,23.999460952035896
sensor,1979-06-16 12:35,218,30.3,23.99906107568203,Core_ZN,7412.570292479534,1.2354283820799223,61.011199427474516,,,23.99906107568203,23.999136448618493,23.999441926401317,23.999264920215666,23.99945113539097
sensor,1979-06-16 12:40,219,30.4,23.99862446410942,Core_ZN,7445.819353829892,1.240969892304982,62.2521693197795,,,23.99862446410942,23.998806538056435,23.99926746002217,23.998976896530795,23.99927152467443
sensor,1979-06-16 12:50,220,30.500000000000004,23.998513764120204,Core_ZN,7478.123926801991,1.2463539878003318,63.49852330757983,,,23.998513764120204,23.998712529831238,23.99918616551389,23.998885893203017,23.99919787268462
sensor,1979-06-16 12:60,221,30.6,23.998485688409232,Core_ZN,7511.998082491429,1.251999680415238,64.75052298799507,,,23.998485688409232,23.998690179509335,23.999157857220425,23.998858451559496,23.99917089777514
sensor,1979-06-16 13:10,222,30.683333333333337,23.99847968088715,Core_ZN,7548.20983296978,1.25803497216163,66.0085579601567,,,23.99847968088715,23.99868865584254,23.99914943352176,23.998849536817154,23.999153146059815
sensor,1979-06-16 13:20,223,30.76666666666667,23.99847070257843,Core_ZN,7583.026812725646,1.2638378021209409,67.27239576227764,,,23.99847070257843,23.99868103419816,23.99914227629087,23.99883396379043,23.99912241606822
sensor,1979-06-16 13:30,224,30.85,23.99853629384137,Core_ZN,7619.916014280781,1.2699860023801302,68.54238176465778,,,23.99853629384137,23.998676277532837,23.99913668157198,23.998819736484776,23.999084368642198
sensor,1979-06-16 13:40,225,30.933333333333337,23.998555570537963,Core_ZN,7656.015579773274,1.2760025966288788,69.81838436128666,,,23.998555570537963,23.998675415532155,23.999132495772393,23.998807960622674,23.999043462089766
sensor,1979-06-16 13:55,226,31.016666666666666,23.999036884989977,Core_ZN,7689.943538474479,1.2816572564124131,71.10004161769908,,,23.999036884989977,23.999090837804857,23.999370143381995,23.999160577996392,23.99918698322425
sensor,1979-06-16 13:65,227,31.1,23.999087147978052,Core_ZN,7728.719387292469,1.288119897882078,72.38816151558116,,,23.999087147978052,23.99910725717338,23.999393941566126,23.99918290857049,23.9992261419654
sensor,1979-06-16 14:15,228,31.1,23.999078397691115,Core_ZN,7741.9731256723235,1.2903288542787206,73.67849036985989,,,23.999078397691115,23.99908570121888,23.999388167609748,23.999163728431505,23.999199836951824
sensor,1979-06-16 14:25,229,31.100000000000005,23.999070895340086,Core_ZN,7751.447079691752,1.291907846615292,74.97039821647517,,,23.999070895340086,23.99906995312557,23.999382836915032,23.999148375685596,23.999169786263703
sensor,1979-06-16 14:35,230,31.1,23.999064211369983,Core_ZN,7758.481876046015,1.2930803126743358,76.26347852914951,,,23.999064211369983,23.999059259645705,23.999379496842824,23.999137439507457,23.999143053117532
sensor,1979-06-16 14:45,231,31.1,23.999059267181195,Core_ZN,7757.676490038106,1.2929460816730176,77.55642461082253,,,23.999059267181195,23.999054821887427,23.999379052580622,23.999131564411435,23.999126324752233
sensor,1979-06-16 14:55,232,31.1,23.99905601432885,Core_ZN,7753.010254361324,1.2921683757268871,78.84859298654942,,,23.99905601432885,23.999053089340027,23.999380300779325,23.999128602045964,23.99911549541043
sensor,1979-06-16 14:65,233,31.1,23.999054121070884,Core_ZN,7745.851203218608,1.2909752005364346,80.13956818708586,,,23.999054121070884,23.999052228492616,23.999382670533137,23.99912760201709,23.999109358139016
sensor,1979-06-16 15:15,234,31.1,23.999065332427797,Core_ZN,7741.411758161005,1.2902352930268342,81.4298034801127,,,23.999065332427797,23.99906651756762,23.999392000819263,23.999140866647505,23.999117843503562
sensor,1979-06-16 15:25,235,31.100000000000005,23.99904859595477,Core_ZN,7735.555873115359,1.289259312185893,82.71906279229859,,,23.99904859595477,23.99907799369133,23.999399675675846,23.999151701503994,23.9991309128631
sensor,1979-06-16 15:35,236,31.1,23.999045390266353,Core_ZN,7717.565760707444,1.2862609601179071,84.00532375241649,,,23.999045390266353,23.99908823431645,23.999406643669936,23.999161475183026,23.999158045180486
sensor,1979-06-16 15:45,237,31.1,23.999045546532308,Core_ZN,7709.447670473254,1.2849079450788756,85.29023169749536,,,23.999045546532308,23.99909685329509,23.99941268997634,23.99916975683292,23.999163170271995
sensor,1979-06-16 15:55,238,31.1,23.99904594552123,Core_ZN,7703.3272422088485,1.2838878737014747,86.57411957119683,,,23.99904594552123,23.99910419746142,23.99941810620726,23.999176854329146,23.999163279143364
sensor,1979-06-16 15:65,239,31.1,23.99904629957283,Core_ZN,7707.50362290089,1.2845839371501482,87.85870350834698,,,23.99904629957283,23.999108829739345,23.999422149688034,23.999181644544073,23.999148560470307
sensor,1979-06-16 16:15,240,31.016666666666666,23.999530686727198,Core_ZN,6880.026373415253,1.1466710622358756,89.00537457058286,,,23.999530686727198,23.999558278012845,23.999708113849444,23.99960210613939,23.999520671303927
sensor,1979-06-16 16:25,241,30.933333333333337,23.999626171075157,Core_ZN,6756.068989877455,1.1260114983129093,90.13138606889576,,,23.999626171075157,23.99964552399393,23.999771117861886,23.999681916802384,23.999606857516703
sensor,1979-06-16 16:35,242,30.85,23.99966107768241,Core_ZN,6677.752131327991,1.1129586885546652,91.24434475745043,,,23.99966107768241,23.999681386875345,23.99979399850931,23.99971406426063,23.9996373418765
sensor,1979-06-16 16:45,243,30.766666666666666,23.999681797632913,Core_ZN,6585.347300580473,1.0975578834300788,92.34190264088052,,,23.999681797632913,23.999707774756516,23.999808970453834,23.99973719402128,23.999677256066906
sensor,1979-06-16 16:53,244,30.683333333333337,23.999767005344765,Core_ZN,6503.508094899078,1.083918015816513,93.42582065669703,,,23.999767005344765,23.999784859372234,23.999850569935056,23.999804506513115,23.99976139846438
sensor,1979-06-16 16:63,245,30.6,23.99978735618366,Core_ZN,6431.909704476349,1.0719849507460582,94.49780560744308,,,23.99978735618366,23.99980798015903,23.99986972824626,23.999822792983153,23.999796780540542
sensor,1979-06-16 17:13,246,30.500000000000004,23.99985321725883,Core_ZN,6104.6892861193455,1.0174482143532242,95.5152538217963,,,23.99985321725883,23.999871869014896,23.99991391592556,23.999879302691493,23.9998671879114
sensor,1979-06-16 17:23,247,30.400000000000002,23.99986666401479,Core_ZN,5980.72801487885,0.9967880024798084,96.51204182427611,,,23.99986666401479,23.99988362329237,23.99992305763578,23.999888372365525,23.999892604696424
sensor,1979-06-16 17:33,248,30.3,23.999871655341643,Core_ZN,5881.234709548032,0.9802057849246719,97.49224760920079,,,23.999871655341643,23.99988857444777,23.999926616944286,23.999891550586952,23.999904579213336
sensor,1979-06-16 17:43,249,30.200000000000003,23.999875032977158,Core_ZN,5794.234267384534,0.9657057112307557,98.45795332043154,,,23.999875032977158,23.999892377838123,23.999929285011426,23.999893668784633,23.999910905281055
sensor,1979-06-16 17:53,250,30.099999999999998,23.99987772766496,Core_ZN,5712.238486473892,0.9520397477456487,99.40999306817719,,,23.99987772766496,23.999895526100552,23.99993155861977,23.999896093764725,23.999915920844224
sensor,1979-06-16 17:63,251,30.0,23.999880016472275,Core_ZN,5632.9338623367,0.93882231038945,100.34881537856664,,,23.999880016472275,23.999898229315818,23.999933485823284,23.99989903577616,23.999920559527524
sensor,1979-06-16 18:13,252,29.9,23.99988817813997,Core_ZN,5559.009057606209,0.9265015096010348,101.27531688816768,,,23.99988817813997,23.999909652032017,23.999939959997512,23.999910567614734,23.999930940191227
sensor,1979-06-16 18:23,253,29.800000000000004,23.999898986525015,Core_ZN,5477.464678514224,0.9129107797523706,102.18822766792005,,,23.999898986525015,23.99991875953763,23.99994488566717,23.99992141402037,23.99994111555274
sensor,1979-06-16 18:33,254,29.7,23.99990601585616,Core_ZN,5404.139374954864,0.9006898958258107,103.08891756374585,,,23.99990601585616,23.999925845393356,23.99994872918133,23.999929644857097,23.999947775967808
sensor,1979-06-16 18:43,255,29.6,23.99991138009718,Core_ZN,5345.4338591085525,0.8909056431847586,103.9798232069306,,,23.99991138009718,23.999930996954358,23.999951614889376,23.99993460647736,23.999950587151133
sensor,1979-06-16 18:53,256,29.5,23.99991572878404,Core_ZN,5293.1605004988,0.8821934167497998,104.8620166236804,,,23.99991572878404,23.999935002773576,23.999953918145717,23.999938200044408,23.999952172745054
sensor,1979-06-16 18:65,257,29.4,23.999880475523337,Core_ZN,5243.173057298489,0.8738621762164148,105.73587879989682,,,23.999880475523337,23.999912498189254,23.9999350656436,23.99991591604953,23.99994659385935
sensor,1979-06-16 19:15,258,29.21666666666667,23.99990150595363,Core_ZN,5122.937886330389,0.8538229810550648,106.58970178095188,,,23.99990150595363,23.999927533157297,23.999949780636754,23.99993156060671,23.999948269133288
sensor,1979-06-16 19:25,259,29.033333333333335,23.999903671435625,Core_ZN,5044.950606808627,0.840825101134771,107.43052688208665,,,23.999903671435625,23.999929792653106,23.99995291168411,23.999934355681955,23.999949454612405
sensor,1979-06-16 19:35,260,28.85,23.99990482931316,Core_ZN,4966.898865683944,0.8278164776139906,108.25834335970065,,,23.99990482931316,23.999930822253347,23.999954161521703,23.999936419285174,23.99995126244179
sensor,1979-06-16 19:45,261,28.666666666666668,23.999906014363617,Core_ZN,4902.18266998774,0.8170304449979566,109.0753738046986,,,23.999906014363617,23.999930623735175,23.999954869008292,23.9999362620369,23.99995162184861
sensor,1979-06-16 19:55,262,28.483333333333334,23.9999070910268,Core_ZN,4843.094842150498,0.8071824736917497,109.88255627839035,,,23.9999070910268,23.999929849811842,23.99995541015061,23.999936373173647,23.999951660832664
sensor,1979-06-16 19:65,263,28.3,23.999908076261946,Core_ZN,4787.0903587430485,0.7978483931238414,110.6804046715142,,,23.999908076261946,23.999930072190395,23.999955945845137,23.999936470803373,23.999951671821407
sensor,1979-06-16 20:15,264,28.21666666666667,23.999915141791266,Core_ZN,4754.629535527651,0.792438255921275,111.47284292743547,,,23.999915141791266,23.999939119761088,23.999960061250952,23.999944603920007,23.999955647343295
sensor,1979-06-16 20:25,265,28.133333333333336,23.999929462543918,Core_ZN,4723.611717287935,0.7872686195479891,112.26011154698345,,,23.999929462543918,23.999946357690042,23.999963365567652,23.99995111979014,23.99995872277549
sensor,1979-06-16 20:30,266,28.05,23.999891724927284,Core_ZN,4696.533066334306,0.7827555110557176,113.04286705803916,,,23.999891724927284,23.99991899409631,23.999948347839343,23.99992612296216,23.99994200610916
sensor,1979-06-16 20:40,267,27.96666666666667,23.999900133381097,Core_ZN,4670.534473347028,0.7784224122245047,113.82128947026366,,,23.999900133381097,23.999923036918794,23.99994954635142,23.999929743168828,23.99993821134185
sensor,1979-06-16 20:50,268,27.883333333333333,23.999905971751573,Core_ZN,4646.051624685004,0.7743419374475007,114.59563140771117,,,23.999905971751573,23.999927945642636,23.99995017965652,23.999933980715028,23.999937534322637
sensor,1979-06-16 20:60,269,27.8,23.99991056363365,Core_ZN,4622.769831657462,0.7704616386095771,115.36609304632074,,,23.99991056363365,23.999932284070514,23.999950537733618,23.999937705569213,23.999937707550284
sensor,1979-06-16 21:12,270,27.8,24.521172094337736,Core_ZN,4.038461538461539e-09,6.730769230769232e-13,115.36609304632141,,,24.521172094337736,24.742023582540114,24.86852517675506,24.714988256664757,24.90364327418058
sensor,1979-06-16 21:25,271,27.8,25.063756997034545,Core_ZN,4.038461538461539e-09,6.730769230769232e-13,115.36609304632208,,,25.063756997034545,25.398758506414133,25.595407455747903,25.353491438513686,25.652005450732766
sensor,1979-06-16 21:30,272,27.8,25.30410092024718,Core_ZN,4.038461538461539e-09,6.730769230769232e-13,115.36609304632275,,,25.30410092024718,25.662498526124295,25.87263603589736,25.61061207174762,25.948637832224836
sensor,1979-06-16 21:40,273,27.799999999999997,25.38353437156177,Core_ZN,4.038461538461539e-09,6.730769230769232e-13,115.36609304632341,,,25.38353437156177,25.75765880526634,25.97131608884315,25.70378466914048,26.057713860468468
sensor,1979-06-16 21:50,274,27.8,25.435503060545816,Core_ZN,4.038461538461539e-09,6.730769230769232e-13,115.36609304632408,,,25.435503060545816,25.821223792410155,26.04058145758585,25.766105288532895,26.132755534617246
sensor,1979-06-16 21:60,275,27.8,25.475717633275295,Core_ZN,4.038461538461539e-09,6.730769230769232e-13,115.36609304632475,,,25.475717633275295,25.870712028814207,26.096119641394925,25.814410118876758,26.19252145085013
sensor,1979-06-16 22:10,276,27.616666666666667,25.490845317196428,Core_ZN,4.038461538461539e-09,6.730769230769232e-13,115.36609304632542,,,25.490845317196428,25.892247750827444,26.123448313193048,25.835791525486485,26.223140862734073
sensor,1979-06-16 22:20,277,27.433333333333334,25.503769828775916,Core_ZN,4.038461538461539e-09,6.730769230769232e-13,115.36609304632609,,,25.503769828775916,25.909112041312127,26.14631555144193,25.853230896470883,26.24871085951156
sensor,1979-06-16 22:30,278,27.25,25.514507273682668,Core_ZN,4.038461538461539e-09,6.730769230769232e-13,115.36609304632675,,,25.514507273682668,25.921798246850567,26.16441928557204,25.866973262332465,26.269101912638703
sensor,1979-06-16 22:40,279,27.066666666666663,25.522661676792893,Core_ZN,4.038461538461539e-09,6.730769230769232e-13,115.36609304632742,,,25.522661676792893,25.93031004249016,26.177771397426195,25.876913963958334,26.284401542170464
sensor,1979-06-16 22:50,280,26.883333333333333,25.52835245686687,Core_ZN,4.038461538461539e-09,6.730769230769232e-13,115.36609304632809,,,25.52835245686687,25.935021420381393,26.186826000223228,25.883361248121176,26.2951090051692
sensor,1979-06-16 22:60,281,26.7,25.5317827573447,Core_ZN,4.038461538461539e-09,6.730769230769232e-13,115.36609304632876,,,25.5317827573447,25.936298632260392,26.19202802698342,25.886641548195932,26.301700931646927
sensor,1979-06-16 23:10,282,26.516666666666666,25.519056017221224,Core_ZN,4.038461538461539e-09,6.730769230769232e-13,115.36609304632942,,,25.519056017221224,25.921543937870844,26.181541864373997,25.87389902902293,26.292587202389758
sensor,1979-06-16 23:20,283,26.333333333333336,25.513147643657785,Core_ZN,4.038461538461539e-09,6.730769230769232e-13,115.36609304633009,,,25.513147643657785,25.912378887615294,26.176109677594162,25.86680233348171,26.288302392654796
sensor,1979-06-16 23:30,284,26.15,25.50803701716994,Core_ZN,4.038461538461539e-09,6.730769230769232e-13,115.36609304633076,,,25.50803701716994,25.90372382533575,26.17041385730627,25.860322507757008,26.28355355034842
sensor,1979-06-16 23:40,285,25.96666666666667,25.502266159248087,Core_ZN,4.038461538461539e-09,6.730769230769232e-13,115.36609304633143,,,25.502266159248087,25.89406628891,26.16319536156792,25.85293945122026,26.277100292077268
sensor,1979-06-16 23:50,286,25.783333333333335,25.49534123343906,Core_ZN,4.038461538461539e-09,6.730769230769232e-13,115.3660930463321,,,25.49534123343906,25.883017702610584,26.15423675708057,25.844251055884314,26.268746132809806
sensor,1979-06-16 23:60,287,25.6,25.486886166051814,Core_ZN,4.038461538461539e-09,6.730769230769232e-13,115.36609304633276,,,25.486886166051814,25.870530979650738,26.143582469207352,25.834198668538058,26.25855223160919
sensor,1979-06-17 00:10,288,25.5,25.481002766005258,Core_ZN,4.038461538461539e-09,6.730769230769232e-13,115.36609304633343,,,25.481002766005258,25.861650877950034,26.13619306577412,25.827293259413736,26.251569276563636
sensor,1979-06-17 00:20,289,25.400000000000002,25.475681338773825,Core_ZN,4.038461538461539e-09,6.730769230769232e-13,115.3660930463341,,,25.475681338773825,25.85326872123639,26.12885626980038,25.820747737167085,26.244531016041055
sensor,1979-06-17 00:30,290,25.3,25.470277478936303,Core_ZN,4.038461538461539e-09,6.730769230769232e-13,115.36609304633477,,,25.470277478936303,25.844622528717867,26.120963733821966,25.813876897377963,26.2368352266504
sensor,1979-06-17 00:40,291,25.2,25.464548180165664,Core_ZN,4.038461538461539e-09,6.730769230769232e-13,115.36609304633544,,,25.464548180165664,25.83549276481843,26.11238023485083,25.80648474337662,26.22835624794863
sensor,1979-06-17 00:50,292,25.1,25.458407713585768,Core_ZN,4.038461538461539e-09,6.730769230769232e-13,115.3660930463361,,,25.458407713585768,25.82582153446939,26.103093964506076,25.798523287214817,26.21909073928382
sensor,1979-06-17 00:60,293,25.0,25.45183037090391,Core_ZN,4.038461538461539e-09,6.730769230769232e-13,115.36609304633677,,,25.45183037090391,25.81560140248405,26.09312463187533,25.789990556512468,26.209065969155656
sensor,1979-06-17 01:10,294,24.900000000000002,25.44481017912667,Core_ZN,4.038461538461539e-09,6.730769230769232e-13,115.36609304633744,,,25.44481017912667,25.804692264623547,26.082407451370777,25.780812844614577,26.198187245087873
sensor,1979-06-17 01:20,295,24.8,25.43735292018371,Core_ZN,4.038461538461539e-09,6.730769230769232e-13,115.36609304633811,,,25.43735292018371,25.793204217398923,26.071032940908168,25.771062215953357,26.186577701549353
sensor,1979-06-17 01:30,296,24.7,25.429466898694933,Core_ZN,4.038461538461539e-09,6.730769230769232e-13,115.36609304633878,,,25.429466898694933,25.78117962677974,26.059041761847627,25.760771736321864,26.174289803047177
sensor,1979-06-17 01:40,297,24.6,25.42116060689721,Core_ZN,4.038461538461539e-09,6.730769230769232e-13,115.36609304633944,,,25.42116060689721,25.76864412589929,26.04646370792548,25.74996454531783,26.161360878663327
sensor,1979-06-17 01:50,298,24.5,25.412438429311894,Core_ZN,4.038461538461539e-09,6.730769230769232e-13,115.36609304634011,,,25.412438429311894,25.75561800466841,26.033324477160257,25.73866022783095,26.147822884881272
sensor,1979-06-17 01:60,299,24.4,25.40333269872871,Core_ZN,4.038461538461539e-09,6.730769230769232e-13,115.36609304634078,,,25.40333269872871,25.74211906524576,26.019647246395085,25.72687643174977,26.133704698752187
sensor,1979-06-17 02:10,300,24.316666666666666,25.394590817400356,Core_ZN,4.038461538461539e-09,6.730769230769232e-13,115.36609304634145,,,25.394590817400356,25.72908282537541,26.006332131701992,25.715442810352442,26.119943311407575
sensor,1979-06-17 02:20,301,24.233333333333334,25.38579956312092,Core_ZN,4.038461538461539e-09,6.730769230769232e-13,115.36609304634212,,,25.38579956312092,25.715935867207588,25.992797449295978,25.703853916062354,26.105934856884126
sensor,1979-06-17 02:30,302,24.15,25.376818099590302,Core_ZN,4.038461538461539e-09,6.730769230769232e-13,115.36609304634278,,,25.376818099590302,25.702530824590056,25.97892558025268,25.691980476698618,26.091561593573942
sensor,1979-06-17 02:40,303,24.066666666666666,25.36759149646417,Core_ZN,4.038461538461539e-09,6.730769230769232e-13,115.36609304634345,,,25.36759149646417,25.688822812696273,25.964688743494488,25.679784321432184,26.07679783095518
sensor,1979-06-17 02:50,304,23.983333333333334,25.358099561007304,Core_ZN,4.038461538461539e-09,6.730769230769232e-13,115.36609304634412,,,25.358099561007304,25.67479912471277,25.95008403974071,25.667256186204916,26.06164300241395
sensor,1979-06-17 02:60,305,23.9,25.348335977522808,Core_ZN,4.038461538461539e-09,6.730769230769232e-13,115.36609304634479,,,25.348335977522808,25.660457851011945,25.935115678352282,25.65439640047234,26.046103589594203
sensor,1979-06-17 03:10,306,23.8,25.337560847625383,Core_ZN,4.038461538461539e-09,6.730769230769232e-13,115.36609304634545,,,25.337560847625383,25.64504043151896,25.91897189697838,25.640459965378,26.029400920940247
sensor,1979-06-17 03:20,307,23.7,25.326196051059277,Core_ZN,4.038461538461539e-09,6.730769230769232e-13,115.36609304634612,,,25.326196051059277,25.629023807367616,25.90220784338466,25.62592055722268,26.012073165991914
sensor,1979-06-17 03:30,308,23.6,25.314394741826224,Core_ZN,4.038461538461539e-09,6.730769230769232e-13,115.36609304634679,,,25.314394741826224,25.61254561930369,25.884959116756992,25.610916366410336,25.994250822203337
sensor,1979-06-17 03:40,309,23.5,25.3022204945412,Core_ZN,4.038461538461539e-09,6.730769230769232e-13,115.36609304634746,,,25.3022204945412,25.59565823833547,25.86727477352265,25.595500767559397,25.975981942683774
sensor,1979-06-17 03:50,310,23.4,25.289709432213233,Core_ZN,4.038461538461539e-09,6.730769230769232e-13,115.36609304634813,,,25.289709432213233,25.578385788605903,25.849178691782768,25.579698928309604,25.957290241763587
sensor,1979-06-17 03:60,311,23.3,25.276893363150286,Core_ZN,4.038461538461539e-09,6.730769230769232e-13,115.3660930463488,,,25.276893363150286,25.560742364945202,25.83068686056263,25.56352598858519,25.938191526063516
sensor,1979-06-17 04:10,312,23.3,25.279711047850917,Core_ZN,4.038461538461539e-09,6.730769230769232e-13,115.36609304634946,,,25.279711047850917,25.558488818127348,25.82756405330077,25.562587763000042,25.934323770999843
sensor,1979-06-17 04:20,313,23.3,25.28188074482126,Core_ZN,4.038461538461539e-09,6.730769230769232e-13,115.36609304635013,,,25.28188074482126,25.553841179592414,25.821724611668728,25.559208424964883,25.927631488765815
sensor,1979-06-17 04:30,314,23.3,25.282215829909664,Core_ZN,4.038461538461539e-09,6.730769230769232e-13,115.3660930463508,,,25.282215829909664,25.55817509576005,25.895156081513377,25.600858923173572,25.9290695613935
sensor,1979-06-17 04:40,315,23.3,25.282973032288904,Core_ZN,4.038461538461539e-09,6.730769230769232e-13,115.36609304635147,,,25.282973032288904,25.56322073717341,25.952684470673177,25.631785919488728,25.931388815565818
sensor,1979-06-17 04:50,316,23.3,25.284393459287557,Core_ZN,4.038461538461539e-09,6.730769230769232e-13,115.36609304635213,,,25.284393459287557,25.567512007384973,25.983866557522585,25.646643460692548,25.933496217117167
sensor,1979-06-17 04:60,317,23.3,25.28582960167019,Core_ZN,4.038461538461539e-09,6.730769230769232e-13,115.3660930463528,,,25.28582960167019,25.572856452094445,26.005294109273905,25.65587099208131,25.935940973137292
sensor,1979-06-17 05:15,318,23.3,24.09619043595216,Core_ZN,4460.3237141684285,0.743387285694738,116.10948033204754,,,24.09619043595216,24.125541455405234,24.264784867061397,24.13697589059688,24.249495523981963
sensor,1979-06-17 05:20,319,23.3,24.00429130587679,Core_ZN,4596.568322436421,0.7660947204060702,116.87557505245361,,,24.00429130587679,24.006096170142005,24.029215699424046,24.0070808362126,24.026633091369174
sensor,1979-06-17 05:30,320,23.3,24.000635646716667,Core_ZN,4419.023637106944,0.736503939517824,117.61207899197143,,,24.000635646716667,24.00097750668118,24.009192663849472,24.00124537446467,24.008253783201866
sensor,1979-06-17 05:40,321,23.3,23.99988522496714,Core_ZN,4313.839254852016,0.7189732091420026,118.33105220111344,,,23.99988522496714,23.999886898353502,24.00282980102344,23.999963701311902,24.002488517806913
sensor,1979-06-17 05:50,322,23.3,23.999748691181193,Core_ZN,4236.078754140983,0.7060131256901637,119.0370653268036,,,23.999748691181193,23.999677683914012,24.00080071438914,23.999703582168642,24.000677598137173
sensor,1979-06-17 05:65,323,23.3,23.99974386830271,Core_ZN,4163.874479625557,0.6939790799375928,119.73104440674119,,,23.99974386830271,23.999637885636954,23.999812763421982,23.99964142824273,23.99978035694221
sensor,1979-06-17 06:15,324,23.116666666666667,23.999961614235026,Core_ZN,4216.758524691964,0.7027930874486606,120.43383749418985,,,23.999961614235026,23.99999113060359,23.999939286080675,23.99998839079422,23.99993829874875
sensor,1979-06-17 06:25,325,22.933333333333334,23.999933237382855,Core_ZN,4193.428145633217,0.6989046909388695,121.13274218512872,,,23.999933237382855,23.99996507406337,23.99992250952034,23.99996503677376,23.9999291292966
sensor,1979-06-17 06:35,326,22.75,23.999914511906987,Core_ZN,4160.4351282997995,0.6934058547166333,121.82614803984535,,,23.999914511906987,23.999938905703914,23.99991223524789,23.99994166612116,23.999923324082875
sensor,1979-06-17 06:45,327,22.566666666666666,23.99989899133459,Core_ZN,4147.765665817424,0.6912942776362373,122.51744231748158,,,23.99989899133459,23.999914527661687,23.99988348145544,23.999918788224228,23.999915947388235
sensor,1979-06-17 06:55,328,22.383333333333333,23.999886436175217,Core_ZN,4142.62806359249,0.6904380105987484,123.20788032808034,,,23.999886436175217,23.99989383190242,23.999844355284743,23.999900980207748,23.999909781489123
sensor,1979-06-17 06:63,329,22.2,23.999906147910387,Core_ZN,4142.521770853533,0.6904202951422553,123.8983006232226,,,23.999906147910387,23.99989964385951,23.999780156079446,23.999909621828134,23.99991595249854
sensor,1979-06-17 07:13,330,22.383333333333333,23.99952036489351,Core_ZN,5115.653093963935,0.8526088489939891,124.75090947221659,,,23.99952036489351,23.99954820859607,23.999505079953778,23.999581045766742,23.999706509728977
sensor,1979-06-17 07:23,331,22.566666666666666,23.999566177081842,Core_ZN,5294.638800090526,0.8824398000150877,125.63334927223168,,,23.999566177081842,23.999590845092804,23.999471672319835,23.999624439628178,23.999732697179933
sensor,1979-06-17 07:33,332,22.75,23.999565045503655,Core_ZN,5430.353169656583,0.9050588616094305,126.53840813384112,,,23.999565045503655,23.999590261190342,23.999470031613136,23.999622989511604,23.999734985587207
sensor,1979-06-17 07:43,333,22.933333333333334,23.999559801960714,Core_ZN,5521.393672693776,0.920232278782296,127.45864041262341,,,23.999559801960714,23.999583999480894,23.99949084807549,23.999617236943294,23.99973206921883
sensor,1979-06-17 07:53,334,23.116666666666667,23.999556281344837,Core_ZN,5599.4921992977615,0.9332486998829603,128.39188911250636,,,23.999556281344837,23.999579511588436,23.999514555506288,23.999612943513796,23.999729121451335
sensor,1979-06-17 07:63,335,23.3,23.99942423656878,Core_ZN,5669.530532614945,0.9449217554358241,129.33681086794218,,,23.99942423656878,23.999454240189834,23.999398023281962,23.99949944008172,23.999652438539034
sensor,1979-06-17 08:13,336,23.3,23.999421604160183,Core_ZN,5697.283788888134,0.9495472981480223,130.2863581660902,,,23.999421604160183,23.999455056636968,23.999437825620554,23.999496673501504,23.99964839804048
sensor,1979-06-17 08:23,337,23.3,23.999412527621445,Core_ZN,5718.67578006817,0.9531126300113617,131.23947079610156,,,23.999412527621445,23.999448105519782,23.9994555213547,23.999489654314583,23.999643127895233
sensor,1979-06-17 08:35,338,23.3,23.99918167787469,Core_ZN,5735.301656816574,0.955883609469429,132.19535440557098,,,23.99918167787469,23.999232309710997,23.999306662189394,23.999292595525525,23.999512611847198
sensor,1979-06-17 08:45,339,23.3,23.99917555878566,Core_ZN,5743.672407804033,0.9572787346340055,133.15263314020498,,,23.99917555878566,23.999237473798598,23.999331284746226,23.999294111013388,23.99950918359111
sensor,1979-06-17 08:55,340,23.3,23.999172337125874,Core_ZN,5753.104172838543,0.9588506954730903,134.1114838356781,,,23.999172337125874,23.999229728570477,23.999353740020776,23.999287742576822,23.9995035899194
sensor,1979-06-17 08:65,341,23.3,23.999170137202256,Core_ZN,5761.536480775569,0.9602560801292613,135.07173991580734,,,23.999170137202256,23.999221066129675,23.999374071546125,23.999281394584344,23.99949790931643
sensor,1979-06-17 09:10,342,22.75,23.99879988769871,Core_ZN,5656.617467357057,0.9427695778928428,136.0145094937002,,,23.99879988769871,23.99892003276283,23.999221120861332,23.99900720815012,23.999344151818317
sensor,1979-06-17 09:20,343,22.200000000000003,23.998690400252695,Core_ZN,5548.331128595811,0.9247218547659684,136.93923134846617,,,23.998690400252695,23.998819277613347,23.999166578909715,23.998914785974367,23.999297912001087
sensor,1979-06-17 09:30,344,21.65,23.998636120458794,Core_ZN,5439.212977298815,0.9065354962164691,137.84576684468263,,,23.998636120458794,23.998757060611158,23.999159715268416,23.9988600495001,23.99927592753259
sensor,1979-06-17 09:40,345,21.1,23.998605952012394,Core_ZN,5326.149442184707,0.8876915736974512,138.73345841838008,,,23.998605952012394,23.998717556427163,23.99916646524905,23.99882603706085,23.99926541612993
sensor,1979-06-17 09:50,346,20.55,23.998588224153618,Core_ZN,5212.0706180582065,0.8686784363430343,139.6021368547231,,,23.998588224153618,23.998700233695608,23.999173325104532,23.998810854466683,23.999263861184566
sensor,1979-06-17 09:60,347,20.0,23.998578879489447,Core_ZN,5098.400096904463,0.8497333494840771,140.45187020420718,,,23.998578879489447,23.998692675087522,23.999184490829776,23.99880496142133,23.999266839157013
sensor,1979-06-17 10:10,348,20.183333333333334,23.99854102488786,Core_ZN,5114.43562533569,0.8524059375559483,141.30427614176313,,,23.99854102488786,23.99865383580175,23.999170441259356,23.998770366062725,23.9992438854817
sensor,1979-06-17 10:20,349,20.366666666666667,23.998576524748305,Core_ZN,5135.944593976711,0.8559907656627851,142.16026690742592,,,23.998576524748305,23.99869775621798,23.99919076736618,23.998813239985832,23.999248482144353
sensor,1979-06-17 10:35,350,20.55,23.999074773397016,Core_ZN,5150.5530515238825,0.8584255085873137,143.01869241601324,,,23.999074773397016,23.99912120709288,23.99945247656452,23.999212971356176,23.99943741294971
sensor,1979-06-17 10:45,351,20.733333333333334,23.99915498499258,Core_ZN,5165.468192681314,0.8609113654468855,143.87960378146013,,,23.99915498499258,23.999232273526232,23.999514564986484,23.99931334188645,23.99951176206834
sensor,1979-06-17 10:50,352,20.916666666666668,23.99875496746311,Core_ZN,5181.991236158941,0.8636652060264902,144.74326898748663,,,23.99875496746311,23.998925121961317,23.99936754269578,23.999036962751614,23.999350427780307
sensor,1979-06-17 10:60,353,21.1,23.998695028424464,Core_ZN,5200.854981931725,0.8668091636552875,145.61007815114192,,,23.998695028424464,23.99890572130722,23.999320720393964,23.999013532409034,23.99931769213657
sensor,1979-06-17 11:10,354,21.1,23.998796385970262,Core_ZN,4940.551646985867,0.8234252744976445,146.43350342563957,,,23.998796385970262,23.99899055797904,23.999345631984745,23.999088888416566,23.99934586944787
sensor,1979-06-17 11:20,355,21.1,23.999059305883822,Core_ZN,4904.8880381929075,0.8174813396988179,147.2509847653384,,,23.999059305883822,23.99926406434333,23.99952886193438,23.999342064505555,23.999530127702467
sensor,1979-06-17 11:35,356,21.1,23.999382044543193,Core_ZN,4878.224859691222,0.8130374766152038,148.06402224195358,,,23.999382044543193,23.999517223854642,23.999690717637435,23.999564837279053,23.99967827334992
sensor,1979-06-17 11:40,357,21.1,23.999149579530716,Core_ZN,4866.188506907584,0.8110314178179308,148.8750536597715,,,23.999149579530716,23.999389358076524,23.999640792610485,23.999451897257053,23.999630408798605
sensor,1979-06-17 11:50,358,21.1,23.99910651794519,Core_ZN,4860.290570712279,0.8100484284520465,149.68510208822354,,,23.99910651794519,23.99937534747802,23.99963336902904,23.999446646203825,23.99963101810166
sensor,1979-06-17 11:65,359,21.1,23.99937633758487,Core_ZN,4858.472378371537,0.8097453963952562,150.4948474846188,,,23.99937633758487,23.999498783665473,23.999701263565367,23.999575414244866,23.999693599111197
sensor,1979-06-17 12:13,360,21.1,23.999399606855995,Core_ZN,5104.989314917222,0.8508315524862036,151.345679037105,,,23.999399606855995,23.99949363887612,23.999700397453143,23.99957038681536,23.999689745196328
sensor,1979-06-17 12:23,361,21.1,23.999390027569248,Core_ZN,5120.493622112076,0.853415603685346,152.19909464079032,,,23.999390027569248,23.99946947904541,23.999679123313364,23.999550981552918,23.999678155987148
sensor,1979-06-17 12:32,362,21.1,23.9995119025612,Core_ZN,5135.366269923433,0.855894378320572,153.0549890191109,,,23.9995119025612,23.999557611795343,23.999739125221204,23.999632283603837,23.999735903562588
sensor,1979-06-17 12:42,363,21.1,23.999511315958955,Core_ZN,5142.026263113655,0.8570043771856091,153.9119933962965,,,23.999511315958955,23.99955723022528,23.999732819995813,23.999626545029802,23.999734003357293
sensor,1979-06-17 12:53,364,21.1,23.999367600188627,Core_ZN,5145.886105151081,0.8576476841918469,154.76964108048836,,,23.999367600188627,23.999433124048227,23.999659803239208,23.99951736598706,23.99965892819931
sensor,1979-06-17 12:65,365,21.1,23.999126403602588,Core_ZN,5156.658160403387,0.8594430267338979,155.62908410722224,,,23.999126403602588,23.99923240408065,23.99954014519102,23.999335948743642,23.99953247527359
sensor,1979-06-17 13:15,366,21.283333333333335,23.9991303910465,Core_ZN,5203.74939701718,0.86729156616953,156.49637567339178,,,23.9991303910465,23.99924708248684,23.99953722667772,23.999340056227073,23.999519721027227
sensor,1979-06-17 13:25,367,21.46666666666667,23.999175055255485,Core_ZN,5249.4367680235955,0.8749061280039325,157.37128180139572,,,23.999175055255485,23.99925412977854,23.99953573573498,23.999339353496705,23.999498931672086
sensor,1979-06-17 13:35,368,21.65,23.99919118489627,Core_ZN,5298.898896268387,0.8831498160447311,158.25443161744045,,,23.99919118489627,23.999259429785972,23.99953419154899,23.99933727279653,23.999475601277933
sensor,1979-06-17 13:40,369,21.833333333333336,23.99880238442232,Core_ZN,5347.01560337061,0.891169267228435,159.14560088466888,,,23.99880238442232,23.998963582188917,23.999376820809193,23.99906385798093,23.999279902274846
sensor,1979-06-17 13:55,370,22.016666666666666,23.999156798590235,Core_ZN,5391.010299352589,0.8985017165587648,160.04410260122765,,,23.999156798590235,23.99925429079205,23.99951362777449,23.99931089511445,23.99936039699964
sensor,1979-06-17 13:65,371,22.2,23.999205384489144,Core_ZN,5439.169700862372,0.906528283477062,160.9506308847047,,,23.999205384489144,23.99927887326543,23.99953193478971,23.999336705484453,23.999386757839183
sensor,1979-06-17 14:10,372,22.116666666666667,23.998845551462164,Core_ZN,5437.51893556503,0.9062531559275049,161.85688404063222,,,23.998845551462164,23.99900738686513,23.99939032222067,23.999082357441857,23.999181201263216
sensor,1979-06-17 14:20,373,22.03333333333333,23.998768961318543,Core_ZN,5432.175365782448,0.9053625609637415,162.76224660159596,,,23.998768961318543,23.99893218100745,23.99934369967168,23.999013627282658,23.99912138526163
sensor,1979-06-17 14:30,374,21.95,23.998745821796323,Core_ZN,5425.065896428794,0.904177649404799,163.66642425100076,,,23.998745821796323,23.998906225636933,23.99932866674101,23.99898741309032,23.99907303393933
sensor,1979-06-17 14:40,375,21.866666666666667,23.998733516156438,Core_ZN,5409.271428265421,0.9015452380442368,164.567969489045,,,23.998733516156438,23.998894487870256,23.999324448966274,23.998973768046394,23.99903746822265
sensor,1979-06-17 14:55,376,21.78333333333333,23.99909224900929,Core_ZN,5384.200777409568,0.8973667962349281,165.46533628527993,,,23.99909224900929,23.999172332096492,23.999455733992647,23.99922134701476,23.999136675515388
sensor,1979-06-17 14:65,377,21.7,23.999158376556732,Core_ZN,5360.739489380709,0.8934565815634514,166.35879286684337,,,23.999158376556732,23.99922640225599,23.99950929538319,23.999278337658602,23.999254238232098
sensor,1979-06-17 15:13,378,21.516666666666666,23.999362870621503,Core_ZN,5314.622489449073,0.8857704149081789,167.24456328175154,,,23.999362870621503,23.99940331258943,23.99960801863023,23.999440328675377,23.99939880209729
sensor,1979-06-17 15:23,379,21.333333333333336,23.999385997954704,Core_ZN,5272.6812834836255,0.8787802139139376,168.12334349566547,,,23.999385997954704,23.99943825390615,23.999642041341165,23.999476955761075,23.999477653516777
sensor,1979-06-17 15:33,380,21.15,23.999387250448017,Core_ZN,5228.909656862598,0.871484942810433,168.9948284384759,,,23.999387250448017,23.99944555927824,23.999648890417554,23.999484551267876,23.999502640579095
sensor,1979-06-17 15:42,381,20.96666666666667,23.9995081478215,Core_ZN,5161.902083995368,0.860317013999228,169.85514545247514,,,23.9995081478215,23.99955580324457,23.999709821268585,23.999584546226476,23.999612917766115
sensor,1979-06-17 15:53,382,20.783333333333335,23.999520933749835,Core_ZN,5092.280882380889,0.8487134803968148,170.70385893287195,,,23.999520933749835,23.999581317511307,23.999729991131733,23.999608904411698,23.999654746013356
sensor,1979-06-17 15:63,383,20.6,23.999523502516787,Core_ZN,5019.633540264756,0.836605590044126,171.54046452291607,,,23.999523502516787,23.999594299389248,23.99973750629422,23.9996199603092,23.99967955421551
sensor,1979-06-17 16:12,384,20.316666666666666,23.999821404959356,Core_ZN,4285.836904570525,0.7143061507617541,172.25477067367783,,,23.999821404959356,23.999843572903316,23.99988484962673,23.999853727946068,23.99987095844561
sensor,1979-06-17 16:22,385,20.033333333333335,23.99985556546132,Core_ZN,4119.759748605643,0.686626624767607,172.94139729844542,,,23.99985556546132,23.999882299188663,23.99991703229832,23.999889763549216,23.999914999862344
sensor,1979-06-17 16:32,386,19.75,23.99986907022749,Core_ZN,3986.276425778555,0.6643794042964258,173.60577670274185,,,23.99986907022749,23.99989888674934,23.999927624881852,23.999904462913975,23.999932971338684
sensor,1979-06-17 16:42,387,19.466666666666665,23.999878747495874,Core_ZN,3906.41192833381,0.6510686547223017,174.25684535746416,,,23.999878747495874,23.999906763410777,23.99993317884625,23.999911871908957,23.999930982238666
sensor,1979-06-17 16:53,388,19.183333333333334,23.99985400032149,Core_ZN,3851.0944801769274,0.6418490800294878,174.89869443749365,,,23.99985400032149,23.999886828973438,23.999915475398325,23.99989231060258,23.999900777856958
sensor,1979-06-17 16:63,389,18.9,23.999821557491185,Core_ZN,3807.3604044484846,0.6345600674080807,175.53325450490172,,,23.999821557491185,23.99986104073259,23.999897669930427,23.99986609009278,23.999858548620487
sensor,1979-06-17 17:15,390,18.8,23.999850858050134,Core_ZN,3613.7865072087548,0.6022977512014591,176.13555225610318,,,23.999850858050134,23.999891366273317,23.999910018032907,23.999889657397418,23.999841780666486
sensor,1979-06-17 17:25,391,18.7,23.99989169723813,Core_ZN,3590.3329088578344,0.5983888181429724,176.73394107424616,,,23.99989169723813,23.999928982394366,23.999946804193684,23.999925068589935,23.999883590138104
sensor,1979-06-17 17:35,392,18.6,23.999906344313978,Core_ZN,3587.0310092923573,0.5978385015487262,177.33177957579488,,,23.999906344313978,23.999942708478002,23.999957550852805,23.999933860209765,23.99988367215279
sensor,1979-06-17 17:45,393,18.5,23.999915540820204,Core_ZN,3558.4318576486767,0.5930719762747794,177.92485155206967,,,23.999915540820204,23.999953250761926,23.999963507432497,23.999941194109866,23.999895923272444
sensor,1979-06-17 17:55,394,18.400000000000002,23.99992275158548,Core_ZN,3521.330411821349,0.5868884019702248,178.51173995403988,,,23.99992275158548,23.999962059611242,23.99996787224716,23.999948437925898,23.999910712307322
sensor,1979-06-17 17:65,395,18.3,23.999928789202997,Core_ZN,3479.817215790976,0.5799695359651627,179.09170949000506,,,23.999928789202997,23.99996994819746,23.999971332539246,23.999955791519525,23.999924886299826
sensor,1979-06-17 18:13,396,18.033333333333335,23.999942664032247,Core_ZN,3405.180554727476,0.5675300924545793,179.65923958245963,,,23.999942664032247,23.999973532037895,23.99997467858489,23.999959125638952,23.99994269399295
sensor,1979-06-17 18:23,397,17.766666666666666,23.99994240085443,Core_ZN,3332.1907435701446,0.5553651239283575,180.214604706388,,,23.99994240085443,23.999966743403803,23.99997386052668,23.999956095231646,23.999949631543807
sensor,1979-06-17 18:33,398,17.5,23.999940082649488,Core_ZN,3259.106321195677,0.5431843868659462,180.75778909325396,,,23.999940082649488,23.99996288491327,23.999972626491555,23.999953415170864,23.99995333835998
sensor,1979-06-17 18:43,399,17.233333333333334,23.999938113526536,Core_ZN,3193.300478107676,0.5322167463512792,181.29000583960524,,,23.999938113526536,23.99996029594905,23.999971815075124,23.999950586337217,23.99995479086963
sensor,1979-06-17 18:53,400,16.966666666666665,23.99993670978722,Core_ZN,3130.0884159417888,0.5216814026569647,181.8116872422622,,,23.99993670978722,23.99995868834239,23.999971456908575,23.999949127161784,23.999955993012417
sensor,1979-06-17 18:63,401,16.7,23.999935806756262,Core_ZN,3059.5367107971665,0.509922785132861,182.32161002739505,,,23.999935806756262,23.999957975582234,23.999971525333095,23.999950454168975,23.999959971191053
sensor,1979-06-17 19:13,402,16.516666666666666,23.999947874954536,Core_ZN,2962.7863752350486,0.4937977292058414,182.8154077566009,,,23.999947874954536,23.99996848245121,23.99997857361677,23.999963488755895,23.999972550065955
sensor,1979-06-17 19:23,403,16.333333333333336,23.999951245545198,Core_ZN,2898.8207916860424,0.48313679861434033,183.29854455521524,,,23.999951245545198,23.99997259399349,23.999981102458626,23.9999696502041,23.99997817854363
sensor,1979-06-17 19:35,404,16.15,23.999924788349915,Core_ZN,2836.3665520190684,0.47272775866984473,183.77127231388508,,,23.999924788349915,23.999956713630574,23.999960378889416,23.99995463669744,23.999968035939013
sensor,1979-06-17 19:45,405,15.966666666666665,23.999940306753203,Core_ZN,2788.4509124624933,0.46474181874374887,184.23601413262884,,,23.999940306753203,23.999969930387696,23.999977145913302,23.999969214170665,23.999977498216865
sensor,1979-06-17 19:55,406,15.783333333333333,23.999944536166076,Core_ZN,2746.1956141013966,0.4576992690168994,184.69371340164574,,,23.999944536166076,23.999973150871767,23.999981208860078,23.999972812408856,23.999980414931883
sensor,1979-06-17 19:65,407,15.6,23.999947004031185,Core_ZN,2707.6443251661317,0.45127405419435523,185.1449874558401,,,23.999947004031185,23.99997482261718,24.0001460744839,23.999974600782682,23.999981777069898
sensor,1979-06-17 20:15,408,15.6,23.999948854499866,Core_ZN,2688.3232183678892,0.4480538697279815,185.59304132556807,,,23.999948854499866,23.999976397487245,24.000338458115507,23.999976205007485,23.999982907800927
sensor,1979-06-17 20:25,409,15.6,23.999956582007286,Core_ZN,2669.804610504983,0.4449674350841638,186.03800876065222,,,23.999956582007286,23.999977696962723,24.00035583567776,23.999977478955252,23.99998376678432
sensor,1979-06-17 20:30,410,15.6,23.999939564512907,Core_ZN,2654.1988142462915,0.44236646904104854,186.48037522969327,,,23.999939564512907,23.99997089231335,24.00048877475441,23.99997059796331,23.999981205439344
sensor,1979-06-17 20:40,411,15.599999999999998,23.99995584710901,Core_ZN,2639.4376567710274,0.4399062761285045,186.92028150582178,,,23.99995584710901,23.99998096356181,24.000528302162994,23.999980584347114,23.99998753918966
sensor,1979-06-17 20:50,412,15.6,23.999960646687384,Core_ZN,2625.636313581396,0.43760605226356597,187.35788755808534,,,23.999960646687384,23.99998427045235,24.000524898379734,23.99998387766056,23.999990500376956
sensor,1979-06-17 20:60,413,15.6,23.999962789273685,Core_ZN,2612.482191870852,0.435413698645142,187.79330125673047,,,23.999962789273685,24.000296024045056,24.000507948845787,23.99998552086573,23.99999231906331
sensor,1979-06-17 21:15,414,15.6,24.131602459256907,Core_ZN,4.038461538461539e-09,6.730769230769232e-13,187.79330125673116,,,24.131602459256907,24.188144954397416,24.286432846917734,24.215231471236642,24.37161447079871
sensor,1979-06-17 21:20,415,15.6,24.210128511998033,Core_ZN,4.038461538461539e-09,6.730769230769232e-13,187.79330125673184,,,24.210128511998033,24.28637370728731,24.4296338336429,24.3313505128111,24.557198892683676
sensor,1979-06-17 21:30,416,15.6,24.225513856070638,Core_ZN,4.038461538461539e-09,6.730769230769232e-13,187.79330125673252,,,24.225513856070638,24.30196055907968,24.45625324745383,24.352701247858118,24.595603463273196
sensor,1979-06-17 21:40,417,15.599999999999998,24.229834561231904,Core_ZN,4.038461538461539e-09,6.730769230769232e-13,187.7933012567332,,,24.229834561231904,24.304261156187398,24.46494783243535,24.358605601371522,24.611584702355213
sensor,1979-06-17 21:50,418,15.6,24.229854933359977,Core_ZN,4.038461538461539e-09,6.730769230769232e-13,187.79330125673388,,,24.229854933359977,24.301687766406697,24.46694008904478,24.35874166029127,24.618764204539815
sensor,1979-06-17 21:60,419,15.6,24.227897618640615,Core_ZN,4.038461538461539e-09,6.730769230769232e-13,187.79330125673457,,,24.227897618640615,24.296732569138246,24.46548700547377,24.35608404974884,24.62168437373749
sensor,1979-06-17 22:10,420,15.6,24.21361836409315,Core_ZN,4.038461538461539e-09,6.730769230769232e-13,187.79330125673525,,,24.21361836409315,24.2793958317863,24.451054844620387,24.340739007105558,24.611164432837317
sensor,1979-06-17 22:20,421,15.6,24.202308196006204,Core_ZN,4.038461538461539e-09,6.730769230769232e-13,187.79330125673593,,,24.202308196006204,24.264913602846274,24.438954787475904,24.328003796341406,24.602617106694826
sensor,1979-06-17 22:30,422,15.6,24.192722451406638,Core_ZN,4.038461538461539e-09,6.730769230769232e-13,187.7933012567366,,,24.192722451406638,24.251693600214505,24.427478062583294,24.316396072170754,24.594370586538215
sensor,1979-06-17 22:40,423,15.599999999999998,24.18386356553229,Core_ZN,4.038461538461539e-09,6.730769230769232e-13,187.7933012567373,,,24.18386356553229,24.238881861807595,24.415881149012122,24.305066600925034,24.58567220040303
sensor,1979-06-17 22:50,424,15.6,24.17518479826631,Core_ZN,4.038461538461539e-09,6.730769230769232e-13,187.79330125673798,,,24.17518479826631,24.225987896048686,24.40379593732637,24.293553245089257,24.576214219660063
sensor,1979-06-17 22:60,425,15.6,24.166473094258198,Core_ZN,4.038461538461539e-09,6.730769230769232e-13,187.79330125673866,,,24.166473094258198,24.21285509449295,24.39114660822885,24.281710180674132,24.56594965582246
sensor,1979-06-17 23:10,426,15.5,24.13719583256032,Core_ZN,4.038461538461539e-09,6.730769230769232e-13,187.79330125673934,,,24.13719583256032,24.179857317388894,24.35890091824204,24.250272817315178,24.535796517925895
sensor,1979-06-17 23:20,427,15.4,24.115751323486876,Core_ZN,4.038461538461539e-09,6.730769230769232e-13,187.79330125674002,,,24.115751323486876,24.155227326256988,24.334992838346963,24.227161187875605,24.513519137596752
sensor,1979-06-17 23:30,428,15.3,24.09651761838677,Core_ZN,4.038461538461539e-09,6.730769230769232e-13,187.7933012567407,,,24.09651761838677,24.132374430203463,24.312466585868453,24.205867356196354,24.49236350295926
sensor,1979-06-17 23:40,429,15.2,24.077655731696815,Core_ZN,4.038461538461539e-09,6.730769230769232e-13,187.7933012567414,,,24.077655731696815,24.109527916879223,24.289675559630147,24.184602527286998,24.47073942649043
sensor,1979-06-17 23:50,430,15.1,24.058795075479225,Core_ZN,4.038461538461539e-09,6.730769230769232e-13,187.79330125674207,,,24.058795075479225,24.086491678483547,24.26651498287689,24.163133035073784,24.448541604327456
sensor,1979-06-17 23:60,431,15.0,24.03980359216461,Core_ZN,4.038461538461539e-09,6.730769230769232e-13,187.79330125674275,,,24.03980359216461,24.063227738304114,24.242991622066224,24.141405961141476,24.425786694629785
sensor,1979-06-18 00:10,432,15.0,24.025015806253517,Core_ZN,4.038461538461539e-09,6.730769230769232e-13,187.79330125674343,,,24.025015806253517,24.043813477899498,24.223361873376646,24.123287894158654,24.406817012690937
sensor,1979-06-18 00:20,433,15.000000000000002,24.011609982644018,Core_ZN,4.038461538461539e-09,6.730769230769232e-13,187.79330125674412,,,24.011609982644018,24.025346855451136,24.204519335050154,24.106056613224315,24.388506658797247
sensor,1979-06-18 00:30,434,15.0,23.998727624379455,Core_ZN,4.038461538461539e-09,6.730769230769232e-13,187.7933012567448,,,23.998727624379455,24.00718071561343,24.185858449916918,24.08907455979968,24.370246955279423
sensor,1979-06-18 00:40,435,15.0,23.986048926360596,Core_ZN,4.038461538461539e-09,6.730769230769232e-13,187.79330125674548,,,23.986048926360596,23.989113917903428,24.16720789980721,24.07214175075697,24.351872316556467
sensor,1979-06-18 00:50,436,15.0,23.97344547558121,Core_ZN,4.038461538461539e-09,6.730769230769232e-13,187.79330125674616,,,23.97344547558121,23.971075853629586,24.148514870444263,24.055188829490675,24.333338402748954
sensor,1979-06-18 00:60,437,15.0,23.960858629519908,Core_ZN,4.038461538461539e-09,6.730769230769232e-13,187.79330125674684,,,23.960858629519908,23.95303640666856,24.129760121233634,24.038187616506065,24.31463495854962
sensor,1979-06-18 01:10,438,14.816666666666666,23.940026047608633,Core_ZN,4.038461538461539e-09,6.730769230769232e-13,187.79330125674753,,,23.940026047608633,23.9257321512864,24.101775096102838,24.012726834208255,24.28629303498436
sensor,1979-06-18 01:20,439,14.633333333333335,23.916096383415177,Core_ZN,4.038461538461539e-09,6.730769230769232e-13,187.7933012567482,,,23.916096383415177,23.895567370049232,24.071185164310688,23.984582591565907,24.25514232756488
sensor,1979-06-18 01:30,440,14.45,23.89065041263247,Core_ZN,4.038461538461539e-09,6.730769230769232e-13,187.7933012567489,,,23.89065041263247,23.86403266127981,24.03935412612679,23.95515671809249,24.22260510654373
sensor,1979-06-18 01:40,441,14.266666666666666,23.864281485555576,Core_ZN,4.038461538461539e-09,6.730769230769232e-13,187.79330125674957,,,23.864281485555576,23.83162926562698,24.00671366578562,23.924922521184374,24.189140877561297
sensor,1979-06-18 01:50,442,14.083333333333334,23.83723110921196,Core_ZN,4.038461538461539e-09,6.730769230769232e-13,187.79330125675025,,,23.83723110921196,23.798568965565288,23.973437902583736,23.89407350521963,24.15494336497085
sensor,1979-06-18 01:60,443,13.9,23.809614226732972,Core_ZN,4.038461538461539e-09,6.730769230769232e-13,187.79330125675094,,,23.809614226732972,23.764971529971202,23.93962300028017,23.86271130016321,24.120127464817344
sensor,1979-06-18 02:10,444,13.8,23.785087556850872,Core_ZN,4.038461538461539e-09,6.730769230769232e-13,187.79330125675162,,,23.785087556850872,23.733640465405756,23.907770382491023,23.833156084558034,24.08764579634337
sensor,1979-06-18 02:20,445,13.700000000000001,23.76138049996772,Core_ZN,4.038461538461539e-09,6.730769230769232e-13,187.7933012567523,,,23.76138049996772,23.702666467836917,23.876097667245016,23.80383906903992,24.055407090938456
sensor,1979-06-18 02:30,446,13.600000000000001,23.73783720949092,Core_ZN,4.038461538461539e-09,6.730769230769232e-13,187.79330125675298,,,23.73783720949092,23.671623633034795,23.844250119405434,23.77439004790991,24.02300880078854
sensor,1979-06-18 02:40,447,13.5,23.71423037239561,Core_ZN,4.038461538461539e-09,6.730769230769232e-13,187.79330125675367,,,23.71423037239561,23.640391943865477,23.81213941410957,23.744705408602016,23.99035026371062
sensor,1979-06-18 02:50,448,13.4,23.690481223329805,Core_ZN,4.038461538461539e-09,6.730769230769232e-13,187.79330125675435,,,23.690481223329805,23.608941967115573,23.779752357847112,23.714763064372583,23.957414534733623
sensor,1979-06-18 02:60,449,13.3,23.66656248817797,Core_ZN,4.038461538461539e-09,6.730769230769232e-13,187.79330125675503,,,23.66656248817797,23.57727059852624,23.747095227696942,23.684564688663666,23.924206581075094
sensor,1979-06-18 03:10,450,13.3,23.64724145063528,Core_ZN,4.038461538461539e-09,6.730769230769232e-13,187.7933012567557,,,23.64724145063528,23.55085203132177,23.719741468801097,23.659225135298904,23.8963268018021
sensor,1979-06-18 03:20,451,13.300000000000002,23.629465844126088,Core_ZN,4.038461538461539e-09,6.730769230769232e-13,187.7933012567564,,,23.629465844126088,23.525952933361893,23.69372923984201,23.63527979318185,23.869786938591172
sensor,1979-06-18 03:30,452,13.3,23.612356643905848,Core_ZN,4.038461538461539e-09,6.730769230769232e-13,187.79330125675708,,,23.612356643905848,23.501729933074486,23.66829017479741,23.611929237858526,23.843814393942367
sensor,1979-06-18 03:40,453,13.3,23.59559556241323,Core_ZN,4.038461538461539e-09,6.730769230769232e-13,187.79330125675776,,,23.59559556241323,23.478442168734073,23.643194142336686,23.588755725287058,23.81817790579459
sensor,1979-06-18 03:50,454,13.3,23.57905665557201,Core_ZN,4.038461538461539e-09,6.730769230769232e-13,187.79330125675844,,,23.57905665557201,23.454711148906224,23.618355552658016,23.566097557190908,23.792791328131095
sensor,1979-06-18 03:60,455,13.3,23.56268026836179,Core_ZN,4.038461538461539e-09,6.730769230769232e-13,187.79330125675912,,,23.56268026836179,23.431198473789497,23.593729718003477,23.543710417814744,23.767609630270158
sensor,1979-06-18 04:10,456,13.3,23.55759409898231,Core_ZN,4.038461538461539e-09,6.730769230769232e-13,187.7933012567598,,,23.55759409898231,23.41786638726219,23.579178440176218,23.531466923432284,23.752255962775898
sensor,1979-06-18 04:20,457,13.300000000000002,23.549781450242637,Core_ZN,4.038461538461539e-09,6.730769230769232e-13,187.7933012567605,,,23.549781450242637,23.399910004248536,23.560019062427845,23.514726332080652,23.732176816567037
sensor,1979-06-18 04:30,458,13.3,23.539177435984893,Core_ZN,4.038461538461539e-09,6.730769230769232e-13,187.79330125676117,,,23.539177435984893,23.388805350197792,23.55386529917939,23.507027310908473,23.71814021509485
sensor,1979-06-18 04:40,459,13.3,23.527689460336813,Core_ZN,4.038461538461539e-09,6.730769230769232e-13,187.79330125676185,,,23.527689460336813,23.377386654118993,23.54896887162799,23.49967334712183,23.703642855466033
sensor,1979-06-18 04:50,460,13.3,23.5159595785525,Core_ZN,4.038461538461539e-09,6.730769230769232e-13,187.79330125676253,,,23.5159595785525,23.36631105635439,23.544664896390206,23.492163489217894,23.689438744090697
sensor,1979-06-18 04:60,461,13.3,23.504232779975982,Core_ZN,4.038461538461539e-09,6.730769230769232e-13,187.79330125676321,,,23.504232779975982,23.355962606018924,23.538781154401125,23.48342927915827,23.675886051699237
sensor,1979-06-18 05:13,462,13.3,23.925896195269097,Core_ZN,2584.4591784967834,0.43074319641613057,188.22404445317935,,,23.925896195269097,23.777723687168017,23.96076919083996,23.889823833728126,23.98118455206189
sensor,1979-06-18 05:20,463,13.300000000000002,23.99961782561925,Core_ZN,2672.5296502938977,0.44542160838231626,188.66946606156165,,,23.99961782561925,23.9828827788944,23.999704136619375,23.998118439099766,23.99963927240841
sensor,1979-06-18 05:30,464,13.3,23.999909990579226,Core_ZN,2685.9353602972105,0.4476558933828684,189.1171219549445,,,23.999909990579226,23.99595202093467,24.00034757233136,23.999539877611106,23.999898909764653
sensor,1979-06-18 05:40,465,13.3,23.99997806812219,Core_ZN,2701.547929179178,0.4502579881965297,189.56737994314105,,,23.99997806812219,23.9990491650049,24.00059831412636,23.999893570827833,23.999988107537536
sensor,1979-06-18 05:50,466,13.3,23.999994004494265,Core_ZN,2714.6095201303624,0.4524349200217271,190.01981486316276,,,23.999994004494265,23.999782984268098,24.00069946789083,23.999981151659576,24.000018279682113
sensor,1979-06-18 05:60,467,13.3,23.999997767538005,Core_ZN,2727.572443334276,0.45459540722237934,190.47441027038514,,,23.999997767538005,23.999957457719454,24.00073659693536,24.00000282073831,24.000028057833546
sensor,1979-06-18 06:15,468,13.483333333333334,23.83732931865522,Core_ZN,2253.7570592821353,0.37562617654702257,190.85003644693217,,,23.83732931865522,23.80607958410691,24.0002371219816,23.839541589107704,24.000128688634714
sensor,1979-06-18 06:25,469,13.666666666666668,23.75912306100016,Core_ZN,2269.9604428479915,0.3783267404746652,191.22836318740684,,,23.75912306100016,23.69442321809673,24.000226304334625,23.779139729281844,24.000184207568942
sensor,1979-06-18 06:35,470,13.850000000000001,23.745392554703358,Core_ZN,2285.0224854567346,0.3808370809094557,191.6092002683163,,,23.745392554703358,23.673522673781086,24.00027238104956,23.78346274675929,24.000234167556197
sensor,1979-06-18 06:45,471,14.033333333333335,23.755995007166387,Core_ZN,2294.5012006070992,0.38241686676784986,191.99161713508414,,,23.755995007166387,23.690656381701665,24.000306390024612,23.803064539339783,24.000275009155953
sensor,1979-06-18 06:55,472,14.216666666666667,23.776929237278736,Core_ZN,2302.059638728168,0.38367660645469465,192.37529374153883,,,23.776929237278736,23.7205978547339,24.000333614467184,23.826742854184644,24.00031269859956
sensor,1979-06-18 06:65,473,14.4,23.802174562500205,Core_ZN,2308.7060706248035,0.38478434510413395,192.76007808664295,,,23.802174562500205,23.755020060906148,24.00035761878017,23.852985688301615,24.000349208192628
sensor,1979-06-18 07:15,474,14.683333333333334,23.985033738273387,Core_ZN,2961.46513014262,0.49357752169043667,193.2536556083334,,,23.985033738273387,23.98035068609822,23.99990773591412,23.987625765729558,23.99991629393601
sensor,1979-06-18 07:25,475,14.966666666666669,23.998010403708214,Core_ZN,3069.3309696468864,0.5115551616078143,193.7652107699412,,,23.998010403708214,23.997463397151115,23.99983641895222,23.998301144396354,23.999848036373002
sensor,1979-06-18 07:35,476,15.25,23.999466684576916,Core_ZN,3157.4532004761904,0.5262422000793651,194.29145297002057,,,23.999466684576916,23.999503149072467,23.999813771511818,23.999597305321622,23.99982464748779
sensor,1979-06-18 07:45,477,15.533333333333335,23.999602306619565,Core_ZN,3233.3654053548885,0.5388942342258147,194.83034720424638,,,23.999602306619565,23.99972236332397,23.999800897409,23.99973450443272,23.99980975422791
sensor,1979-06-18 07:50,478,15.816666666666666,23.99942177504584,Core_ZN,3300.7017869341694,0.5501169644890282,195.38046416873541,,,23.99942177504584,23.999630678065433,23.999715835566278,23.999635663537166,23.999726975627677
sensor,1979-06-18 07:60,479,16.1,23.999311838258286,Core_ZN,3363.5283846354746,0.5605880641059124,195.94105223284132,,,23.999311838258286,23.99955213061461,23.999654545144875,23.99955889640331,23.999673660470837
sensor,1979-06-18 08:10,480,16.200000000000003,23.999259303100693,Core_ZN,3399.070826497772,0.5665118044162953,196.50756403725762,,,23.999259303100693,23.999511855375893,23.999633447221807,23.999521232083286,23.99964934585538
sensor,1979-06-18 08:20,481,16.300000000000004,23.99922800167905,Core_ZN,3432.0724511442977,0.5720120751907163,197.07957611244834,,,23.99922800167905,23.999487357206974,23.999628072902034,23.999498929313546,23.99963682322167
sensor,1979-06-18 08:30,482,16.4,23.99919574041089,Core_ZN,3461.7763490783877,0.576962724846398,197.65653883729473,,,23.99919574041089,23.999468565531433,23.999626543734255,23.999482055986004,23.999628690563164
sensor,1979-06-18 08:40,483,16.5,23.999173426816103,Core_ZN,3498.673978498464,0.5831123297497439,198.23965116704449,,,23.999173426816103,23.999449849742923,23.999623924866878,23.999465704709905,23.99962130061893
sensor,1979-06-18 08:55,484,16.599999999999998,23.999465687189875,Core_ZN,3536.5806893544163,0.5894301148924027,198.82908128193688,,,23.999465687189875,23.999617422042725,23.999755395948217,23.999633905123247,23.999733160545347
sensor,1979-06-18 08:65,485,16.7,23.999473714207113,Core_ZN,3574.323193027594,0.5957205321712655,199.42480181410815,,,23.999473714207113,23.99961818376689,23.999755718358635,23.9996355587867,23.99974078321178
sensor,1979-06-18 09:15,486,16.78333333333333,23.999461205492203,Core_ZN,3607.631436969234,0.601271906161539,200.0260737202697,,,23.999461205492203,23.99960021433295,23.999747512029153,23.999620403937243,23.999734075512706
sensor,1979-06-18 09:25,487,16.866666666666667,23.99944679086496,Core_ZN,3640.231879398183,0.6067053132330305,200.63277903350271,,,23.99944679086496,23.999581460648443,23.99974165391261,23.9996046469455,23.999725357242866
sensor,1979-06-18 09:35,488,16.95,23.99943469287826,Core_ZN,3671.969463282961,0.6119949105471602,201.24477394404988,,,23.99943469287826,23.99956344452159,23.999735162477446,23.999589503616576,23.99971780780021
sensor,1979-06-18 09:45,489,17.03333333333333,23.999424218599774,Core_ZN,3691.482616354404,0.615247102725734,201.8600210467756,,,23.999424218599774,23.99955452959318,23.99973237906726,23.999581776390468,23.99971578755576
sensor,1979-06-18 09:55,490,17.116666666666667,23.999415351600735,Core_ZN,3705.242259572361,0.6175403765953935,202.47756142337101,,,23.999415351600735,23.999550225779785,23.999730376108253,23.99957754920004,23.99971424804197
sensor,1979-06-18 09:60,491,17.2,23.99910876594804,Core_ZN,3717.140863307868,0.619523477217978,203.09708490058898,,,23.99910876594804,23.999328046451318,23.999628116632366,23.999372087549528,23.999603230330155
sensor,1979-06-18 10:10,492,17.016666666666666,23.999052487714916,Core_ZN,3691.859414371162,0.6153099023951937,203.71239480298416,,,23.999052487714916,23.999302673119914,23.99960796381296,23.999345458501786,23.999585496875376
sensor,1979-06-18 10:20,493,16.833333333333336,23.999036373463223,Core_ZN,3664.9694457564938,0.6108282409594156,204.32322304394359,,,23.999036373463223,23.99930279142993,23.999603744745436,23.999343169418676,23.99958180722971
sensor,1979-06-18 10:30,494,16.65,23.999006697228182,Core_ZN,3635.2489583672723,0.6058748263945454,204.92909787033813,,,23.999006697228182,23.999310268693762,23.999604909720404,23.999347823363703,23.99958290638365
sensor,1979-06-18 10:40,495,16.46666666666667,23.998997185949783,Core_ZN,3613.006730995866,0.602167788499311,205.53126565883744,,,23.998997185949783,23.99931635759152,23.999605928519017,23.999351910284542,23.999583837398976
sensor,1979-06-18 10:50,496,16.283333333333335,23.9989928032697,Core_ZN,3593.0137602612353,0.5988356267102058,206.13010128554765,,,23.9989928032697,23.9993171722373,23.999607445192872,23.99935255445694,23.999585590833256
sensor,1979-06-18 10:60,497,16.1,23.998989967920558,Core_ZN,3574.038043423121,0.5956730072371867,206.72577429278485,,,23.998989967920558,23.999315580828924,23.999608806148743,23.999351622880507,23.99958721767315
sensor,1979-06-18 11:10,498,15.916666666666668,23.999070535274534,Core_ZN,3347.905330442841,0.5579842217404735,207.28375851452532,,,23.999070535274534,23.99935844765847,23.999624883390762,23.999392328011197,23.999601662962952
sensor,1979-06-18 11:20,499,15.733333333333336,23.999293650476815,Core_ZN,3324.1081465135744,0.554018024418929,207.83777653894424,,,23.999293650476815,23.999552475062643,23.99974652671142,23.99957811849772,23.99973025790869
sensor,1979-06-18 11:30,500,15.55,23.99933367561721,Core_ZN,3304.49910580954,0.5507498509682567,208.3885263899125,,,23.99933367561721,23.99961173744967,23.999787361917505,23.999635376867236,23.999773018613606
sensor,1979-06-18 11:40,501,15.366666666666667,23.999354866738127,Core_ZN,3290.6100218197507,0.5484350036366251,208.93696139354913,,,23.999354866738127,23.999636217967538,23.999800777936077,23.999659042305005,23.999787211581435
sensor,1979-06-18 11:50,502,15.183333333333334,23.999369618749736,Core_ZN,3279.739088602735,0.5466231814337892,209.48358457498293,,,23.999369618749736,23.99964880264849,23.999805074769924,23.999671721966465,23.999791923297273
sensor,1979-06-18 11:60,503,15.0,23.99938098575035,Core_ZN,3270.864707600441,0.5451441179334068,210.02872869291633,,,23.99938098575035,23.999655636550195,23.999805834571777,23.999679899503047,23.999793085298297
sensor,1979-06-18 12:10,504,15.1,23.999326931224985,Core_ZN,3502.2799839570303,0.583713330659505,210.61244202357582,,,23.999326931224985,23.999637329086525,23.999789355332396,23.999658845553565,23.999780220399195
sensor,1979-06-18 12:25,505,15.200000000000001,23.999497424467677,Core_ZN,3543.3779984425078,0.5905629997404179,211.20300502331625,,,23.999497424467677,23.99969011376151,23.999809214053947,23.999712100979863,23.999795281850247
sensor,1979-06-18 12:35,506,15.3,23.99946742776355,Core_ZN,3580.9088314528267,0.5968181385754711,211.7998231618917,,,23.99946742776355,23.999654942389597,23.99977481043949,23.999678573037208,23.999761432255966
sensor,1979-06-18 12:40,507,15.399999999999999,23.999184744748995,Core_ZN,3613.041982922749,0.6021736638204581,212.40199682571216,,,23.999184744748995,23.999486930182997,23.999672120628247,23.999520989101754,23.999654168357978
sensor,1979-06-18 12:50,508,15.5,23.999075268669078,Core_ZN,3645.9255642804364,0.607654260713406,213.00965108642558,,,23.999075268669078,23.999409048694332,23.999600340096688,23.9994440729753,23.999582574005625
sensor,1979-06-18 12:60,509,15.6,23.999050037015145,Core_ZN,3678.7087125500316,0.6131181187583385,213.6227692051839,,,23.999050037015145,23.999390363182282,23.999573922849113,23.999426505130845,23.99955621677957
sensor,1979-06-18 13:10,510,15.866666666666667,23.999063340869075,Core_ZN,3728.0071549741156,0.6213345258290193,214.24410373101293,,,23.999063340869075,23.99940377910884,23.999577210548303,23.999439269217778,23.99956129651384
sensor,1979-06-18 13:20,511,16.133333333333333,23.99903678211714,Core_ZN,3774.1252782120214,0.6290208797020036,214.87312461071494,,,23.99903678211714,23.999377922457022,23.999575833662945,23.999417840593978,23.99955809844115
sensor,1979-06-18 13:30,512,16.4,23.999066316823455,Core_ZN,3821.3232010647266,0.6368872001774544,215.5100118108924,,,23.999066316823455,23.99934548130883,23.99957208348285,23.999390499061548,23.999551499107252
sensor,1979-06-18 13:45,513,16.666666666666664,23.999376172464004,Core_ZN,3864.8125470592377,0.6441354245098729,216.15414723540226,,,23.999376172464004,23.999535620989683,23.999717426425583,23.99957566931087,23.999681965660315
sensor,1979-06-18 13:55,514,16.933333333333334,23.999386961262992,Core_ZN,3910.6498242860443,0.6517749707143407,216.8059222061166,,,23.999386961262992,23.99952417197259,23.99971433345626,23.999563038689196,23.999673918123882
sensor,1979-06-18 13:65,515,17.2,23.999375511007017,Core_ZN,3958.1040204642277,0.6596840034107045,217.46560620952732,,,23.999375511007017,23.999508759127316,23.999708767598616,23.999548645430178,23.99965162269347
sensor,1979-06-18 14:15,516,17.383333333333333,23.99937514580607,Core_ZN,3999.242755772243,0.6665404592953739,218.13214666882268,,,23.99937514580607,23.999505171558745,23.999706624309127,23.9995449829392,23.99963206174174
sensor,1979-06-18 14:23,517,17.566666666666666,23.999537590188734,Core_ZN,4041.995609131367,0.6736659348552277,218.8058126036779,,,23.999537590188734,23.999625680581463,23.999777688483725,23.999657027064497,23.999683001695928
sensor,1979-06-18 14:33,518,17.75,23.99955115764933,Core_ZN,4088.671154869915,0.6814451924783191,219.48725779615623,,,23.99955115764933,23.99963391293214,23.999781760676335,23.99966325547757,23.999676167531753
sensor,1979-06-18 14:43,519,17.933333333333334,23.99955102189622,Core_ZN,4131.817386596404,0.6886362310994005,220.17589402725562,,,23.99955102189622,23.999633748109055,23.99978128638039,23.99966189861653,23.99965717088996
sensor,1979-06-18 14:55,520,18.116666666666667,23.99936896963726,Core_ZN,4175.086207991952,0.6958477013319919,220.8717417285876,,,23.99936896963726,23.999498891786885,23.999707548904965,23.99953521409715,23.99947958354382
sensor,1979-06-18 14:65,521,18.3,23.99936882685332,Core_ZN,4218.494714604029,0.7030824524340047,221.57482418102163,,,23.99936882685332,23.999496308106952,23.99970069816065,23.99953158460937,23.999491030622075
sensor,1979-06-18 15:15,522,18.400000000000002,23.999361718358625,Core_ZN,4249.350420068375,0.7082250700113957,222.28304925103302,,,23.999361718358625,23.999489363279963,23.99969698806528,23.999524335269427,23.999469011188168
sensor,1979-06-18 15:25,523,18.5,23.999334260211178,Core_ZN,4279.5225427971245,0.7132537571328541,222.99630300816588,,,23.999334260211178,23.999483682402023,23.999694722274715,23.99951831649384,23.99944588688991
sensor,1979-06-18 15:35,524,18.6,23.999320999865688,Core_ZN,4307.305898671997,0.7178843164453328,223.7141873246112,,,23.999320999865688,23.9994789866542,23.999693085338706,23.99951327764724,23.999423637831683
sensor,1979-06-18 15:40,525,18.7,23.998975651804788,Core_ZN,4322.010959060973,0.7203351598434954,224.4345224844547,,,23.998975651804788,23.999249069506906,23.99958161598833,23.999296872587696,23.999217320543625
sensor,1979-06-18 15:50,526,18.8,23.998906607705393,Core_ZN,4329.3514750317,0.72155857917195,225.15608106362666,,,23.998906607705393,23.999210160024884,23.99955487346051,23.999258975733184,23.999210913944538
sensor,1979-06-18 15:60,527,18.9,23.998887662674235,Core_ZN,4333.51533447052,0.7222525557450867,225.87833361937174,,,23.998887662674235,23.99920085673961,23.99954715279655,23.999249000753547,23.99921796037468
sensor,1979-06-18 16:10,528,18.8,23.99914623513475,Core_ZN,3689.0663559724703,0.6148443926620784,226.4931780120338,,,23.99914623513475,23.99935854791711,23.999618246877606,23.999398159733815,23.999313383852808
sensor,1979-06-18 16:25,529,18.7,23.999692469366124,Core_ZN,3593.377371540931,0.5988962285901551,227.09207424062396,,,23.999692469366124,23.999752467369156,23.999834100680978,23.99976553238366,23.999666990132177
sensor,1979-06-18 16:35,530,18.6,23.999775468640323,Core_ZN,3519.120817078397,0.5865201361797328,227.6785943768037,,,23.999775468640323,23.99982381717601,23.99989830792145,23.999837581898092,23.99979820460235
sensor,1979-06-18 16:43,531,18.5,23.999823736913086,Core_ZN,3448.1432975343255,0.5746905495890542,228.25328492639275,,,23.999823736913086,23.9998574008397,23.9999101445381,23.999866776888272,23.999836162414105
sensor,1979-06-18 16:53,532,18.400000000000002,23.999849229886067,Core_ZN,3381.7297156500226,0.5636216192750038,228.81690654566776,,,23.999849229886067,23.999884451544784,23.999935480411988,23.999892278117816,23.999883029194564
sensor,1979-06-18 16:63,533,18.3,23.999854384877622,Core_ZN,3318.7809233077382,0.5531301538846229,229.37003669955237,,,23.999854384877622,23.999891604779876,23.999941062655843,23.999897357322844,23.999898919745
sensor,1979-06-18 17:13,534,18.116666666666667,23.999915389786256,Core_ZN,3059.7417119870156,0.5099569519978359,229.8799936515502,,,23.999915389786256,23.99994212609012,23.99997043630586,23.999944582803383,23.99994909877027
sensor,1979-06-18 17:23,535,17.933333333333334,23.99992973454322,Core_ZN,2969.7367657395394,0.4949561276232566,230.37494977917345,,,23.99992973454322,23.999954756187073,23.999977118823466,23.99995601201268,23.99996361372998
sensor,1979-06-18 17:33,536,17.75,23.999941793770013,Core_ZN,2887.6830249855248,0.4812805041642541,230.8562302833377,,,23.999941793770013,23.99996250433367,23.9999750053432,23.999963055397846,23.999971382588036
sensor,1979-06-18 17:43,537,17.566666666666666,23.99993290098753,Core_ZN,2828.3801631466963,0.4713966938577827,231.32762697719548,,,23.99993290098753,23.99995928749938,24.000248539144458,23.999959313044965,23.99996901851415
sensor,1979-06-18 17:53,538,17.383333333333333,23.999947251652834,Core_ZN,2777.5806910698234,0.4629301151783039,231.79055709237377,,,23.999947251652834,23.99997168983198,24.000251350312496,23.999971591246105,23.999978574520373
sensor,1979-06-18 17:63,539,17.2,23.99995154147237,Core_ZN,2736.0174607411923,0.456002910123532,232.24656000249732,,,23.99995154147237,23.99997529821253,24.00023198835387,23.999974375442633,23.999980314147095
sensor,1979-06-18 18:13,540,16.933333333333334,23.999953522459645,Core_ZN,2683.891239506427,0.4473152065844045,232.6938752090817,,,23.999953522459645,23.99997744254991,24.000208284738235,23.9999757701805,23.99998083166486
sensor,1979-06-18 18:23,541,16.666666666666664,23.99995759680226,Core_ZN,2633.8112465417985,0.43896854109029976,233.13284375017201,,,23.99995759680226,24.00014416263327,24.000185503271638,24.000097428945505,23.99998133248608
sensor,1979-06-18 18:33,542,16.4,23.999959565367732,Core_ZN,2587.280962773493,0.4312134937955821,233.5640572439676,,,23.999959565367732,24.000120888963096,24.000163882450366,24.00014201182315,23.99998174139286
sensor,1979-06-18 18:43,543,16.133333333333333,24.000116887048044,Core_ZN,2539.7247728559582,0.4232874621426597,233.98734470611026,,,24.000116887048044,24.000091799035538,24.000143382123436,24.00012108657443,23.999982712222135
sensor,1979-06-18 18:53,544,15.866666666666665,24.000099307899497,Core_ZN,2493.0892325021314,0.41551487208368854,234.40285957819395,,,24.000099307899497,24.00006289409865,24.00012396811958,24.00009652344874,23.99998380930309
sensor,1979-06-18 18:63,545,15.6,24.000076908203212,Core_ZN,2445.893996436529,0.4076489994060882,234.81050857760005,,,24.000076908203212,24.00003453503229,24.0001056393115,24.00007106195031,24.00016458136559
sensor,1979-06-18 19:13,546,15.316666666666666,24.000035100048706,Core_ZN,2364.1695423108777,0.3940282570518129,235.20453683465186,,,24.000035100048706,23.997077225106647,24.000083312151446,24.000031466769293,24.000231111436563
sensor,1979-06-18 19:23,547,15.033333333333333,24.00000900087052,Core_ZN,2319.3629269397234,0.3865604878232872,235.59109732247515,,,24.00000900087052,23.958792918451568,24.00006664521949,24.011941864755983,24.000206541057175
sensor,1979-06-18 19:33,548,14.75,24.008086976964137,Core_ZN,2286.9622476609916,0.3811603746101653,235.97225769708533,,,24.008086976964137,23.89645791257474,24.0000514528166,23.975567438947806,24.00016860736236
sensor,1979-06-18 19:43,549,14.466666666666665,23.990452235903547,Core_ZN,2273.2528013762167,0.37887546689603613,236.35113316398136,,,23.990452235903547,23.82951697967617,24.000039115622457,23.916977870136854,24.000141526184663
sensor,1979-06-18 19:53,550,14.183333333333334,23.952745285187,Core_ZN,2261.1463853366536,0.3768577308894422,236.7279908948708,,,23.952745285187,23.763207504353105,24.000028476887643,23.855310354158178,24.000118350195876
sensor,1979-06-18 19:65,551,13.9,23.905015772839455,Core_ZN,2249.9115610392005,0.37498526017320005,237.102976155044,,,23.905015772839455,23.69594757718346,24.000021685782336,23.79170096387444,24.000126583725994
sensor,1979-06-18 20:15,552,13.8,23.867178133809716,Core_ZN,2246.6700058741553,0.3744450009790259,237.477421156023,,,23.867178133809716,23.64380786898382,24.01778301648698,23.742184968318753,24.000115656064537
sensor,1979-06-18 20:25,553,13.700000000000001,23.831916769261767,Core_ZN,2232.805218507799,0.37213420308463313,237.84955535910765,,,23.831916769261767,23.598279458020567,24.0311132671653,23.699022976782665,24.000099263415997
sensor,1979-06-18 20:35,554,13.600000000000001,23.800047994665547,Core_ZN,2229.4937817881587,0.37158229696469314,238.22113765607236,,,23.800047994665547,23.55593010101849,24.028862923484937,23.658978970535458,24.000083058269922
sensor,1979-06-18 20:45,555,13.5,23.770369909495535,Core_ZN,2226.391945616505,0.3710653242694175,238.59220298034177,,,23.770369909495535,23.515513960616538,24.012267108000167,23.620835895637,24.000068021548444
sensor,1979-06-18 20:55,556,13.4,23.741836776282625,Core_ZN,2223.4475130980545,0.37057458551634237,238.96277756585812,,,23.741836776282625,23.476323308953035,23.98842128194206,23.583897777254307,24.000054122835174
sensor,1979-06-18 20:60,557,13.3,23.710178816248856,Core_ZN,2220.6415435722683,0.37010692392871136,239.33288448978684,,,23.710178816248856,23.433351624397453,23.95835338842654,23.54346764648823,24.00007377261304
sensor,1979-06-18 21:10,558,13.3,23.7006072878372,Core_ZN,4.038461538461539e-09,6.730769230769232e-13,239.33288448978752,,,23.7006072878372,23.4537075736284,23.69634577062641,23.557274263127248,23.86314817293436
sensor,1979-06-18 21:20,559,13.300000000000002,23.67942055298851,Core_ZN,4.038461538461539e-09,6.730769230769232e-13,239.3328844897882,,,23.67942055298851,23.43762655175368,23.604080455129147,23.540919462693456,23.807743936490223
sensor,1979-06-18 21:30,560,13.3,23.658667975337767,Core_ZN,4.038461538461539e-09,6.730769230769232e-13,239.33288448978888,,,23.658667975337767,23.415906514838433,23.55374606946694,23.52004436558309,23.7719713365489
sensor,1979-06-18 21:40,561,13.3,23.638729187080692,Core_ZN,4.038461538461539e-09,6.730769230769232e-13,239.33288448978956,,,23.638729187080692,23.393126427256224,23.517290074852372,23.49847058817366,23.74322775914691
sensor,1979-06-18 21:50,562,13.3,23.619747680229274,Core_ZN,4.038461538461539e-09,6.730769230769232e-13,239.33288448979025,,,23.619747680229274,23.370734548844997,23.486362461200766,23.477412495188727,23.7176527259857
sensor,1979-06-18 21:60,563,13.3,23.60167363080588,Core_ZN,4.038461538461539e-09,6.730769230769232e-13,239.33288448979093,,,23.60167363080588,23.348970950203018,23.458652934152898,23.45716053689674,23.693739300779566
sensor,1979-06-18 22:10,564,13.4,23.577625087362,Core_ZN,4.038461538461539e-09,6.730769230769232e-13,239.3328844897916,,,23.577625087362,23.32134048352747,23.42662772813701,23.43065940697844,23.664872859925623
sensor,1979-06-18 22:20,565,13.500000000000002,23.55971521087659,Core_ZN,4.038461538461539e-09,6.730769230769232e-13,239.3328844897923,,,23.55971521087659,23.29985702952109,23.40152183074399,23.41009231961157,23.642448699040493
sensor,1979-06-18 22:30,566,13.600000000000001,23.545532338399568,Core_ZN,4.038461538461539e-09,6.730769230769232e-13,239.33288448979297,,,23.545532338399568,23.28187342757492,23.380237137623784,23.392915773574895,23.623394193848704
sensor,1979-06-18 22:40,567,13.7,23.533440581242466,Core_ZN,4.038461538461539e-09,6.730769230769232e-13,239.33288448979366,,,23.533440581242466,23.2658465021538,23.361194822595778,23.377620428067754,23.606185339171386
sensor,1979-06-18 22:50,568,13.8,23.52277832021914,Core_ZN,4.038461538461539e-09,6.730769230769232e-13,239.33288448979434,,,23.52277832021914,23.251203994493476,23.34380490604611,23.363641175033866,23.590284174161564
sensor,1979-06-18 22:60,569,13.9,23.513214567589003,Core_ZN,4.038461538461539e-09,6.730769230769232e-13,239.33288448979502,,,23.513214567589003,23.237663298747623,23.327755757029134,23.35069873179335,23.57542099244067
sensor,1979-06-18 23:10,570,13.9,23.48343385321558,Core_ZN,4.038461538461539e-09,6.730769230769232e-13,239.3328844897957,,,23.48343385321558,23.206041939107394,23.293980226563015,23.319532839906362,23.542819975552167
sensor,1979-06-18 23:20,571,13.9,23.46260926599536,Core_ZN,4.038461538461539e-09,6.730769230769232e-13,239.33288448979638,,,23.46260926599536,23.184688334223114,23.27076767278684,23.298422651985565,23.520424982782334
sensor,1979-06-18 23:30,572,13.9,23.444864421714186,Core_ZN,4.038461538461539e-09,6.730769230769232e-13,239.33288448979707,,,23.444864421714186,23.1664078684808,23.25047423693269,23.28035788124506,23.50064536379162
sensor,1979-06-18 23:40,573,13.899999999999999,23.42846732388993,Core_ZN,4.038461538461539e-09,6.730769230769232e-13,239.33288448979775,,,23.42846732388993,23.14945589868831,23.231463545487554,23.26357839652579,23.48192559678375
sensor,1979-06-18 23:50,574,13.9,23.412768050850907,Core_ZN,4.038461538461539e-09,6.730769230769232e-13,239.33288448979843,,,23.412768050850907,23.133233591544634,23.213199505051104,23.247475877746986,23.46377118566581
sensor,1979-06-18 23:60,575,13.9,23.39750496352406,Core_ZN,4.038461538461539e-09,6.730769230769232e-13,239.3328844897991,,,23.39750496352406,23.117512530387053,23.195478315735294,23.23181833753015,23.446004775922525
sensor,1979-06-19 00:10,576,13.983333333333334,23.386338080700124,Core_ZN,4.038461538461539e-09,6.730769230769232e-13,239.3328844897998,,,23.386338080700124,23.105734025207497,23.182094805072406,23.220081468293138,23.432306209696247
sensor,1979-06-19 00:20,577,14.066666666666666,23.376864010928443,Core_ZN,4.038461538461539e-09,6.730769230769232e-13,239.33288448980048,,,23.376864010928443,23.09551221606653,23.17030207014006,23.209868694297363,23.420018857383763
sensor,1979-06-19 00:30,578,14.15,23.36830632489321,Core_ZN,4.038461538461539e-09,6.730769230769232e-13,239.33288448980116,,,23.36830632489321,23.08621725943722,23.159459489558856,23.200536215030667,23.40854342452127
sensor,1979-06-19 00:40,579,14.233333333333334,23.360351386827745,Core_ZN,4.038461538461539e-09,6.730769230769232e-13,239.33288448980184,,,23.360351386827745,23.077615529503486,23.149335780555482,23.19184305057798,23.397672495555696
sensor,1979-06-19 00:50,580,14.316666666666666,23.35285575473608,Core_ZN,4.038461538461539e-09,6.730769230769232e-13,239.33288448980252,,,23.35285575473608,23.06960097291558,23.139822756718708,23.1836793173588,23.387314923881096
sensor,1979-06-19 00:60,581,14.4,23.345741249547714,Core_ZN,4.038461538461539e-09,6.730769230769232e-13,239.3328844898032,,,23.345741249547714,23.06211273896552,23.130853240978595,23.175981617448542,23.37741761495464
sensor,1979-06-19 01:10,582,14.783333333333333,23.352601819998863,Core_ZN,4.038461538461539e-09,6.730769230769232e-13,239.3328844898039,,,23.352601819998863,23.06760799832563,23.135236995262762,23.18052842262035,23.381019667696478
sensor,1979-06-19 01:20,583,15.166666666666668,23.3652102217517,Core_ZN,4.038461538461539e-09,6.730769230769232e-13,239.33288448980457,,,23.3652102217517,23.07805260037183,23.14429423075821,23.189797858956062,23.38921577593821
sensor,1979-06-19 01:30,584,15.55,23.380954506758552,Core_ZN,4.038461538461539e-09,6.730769230769232e-13,239.33288448980525,,,23.380954506758552,23.09135045020856,23.156017157341633,23.201781559889962,23.400004175085613
sensor,1979-06-19 01:40,585,15.933333333333334,23.39884509266092,Core_ZN,4.038461538461539e-09,6.730769230769232e-13,239.33288448980593,,,23.39884509266092,23.106780982745843,23.169753034608433,23.215790724996932,23.412740848859794
sensor,1979-06-19 01:50,586,16.316666666666666,23.418497213885633,Core_ZN,4.038461538461539e-09,6.730769230769232e-13,239.33288448980662,,,23.418497213885633,23.12408092206417,23.18526811567942,23.231586572564677,23.427193808380228
sensor,1979-06-19 01:60,587,16.7,23.439771363473607,Core_ZN,4.038461538461539e-09,6.730769230769232e-13,239.3328844898073,,,23.439771363473607,23.143162690185342,23.20247383312002,23.24910931383065,23.443273309462402
sensor,1979-06-19 02:10,588,16.7,23.444750260824698,Core_ZN,4.038461538461539e-09,6.730769230769232e-13,239.33288448980798,,,23.444750260824698,23.144637764389923,23.201447141901568,23.25003656244959,23.441077951673684
sensor,1979-06-19 02:20,589,16.700000000000003,23.442943073517007,Core_ZN,4.038461538461539e-09,6.730769230769232e-13,239.33288448980866,,,23.442943073517007,23.13941353343593,23.194159569806207,23.244501112241284,23.43269355059582
sensor,1979-06-19 02:30,590,16.7,23.43790482690669,Core_ZN,4.038461538461539e-09,6.730769230769232e-13,239.33288448980935,,,23.43790482690669,23.131199714873958,23.184246469146203,23.236044662584984,23.421719095159144
sensor,1979-06-19 02:40,591,16.7,23.431176537511522,Core_ZN,4.038461538461539e-09,6.730769230769232e-13,239.33288448981003,,,23.431176537511522,23.121435194487955,23.17299731593532,23.226072628020518,23.409418166839533
sensor,1979-06-19 02:50,592,16.7,23.42345638333399,Core_ZN,4.038461538461539e-09,6.730769230769232e-13,239.3328844898107,,,23.42345638333399,23.110733758666274,23.160922870975355,23.215196418343236,23.39628683285845
sensor,1979-06-19 02:60,593,16.7,23.41508220068032,Core_ZN,4.038461538461539e-09,6.730769230769232e-13,239.3328844898114,,,23.41508220068032,23.09938942518058,23.148258364865896,23.20371307391666,23.382553779443526
sensor,1979-06-19 03:10,594,16.7,23.40623948216379,Core_ZN,4.038461538461539e-09,6.730769230769232e-13,239.33288448981207,,,23.40623948216379,23.088693156608308,23.136247178735555,23.19282169181192,23.369355097637314
sensor,1979-06-19 03:20,595,16.700000000000003,23.397040866223264,Core_ZN,4.038461538461539e-09,6.730769230769232e-13,239.33288448981276,,,23.397040866223264,23.07831961540856,23.12452483641076,23.182299394609085,23.35637813519734
sensor,1979-06-19 03:30,596,16.7,23.387563748269596,Core_ZN,4.038461538461539e-09,6.730769230769232e-13,239.33288448981344,,,23.387563748269596,23.067926722733667,23.112721391014436,23.17185387225319,23.34333102878723
sensor,1979-06-19 03:40,597,16.7,23.37786423850576,Core_ZN,4.038461538461539e-09,6.730769230769232e-13,239.33288448981412,,,23.37786423850576,23.057575500095236,23.10088679887139,23.16120260100892,23.330165499731795
sensor,1979-06-19 03:50,598,16.7,23.367984311144944,Core_ZN,4.038461538461539e-09,6.730769230769232e-13,239.3328844898148,,,23.367984311144944,23.04748469822179,23.088949354788546,23.150228290871976,23.31689597737779
sensor,1979-06-19 03:60,599,16.7,23.357957584861346,Core_ZN,4.038461538461539e-09,6.730769230769232e-13,239.33288448981548,,,23.357957584861346,23.03719362402012,23.077005287119714,23.139235257579003,23.303549835193653
sensor,1979-06-19 04:10,600,16.78333333333333,23.36285969706068,Core_ZN,4.038461538461539e-09,6.730769230769232e-13,239.33288448981617,,,23.36285969706068,23.037775898441783,23.07644860565118,23.13969953009164,23.301531687051064
sensor,1979-06-19 04:20,601,16.866666666666667,23.367806462321546,Core_ZN,4.038461538461539e-09,6.730769230769232e-13,239.33288448981685,,,23.367806462321546,23.035055638708744,23.072723489515994,23.137256922460406,23.29615743317771
sensor,1979-06-19 04:30,602,16.95,23.370745535585055,Core_ZN,4.038461538461539e-09,6.730769230769232e-13,239.33288448981753,,,23.370745535585055,23.038925883296645,23.0847704033094,23.145177567731647,23.29666744562609
sensor,1979-06-19 04:40,603,17.03333333333333,23.372966227839186,Core_ZN,4.038461538461539e-09,6.730769230769232e-13,239.3328844898182,,,23.372966227839186,23.042443714736706,23.0980558956717,23.153305335671536,23.296728896444357
sensor,1979-06-19 04:50,604,17.116666666666667,23.374987009803096,Core_ZN,4.038461538461539e-09,6.730769230769232e-13,239.3328844898189,,,23.374987009803096,23.04610423099879,23.111891870485895,23.160981134617522,23.2969552849895
sensor,1979-06-19 04:60,605,17.2,23.377182135182768,Core_ZN,4.038461538461539e-09,6.730769230769232e-13,239.33288448981958,,,23.377182135182768,23.050307948382514,23.124069850233656,23.16710105370136,23.29781123066105
sensor,1979-06-19 05:13,606,17.3,23.805152948648125,Core_ZN,2315.457700482715,0.3859096167471192,239.7187941065667,,,23.805152948648125,23.446451989567564,23.66904110614737,23.577281112852745,23.804553698385536
sensor,1979-06-19 05:20,607,17.4,23.994605999839692,Core_ZN,2426.9146412322725,0.40448577353871207,240.1232798801054,,,23.994605999839692,23.76614339218997,23.95880486736289,23.896870166559555,23.99134056302547
sensor,1979-06-19 05:30,608,17.5,23.998838929085096,Core_ZN,2456.122619324205,0.4093537698873675,240.53263364999276,,,23.998838929085096,23.852594759198862,23.986655595944622,23.976351113615785,23.997182331909546
sensor,1979-06-19 05:40,609,17.6,23.99975499654507,Core_ZN,2473.3184380273965,0.4122197396712327,240.944853389664,,,23.99975499654507,23.968406946504405,23.995823254782046,23.994713409954777,23.999092469758622
sensor,1979-06-19 05:50,610,17.7,23.999953408348595,Core_ZN,2518.095462645373,0.4196825771075622,241.36453596677154,,,23.999953408348595,23.993054333561545,23.998867807912813,23.99896844682856,23.99971855360207
sensor,1979-06-19 05:65,611,17.8,24.000000218884338,Core_ZN,2555.387351131896,0.425897891855316,241.79043385862687,,,24.000000218884338,23.999562372977575,24.000086255117722,24.000084169200143,23.999972952860468
sensor,1979-06-19 06:15,612,17.883333333333333,23.991804386782654,Core_ZN,2285.419412649686,0.3809032354416143,242.1713370940685,,,23.991804386782654,23.8654944544991,24.000162796503744,23.938963773152025,24.000188547507495
sensor,1979-06-19 06:25,613,17.96666666666667,24.010867695170646,Core_ZN,2303.5056149375614,0.3839176024895935,242.55525469655808,,,24.010867695170646,23.83135635346261,24.00023683645613,23.9375737547057,24.000264891900397
sensor,1979-06-19 06:35,614,18.05,24.000579438322887,Core_ZN,2332.688811897625,0.3887814686496041,242.94403616520768,,,24.000579438322887,23.84865164793738,24.00029756323906,23.962485542787803,24.0003160584776
sensor,1979-06-19 06:45,615,18.133333333333333,24.00013838195469,Core_ZN,2351.0942357542476,0.3918490392923746,243.33588520450004,,,24.00013838195469,23.882045341597177,24.00034188392865,23.99142612120349,24.000359106871414
sensor,1979-06-19 06:55,616,18.21666666666667,24.000110675982484,Core_ZN,2377.400930898059,0.39623348848300977,243.73211869298305,,,24.000110675982484,23.921021641578225,24.000380698948767,24.008018459144235,24.000399033635198
sensor,1979-06-19 06:65,617,18.3,24.000128303914963,Core_ZN,2392.658343793879,0.3987763906323132,244.13089508361537,,,24.000128303914963,23.961840312727865,24.000415182257772,24.001023432885717,24.000045213168292
sensor,1979-06-19 07:15,618,18.683333333333337,23.999800622567367,Core_ZN,3211.9071468320044,0.535317857805334,244.6662129414207,,,23.999800622567367,23.99648890487594,23.999934687011276,23.999999912807592,23.999902586173786
sensor,1979-06-19 07:25,619,19.06666666666667,23.99972678622077,Core_ZN,3330.6721568358776,0.5551120261393129,245.22132496756,,,23.99972678622077,23.99943571862799,23.999865354158338,23.999859706564564,23.999869668743187
sensor,1979-06-19 07:35,620,19.450000000000003,23.999704263942625,Core_ZN,3432.859627170686,0.5721432711951143,245.7934682387551,,,23.999704263942625,23.99977400798598,23.999845847053525,23.999827421198468,23.99985782816607
sensor,1979-06-19 07:43,621,19.833333333333336,23.99982138933108,Core_ZN,3549.205184131097,0.5915341973551829,246.38500243611028,,,23.99982138933108,23.999895918122668,23.99991241152548,23.999904295193126,23.999921818764683
sensor,1979-06-19 07:53,622,20.21666666666667,23.999857242010485,Core_ZN,3676.835324708224,0.6128058874513707,246.99780832356166,,,23.999857242010485,23.999917340970164,23.99991431770813,23.99992255792481,23.999938129601013
sensor,1979-06-19 07:62,623,20.6,23.999830331067955,Core_ZN,3806.37973750535,0.6343966229175583,247.63220494647922,,,23.999830331067955,23.999892195237194,23.999869084765145,23.99989795299521,23.999917442864223
sensor,1979-06-19 08:12,624,20.866666666666667,23.99986850435686,Core_ZN,3925.829221823253,0.6543048703038755,248.2865098167831,,,23.99986850435686,23.999917248490803,23.999879776329593,23.9999234684307,23.999940173081104
sensor,1979-06-19 08:22,625,21.133333333333336,23.999848329335094,Core_ZN,4040.6801931456935,0.6734466988576155,248.95995651564073,,,23.999848329335094,23.999898818019,23.999843896236044,23.999905612602827,23.999925567605604
sensor,1979-06-19 08:32,626,21.4,23.999840289215808,Core_ZN,4154.211472119661,0.6923685786866103,249.65232509432732,,,23.999840289215808,23.99989051606273,23.999819895386434,23.999898197531227,23.999920385772676
sensor,1979-06-19 08:42,627,21.666666666666668,23.999833174177958,Core_ZN,4247.309049504097,0.7078848415840162,250.36020993591134,,,23.999833174177958,23.99988264509705,23.999817213153914,23.999891250071723,23.99991573688616
sensor,1979-06-19 08:52,628,21.933333333333334,23.99982663963988,Core_ZN,4330.363162964261,0.7217271938273769,251.08193712973872,,,23.99982663963988,23.999875144496546,23.999822554143368,23.99988471423058,23.999911286426794
sensor,1979-06-19 08:62,629,22.2,23.999794161010726,Core_ZN,4409.016827191303,0.7348361378652171,251.81677326760393,,,23.999794161010726,23.999850957580996,23.999808737366372,23.999864508346263,23.999898642556023
sensor,1979-06-19 09:12,630,22.483333333333334,23.999767061770008,Core_ZN,4488.227715275663,0.7480379525459437,252.5648112201499,,,23.999767061770008,23.99982329344573,23.999795930778483,23.999838504632752,23.999877115818073
sensor,1979-06-19 09:23,631,22.766666666666666,23.99970865518121,Core_ZN,4562.628977408798,0.7604381629014664,253.32524938305136,,,23.99970865518121,23.999775274096564,23.99978397318885,23.999799186604104,23.9998522611583
sensor,1979-06-19 09:33,632,23.049999999999997,23.99967122198821,Core_ZN,4639.020131446913,0.7731700219078188,254.09841940495917,,,23.99967122198821,23.99973816943143,23.99975536530301,23.999763965441336,23.999822348690905
sensor,1979-06-19 09:43,633,23.333333333333332,23.99966048089386,Core_ZN,4717.149816185154,0.786191636030859,254.88461104099002,,,23.99966048089386,23.999723960046683,23.999754253387792,23.999752781456074,23.999813276512032
sensor,1979-06-19 09:53,634,23.616666666666667,23.99965190258853,Core_ZN,4794.5808634372315,0.799096810572872,255.6837078515629,,,23.99965190258853,23.999711379336112,23.99975651190026,23.999743613058243,23.999806305793122
sensor,1979-06-19 09:63,635,23.9,23.999643963401915,Core_ZN,4870.58204472905,0.8117636741215082,256.4954715256844,,,23.999643963401915,23.999702117662224,23.99975834489136,23.99973664076275,23.99980243639012
sensor,1979-06-19 10:13,636,23.71666666666667,23.999615912504936,Core_ZN,4858.229086754618,0.8097048477924363,257.30517637347685,,,23.999615912504936,23.999666686807128,23.99974826778938,23.999708471182608,23.999787711666823
sensor,1979-06-19 10:23,637,23.53333333333333,23.9995850105946,Core_ZN,4843.203762786613,0.8072006271311022,258.112377000608,,,23.9995850105946,23.999636253778213,23.999745506102393,23.999685738288253,23.999776231117647
sensor,1979-06-19 10:33,638,23.35,23.999563587990927,Core_ZN,4823.401059350254,0.8039001765583756,258.91627717716636,,,23.999563587990927,23.999609801584512,23.99974692748846,23.99966691560506,23.99976676825328
sensor,1979-06-19 10:45,639,23.166666666666664,23.999375716408395,Core_ZN,4799.104878650411,0.7998508131084018,259.71612799027474,,,23.999375716408395,23.99942620383512,23.99968750160039,23.999514018958713,23.999667243224224
sensor,1979-06-19 10:50,640,22.98333333333333,23.99903619948214,Core_ZN,4772.003870242651,0.7953339783737752,260.5114619686485,,,23.99903619948214,23.9991887900196,23.999552782242397,23.999297652625824,23.999549280002036
sensor,1979-06-19 10:60,641,22.8,23.998950755901127,Core_ZN,4744.852555733964,0.7908087592889941,261.3022707279375,,,23.998950755901127,23.999141966131745,23.999512474571866,23.999250228704483,23.9995212455607
sensor,1979-06-19 11:10,642,23.066666666666666,23.998980776014918,Core_ZN,4547.906921331704,0.7579844868886174,262.06025521482616,,,23.998980776014918,23.999146566878807,23.99949432601268,23.999249450925664,23.99950345434428
sensor,1979-06-19 11:20,643,23.333333333333336,23.999226364912545,Core_ZN,4594.551816090727,0.7657586360151211,262.82601385084126,,,23.999226364912545,23.999387945963832,23.999631025228968,23.99946657443049,23.99963909418081
sensor,1979-06-19 11:35,644,23.6,23.999599512886167,Core_ZN,4655.65635870791,0.7759427264513183,263.6019565772926,,,23.999599512886167,23.999686587361058,23.999820721097976,23.999734223474054,23.99979917097064
sensor,1979-06-19 11:40,645,23.866666666666667,23.99938933881279,Core_ZN,4719.97741920872,0.7866629032014532,264.388619480494,,,23.99938933881279,23.9995634375242,23.999752808760768,23.999623734319826,23.999735357930717
sensor,1979-06-19 11:50,646,24.133333333333333,23.99933383772363,Core_ZN,4796.47663574157,0.7994127726235949,265.1880322531176,,,23.99933383772363,23.99954775339141,23.999714216680292,23.999608394953505,23.99970904878898
sensor,1979-06-19 11:65,647,24.4,23.999659624402597,Core_ZN,4884.419986334632,0.8140699977224386,266.00210225084004,,,23.999659624402597,23.99975969853441,23.999872424411127,23.99981505921182,23.999850489358472
sensor,1979-06-19 12:13,648,24.866666666666667,23.99964981076935,Core_ZN,5281.979581223195,0.8803299302038657,266.8824321810439,,,23.99964981076935,23.99973435696195,23.99986849248737,23.999794212060984,23.999844232257217
sensor,1979-06-19 12:23,649,25.333333333333336,23.999604607820842,Core_ZN,5433.033494069762,0.9055055823449603,267.78793776338887,,,23.999604607820842,23.999677458585897,23.99980586507433,23.99974361775857,23.99979557001355
sensor,1979-06-19 12:33,650,25.799999999999997,23.999596930905845,Core_ZN,5587.214680558752,0.9312024467597919,268.7191402101487,,,23.999596930905845,23.999661151594637,23.99979237516365,23.999732490546023,23.999784446418595
sensor,1979-06-19 12:43,651,26.266666666666666,23.999590239104005,Core_ZN,5735.630833494019,0.955938472249003,269.67507868239767,,,23.999590239104005,23.999654392559272,23.999784858337566,23.99972602772567,23.999778309391825
sensor,1979-06-19 12:53,652,26.733333333333334,23.999582929832762,Core_ZN,5884.848653583714,0.980808108930619,270.65588679132827,,,23.999582929832762,23.999649053514172,23.999777778295996,23.999719427081253,23.999772439398726
sensor,1979-06-19 12:63,653,27.2,23.999574943007055,Core_ZN,6038.7864646145,1.0064644107690832,271.66235120209734,,,23.999574943007055,23.99964390530431,23.999770513033695,23.999712147563287,23.999763156414787
sensor,1979-06-19 13:15,654,27.3,23.99944416312723,Core_ZN,6099.400711446888,1.0165667852411477,272.6789179873385,,,23.99944416312723,23.9995628915147,23.999762518512576,23.999651163289254,23.999720124580794
sensor,1979-06-19 13:25,655,27.400000000000002,23.99935833394327,Core_ZN,6163.358235160765,1.027226372526794,273.7061443598653,,,23.99935833394327,23.99943477610819,23.99964693849074,23.999526579181293,23.999597796155236
sensor,1979-06-19 13:35,656,27.5,23.999334461832966,Core_ZN,6230.089555155794,1.0383482591926323,274.7444926190579,,,23.999334461832966,23.99940114264192,23.999614867639067,23.99948867447758,23.999540940934324
sensor,1979-06-19 13:40,657,27.6,23.998987577470693,Core_ZN,6285.320391844018,1.0475533986406695,275.79204601769857,,,23.998987577470693,23.999150887240766,23.999475340789644,23.999265967914383,23.999365903395038
sensor,1979-06-19 13:50,658,27.7,23.998864983623317,Core_ZN,6341.383789015505,1.0568972981692508,276.8489433158678,,,23.998864983623317,23.999043821731075,23.999382943110472,23.99915520673903,23.999265773068444
sensor,1979-06-19 13:60,659,27.8,23.99882320230552,Core_ZN,6398.8940209868915,1.0664823368311485,277.91542565269896,,,23.99882320230552,23.999011790405657,23.999347974762262,23.999113784354066,23.999208862590137
sensor,1979-06-19 14:10,660,27.883333333333333,23.998800857914546,Core_ZN,6450.928933439876,1.0751548222399794,278.99058047493895,,,23.998800857914546,23.99899082613652,23.999331463905783,23.999088842409005,23.999170960929614
sensor,1979-06-19 14:20,661,27.96666666666667,23.998782658271484,Core_ZN,6499.900088819887,1.083316681469981,280.0738971564089,,,23.998782658271484,23.998972742734654,23.999321119114885,23.999069167147354,23.99913853273377
sensor,1979-06-19 14:30,662,28.05,23.998769713424085,Core_ZN,6546.506327207344,1.0910843878678906,281.1649815442768,,,23.998769713424085,23.998957900581356,23.999313474376862,23.999053105812482,23.999110341429784
sensor,1979-06-19 14:40,663,28.133333333333333,23.99875576455989,Core_ZN,6601.82520718588,1.1003042011976465,282.2652857454745,,,23.99875576455989,23.998944578570864,23.999306922430883,23.99903884428514,23.99908317314789
sensor,1979-06-19 14:50,664,28.21666666666667,23.998742025195885,Core_ZN,6659.752159348532,1.1099586932247552,283.37524443869927,,,23.998742025195885,23.998929864618074,23.999300269190794,23.999024150031786,23.999047545963183
sensor,1979-06-19 14:60,665,28.3,23.998728488759554,Core_ZN,6718.897142165538,1.119816190360923,284.4950606290602,,,23.998728488759554,23.998914520313992,23.99929361126643,23.999009701920436,23.999006566021727
sensor,1979-06-19 15:10,666,28.400000000000002,23.998720167320087,Core_ZN,6774.31781442567,1.129052969070945,285.62411359813115,,,23.998720167320087,23.99890344139304,23.999291399766587,23.999000650070744,23.998968160614208
sensor,1979-06-19 15:20,667,28.500000000000004,23.99869829513757,Core_ZN,6827.882793179953,1.137980465529992,286.76209406366115,,,23.99869829513757,23.998883519035118,23.999286011929474,23.99898313240818,23.998928367526975
sensor,1979-06-19 15:30,668,28.6,23.99863752805635,Core_ZN,6878.572418649837,1.1464287364416395,287.9085228001028,,,23.99863752805635,23.99886459881262,23.999280379391166,23.998966270723503,23.9988933089318
sensor,1979-06-19 15:45,669,28.700000000000003,23.999118813558965,Core_ZN,6894.047066257612,1.1490078443762686,289.0575306444791,,,23.999118813558965,23.99923391508127,23.999507153838437,23.999301806050102,23.999153014157656
sensor,1979-06-19 15:55,670,28.799999999999997,23.99912873624466,Core_ZN,6898.166852303212,1.1496944753838685,290.2072251198629,,,23.99912873624466,23.999255313082017,23.99952467271366,23.999323771733728,23.999264818717837
sensor,1979-06-19 15:63,671,28.9,23.999368871590654,Core_ZN,6887.367064167793,1.147894510694632,291.35511963055757,,,23.999368871590654,23.99946262742442,23.999655290663362,23.999510127293632,23.999515303663852
sensor,1979-06-19 16:13,672,28.9,23.99979955661608,Core_ZN,5976.400367173975,0.9960667278623291,292.3511863584199,,,23.99979955661608,23.99985228114481,23.99987612876539,23.999869968244745,23.99982494662022
sensor,1979-06-19 16:23,673,28.900000000000002,23.99988507644548,Core_ZN,5844.0388312524765,0.9740064718754128,293.32519283029535,,,23.99988507644548,23.999922987461126,23.9999298646117,23.99993189711554,23.99993612453564
sensor,1979-06-19 16:33,674,28.9,23.999883989003365,Core_ZN,5750.070947809188,0.9583451579681979,294.28353798826356,,,23.999883989003365,23.99991694020253,23.999928258485816,23.999926270660435,23.999943198653654
sensor,1979-06-19 16:43,675,28.9,23.999863175117056,Core_ZN,5708.444209126433,0.9514073681877387,295.2349453564513,,,23.999863175117056,23.99991143541019,23.999922482221695,23.99992039576526,23.999949494141923
sensor,1979-06-19 16:53,676,28.9,23.999852912143222,Core_ZN,5681.522180839071,0.9469203634731784,296.1818657199245,,,23.999852912143222,23.9998894187095,23.99990947582222,23.999900497072765,23.999900295988866
sensor,1979-06-19 16:63,677,28.9,23.99985253808366,Core_ZN,5664.32318030872,0.9440538633847867,297.12591958330927,,,23.99985253808366,23.999886023992396,23.999908679163394,23.999895519716883,23.999887112074923
sensor,1979-06-19 17:15,678,28.716666666666665,23.99990941016461,Core_ZN,5338.531633996274,0.8897552723327122,298.015674855642,,,23.99990941016461,23.99995812561899,23.99994700414652,23.999954617275947,23.999924726852036
sensor,1979-06-19 17:25,679,28.533333333333335,23.999902086954158,Core_ZN,5259.927681707423,0.8766546136179039,298.8923294692599,,,23.999902086954158,23.999933633943556,23.99993569442487,23.99993372257832,23.999894680303594
sensor,1979-06-19 17:35,680,28.35,23.999901138042915,Core_ZN,5199.333587630039,0.8665555979383398,299.7588850671982,,,23.999901138042915,23.999929088147738,23.999935003425104,23.999925212384,23.999882706878253
sensor,1979-06-19 17:45,681,28.166666666666664,23.99990044058564,Core_ZN,5129.805322946216,0.8549675538243693,300.6138526210226,,,23.99990044058564,23.999928002522147,23.9999363706472,23.999921297835982,23.999885572265946
sensor,1979-06-19 17:55,682,27.983333333333334,23.99989978306842,Core_ZN,5058.541626511546,0.8430902710852577,301.45694289210786,,,23.99989978306842,23.999927960256926,23.99993804853963,23.99991977127103,23.999891990576135
sensor,1979-06-19 17:65,683,27.8,23.99989931588861,Core_ZN,4986.384868251127,0.8310641447085212,302.2880070368164,,,23.99989931588861,23.99992858300989,23.999939768171934,23.999920331416497,23.999899534503815
sensor,1979-06-19 18:13,684,27.616666666666667,23.99992899907555,Core_ZN,4914.08152291522,0.8190135871525366,303.10702062396894,,,23.99992899907555,23.99995585625925,23.99995950225329,23.99994556992965,23.99993786843386
sensor,1979-06-19 18:23,685,27.433333333333334,23.999931933325147,Core_ZN,4839.721752542763,0.8066202920904605,303.9136409160594,,,23.999931933325147,23.999952378487528,23.999959477655082,23.999946654205747,23.99994052668814
sensor,1979-06-19 18:33,686,27.25,23.99993302284433,Core_ZN,4765.6625199175405,0.7942770866529234,304.70791800271235,,,23.99993302284433,23.999953383905833,23.999960580688082,23.999949359060935,23.99994624612338
sensor,1979-06-19 18:43,687,27.066666666666663,23.99993382866931,Core_ZN,4699.750648649006,0.7832917747748342,305.4912097774872,,,23.99993382866931,23.999954148602757,23.999961541781534,23.999950520906616,23.99994908655222
sensor,1979-06-19 18:53,688,26.883333333333333,23.999934599830706,Core_ZN,4637.106118311667,0.7728510197186111,306.2640607972058,,,23.999934599830706,23.99995497012214,23.99996251149723,23.999951408485046,23.99995118350262
sensor,1979-06-19 18:63,689,26.7,23.999935389931743,Core_ZN,4566.893514353063,0.7611489190588439,307.0252097162646,,,23.999935389931743,23.999956130106618,23.999963615131843,23.999955089114536,23.999956417997087
sensor,1979-06-19 19:13,690,26.6,23.999950916940342,Core_ZN,4461.630986555527,0.7436051644259211,307.7688148806905,,,23.999950916940342,23.99997106915892,23.999972667476776,23.999970994610486,23.9999694334991
sensor,1979-06-19 19:25,691,26.5,23.99993643732389,Core_ZN,4405.081733335982,0.7341802888893303,308.50299516957983,,,23.99993643732389,23.99997183176496,23.99996843580636,23.999972755177282,23.999980670502392
sensor,1979-06-19 19:35,692,26.4,23.999938108609257,Core_ZN,4348.809383161256,0.7248015638602092,309.22779673344,,,23.999938108609257,23.999968820538015,23.99996812268084,23.999972675562688,23.999970217327466
sensor,1979-06-19 19:45,693,26.299999999999997,23.99994070679602,Core_ZN,4307.615462236007,0.7179359103726678,309.9457326438127,,,23.99994070679602,23.99996999382644,23.99996923955852,23.999974378271972,23.999969762072492
sensor,1979-06-19 19:55,694,26.200000000000003,23.99994286169064,Core_ZN,4272.694115578758,0.7121156859297929,310.6578483297425,,,23.99994286169064,23.99997099755543,23.999970302935694,23.999975431350947,23.99997042447072
sensor,1979-06-19 19:65,695,26.1,23.999944523499362,Core_ZN,4241.412465323389,0.7069020775538981,311.36475040729636,,,23.999944523499362,23.999971602494256,23.999971151168722,23.999975976926706,23.999970911884265
sensor,1979-06-19 20:15,696,26.01666666666667,23.999945886297574,Core_ZN,4215.247221528657,0.7025412035881096,312.06729161088447,,,23.999945886297574,23.99997229082778,23.999971920671594,23.999976449692525,23.999971276744624
sensor,1979-06-19 20:20,697,25.933333333333337,23.999914321162592,Core_ZN,4188.318800132004,0.6980531333553339,312.7653447442398,,,23.999914321162592,23.99995655902475,23.999957867230275,23.999962423735088,23.99995457095704
sensor,1979-06-19 20:30,698,25.85,23.999918979100183,Core_ZN,4165.2028480265,0.6942004746710833,313.45954521891093,,,23.999918979100183,23.99994588026332,23.99994951273727,23.99995138705421,23.999937280676797
sensor,1979-06-19 20:40,699,25.766666666666666,23.999921536587475,Core_ZN,4143.354263283563,0.6905590438805939,314.1501042627915,,,23.999921536587475,23.999944266962345,23.99994735859017,23.999949502032955,23.999932943102003
sensor,1979-06-19 20:50,700,25.683333333333337,23.999923385732473,Core_ZN,4122.495841862635,0.6870826403104391,314.83718690310195,,,23.999923385732473,23.999944619685987,23.999947265179898,23.99994966743422,23.999932748799473
sensor,1979-06-19 20:60,701,25.6,23.999924897213255,Core_ZN,4102.406368871381,0.6837343948118969,315.52092129791384,,,23.999924897213255,23.999945338271996,23.999947842820358,23.99995023071267,23.9999338175063
sensor,1979-06-19 21:13,702,25.6,24.346090718023934,Core_ZN,4.038461538461539e-09,6.730769230769232e-13,315.5209212979145,,,24.346090718023934,24.435830361599727,24.494399167536038,24.416549514414548,24.557882843603842
sensor,1979-06-19 21:20,703,25.6,24.724977214804433,Core_ZN,4.038461538461539e-09,6.730769230769232e-13,315.5209212979152,,,24.724977214804433,24.860082027689206,24.943680898569642,24.82744224365654,25.04279932622217
sensor,1979-06-19 21:30,704,25.6,24.82486138353986,Core_ZN,4.038461538461539e-09,6.730769230769232e-13,315.5209212979159,,,24.82486138353986,24.974998249446376,25.055110212389145,24.940324739193642,25.16758155385697
sensor,1979-06-19 21:40,705,25.6,24.87148409133103,Core_ZN,4.038461538461539e-09,6.730769230769232e-13,315.5209212979166,,,24.87148409133103,25.029134834451686,25.107708626563802,24.991956283356366,25.22614201701304
sensor,1979-06-19 21:50,706,25.6,24.90045667182463,Core_ZN,4.038461538461539e-09,6.730769230769232e-13,315.52092129791725,,,24.90045667182463,25.061990463660806,25.141724443393823,25.02339601580594,25.264190055497885
sensor,1979-06-19 21:60,707,25.6,24.922439280365488,Core_ZN,4.038461538461539e-09,6.730769230769232e-13,315.52092129791794,,,24.922439280365488,25.086144679825185,25.16794564240956,25.047023213210736,25.2935989939243
sensor,1979-06-19 22:10,708,25.5,24.925316137164856,Core_ZN,4.038461538461539e-09,6.730769230769232e-13,315.5209212979186,,,24.925316137164856,25.089682260433356,25.17395995191913,25.050874541144804,25.302446161844813
sensor,1979-06-19 22:20,709,25.400000000000002,24.928763371463827,Core_ZN,4.038461538461539e-09,6.730769230769232e-13,315.5209212979193,,,24.928763371463827,25.092491332560236,25.179448570680712,25.05455718206462,25.310546114316978
sensor,1979-06-19 22:30,710,25.3,24.93209626406954,Core_ZN,4.038461538461539e-09,6.730769230769232e-13,315.52092129792,,,24.93209626406954,25.094284923324192,25.183692791837423,25.057520228096045,25.317115683332524
sensor,1979-06-19 22:40,711,25.2,24.934539952944817,Core_ZN,4.038461538461539e-09,6.730769230769232e-13,315.52092129792067,,,24.934539952944817,25.094520341236873,25.1861587408956,25.059147529251636,25.321650942557127
sensor,1979-06-19 22:50,712,25.1,24.935968855557267,Core_ZN,4.038461538461539e-09,6.730769230769232e-13,315.52092129792135,,,24.935968855557267,25.09315965663765,25.186877819646856,25.059391042062312,25.324217250834057
sensor,1979-06-19 22:60,713,25.0,24.936408033087133,Core_ZN,4.038461538461539e-09,6.730769230769232e-13,315.52092129792203,,,24.936408033087133,25.090310309173162,25.18598353886159,25.05832402972699,25.32497366171306
sensor,1979-06-19 23:10,714,24.900000000000002,24.921299278753025,Core_ZN,4.038461538461539e-09,6.730769230769232e-13,315.5209212979227,,,24.921299278753025,25.072230343948764,25.170098934037874,25.04196784076377,25.310824783826067
sensor,1979-06-19 23:20,715,24.8,24.914559155862005,Core_ZN,4.038461538461539e-09,6.730769230769232e-13,315.5209212979234,,,24.914559155862005,25.06245140603731,25.16235561809466,25.033736385275443,25.304602524944976
sensor,1979-06-19 23:30,716,24.7,24.90966346862241,Core_ZN,4.038461538461539e-09,6.730769230769232e-13,315.5209212979241,,,24.90966346862241,25.05435933742873,25.155750664054757,25.027111485406085,25.299252895901482
sensor,1979-06-19 23:40,717,24.6,24.90501545612789,Core_ZN,4.038461538461539e-09,6.730769230769232e-13,315.52092129792476,,,24.90501545612789,25.04634317750024,25.148864721526028,25.020515466954617,25.293432762776504
sensor,1979-06-19 23:50,718,24.5,24.900102186916758,Core_ZN,4.038461538461539e-09,6.730769230769232e-13,315.52092129792544,,,24.900102186916758,25.03789230509653,25.141315395189675,25.013432899402314,25.286801272429614
sensor,1979-06-19 23:60,719,24.4,24.89477073544111,Core_ZN,4.038461538461539e-09,6.730769230769232e-13,315.5209212979261,,,24.89477073544111,25.028862452110882,25.133027577219078,25.005881783736974,25.279305824612145
sensor,1979-06-20 00:10,720,24.5,24.89735330585863,Core_ZN,4.038461538461539e-09,6.730769230769232e-13,315.5209212979268,,,24.89735330585863,25.03051680570209,25.13533968803811,25.008040044378443,25.282030150213213
sensor,1979-06-20 00:20,721,24.6,24.902518639231317,Core_ZN,4.038461538461539e-09,6.730769230769232e-13,315.5209212979275,,,24.902518639231317,25.035747603042054,25.14076146941127,25.013501906351923,25.287559500037002
sensor,1979-06-20 00:30,722,24.7,24.908740863774963,Core_ZN,4.038461538461539e-09,6.730769230769232e-13,315.52092129792817,,,24.908740863774963,25.042516923411466,25.1474250738541,25.02039784121428,25.29414365497705
sensor,1979-06-20 00:40,723,24.799999999999997,24.91544207590177,Core_ZN,4.038461538461539e-09,6.730769230769232e-13,315.52092129792885,,,24.91544207590177,25.050057115074047,25.154684296082948,25.028058123891462,25.301193720090748
sensor,1979-06-20 00:50,724,24.900000000000002,24.92244812645893,Core_ZN,4.038461538461539e-09,6.730769230769232e-13,315.52092129792953,,,24.92244812645893,25.05815389808277,25.162379214389624,25.03606666508238,25.30857841959467
sensor,1979-06-20 00:60,725,25.0,24.929647037957054,Core_ZN,4.038461538461539e-09,6.730769230769232e-13,315.5209212979302,,,24.929647037957054,25.066639161552757,25.17037235700678,25.04428320545993,25.316176073603085
sensor,1979-06-20 01:10,726,24.900000000000002,24.928709161516853,Core_ZN,4.038461538461539e-09,6.730769230769232e-13,315.5209212979309,,,24.928709161516853,25.064943853386303,25.168023643149258,25.042938954507374,25.313378608318093
sensor,1979-06-20 01:20,727,24.8,24.9250351274336,Core_ZN,4.038461538461539e-09,6.730769230769232e-13,315.5209212979316,,,24.9250351274336,25.0596192004251,25.162389722613714,25.03823387591397,25.30736940274674
sensor,1979-06-20 01:30,728,24.7,24.92005354584263,Core_ZN,4.038461538461539e-09,6.730769230769232e-13,315.52092129793226,,,24.92005354584263,25.052657461148147,25.155299464084596,25.031987468525045,25.299920720908165
sensor,1979-06-20 01:40,729,24.6,24.914259853909606,Core_ZN,4.038461538461539e-09,6.730769230769232e-13,315.52092129793294,,,24.914259853909606,25.044424936197693,25.14700657688062,25.024569755870797,25.29121571690944
sensor,1979-06-20 01:50,730,24.5,24.90782793213334,Core_ZN,4.038461538461539e-09,6.730769230769232e-13,315.5209212979336,,,24.90782793213334,25.03526773859216,25.137805164897234,25.016280802615412,25.281555010226114
sensor,1979-06-20 01:60,731,24.4,24.900843430879345,Core_ZN,4.038461538461539e-09,6.730769230769232e-13,315.5209212979343,,,24.900843430879345,25.025374165986978,25.127857428254615,25.00727987334312,25.27110820035881
sensor,1979-06-20 02:10,732,24.4,24.897534260939167,Core_ZN,4.038461538461539e-09,6.730769230769232e-13,315.520921297935,,,24.897534260939167,25.01956280130648,25.12210452120938,25.002298905900382,25.265025632107694
sensor,1979-06-20 02:20,733,24.400000000000002,24.895264441978608,Core_ZN,4.038461538461539e-09,6.730769230769232e-13,315.5209212979357,,,24.895264441978608,25.0149472264553,25.11740303626285,24.998556349406602,25.260015492143577
sensor,1979-06-20 02:30,734,24.4,24.893309355744936,Core_ZN,4.038461538461539e-09,6.730769230769232e-13,315.52092129793635,,,24.893309355744936,25.01069493630769,25.11296664586109,24.9951978458298,25.25526485440263
sensor,1979-06-20 02:40,735,24.4,24.89141874268265,Core_ZN,4.038461538461539e-09,6.730769230769232e-13,315.52092129793704,,,24.89141874268265,25.00651812168062,25.108549509537326,24.99192232905778,25.250528798015655
sensor,1979-06-20 02:50,736,24.4,24.889503052365068,Core_ZN,4.038461538461539e-09,6.730769230769232e-13,315.5209212979377,,,24.889503052365068,25.002312064035824,25.104070242271284,24.988619103171814,25.245729180269798
sensor,1979-06-20 02:60,737,24.4,24.88752707093471,Core_ZN,4.038461538461539e-09,6.730769230769232e-13,315.5209212979384,,,24.88752707093471,24.998034250869697,25.099497733552866,24.985242725191572,25.240836462139367
sensor,1979-06-20 03:10,738,24.4,24.885479745156484,Core_ZN,4.038461538461539e-09,6.730769230769232e-13,315.5209212979391,,,24.885479745156484,24.99408998444655,25.095184451653985,24.98190441040066,25.23594773694334
sensor,1979-06-20 03:20,739,24.400000000000002,24.883354121488658,Core_ZN,4.038461538461539e-09,6.730769230769232e-13,315.52092129793976,,,24.883354121488658,24.990307258217065,25.090972597959045,24.978546682201944,25.231014375300916
sensor,1979-06-20 03:30,740,24.4,24.881148352993158,Core_ZN,4.038461538461539e-09,6.730769230769232e-13,315.52092129794045,,,24.881148352993158,24.986541880746294,25.086740606872162,24.975123782204562,25.22600280567302
sensor,1979-06-20 03:40,741,24.4,24.878861546404824,Core_ZN,4.038461538461539e-09,6.730769230769232e-13,315.52092129794113,,,24.878861546404824,24.98275372415147,25.082458113145744,24.971622216046757,25.22090523974474
sensor,1979-06-20 03:50,742,24.4,24.8764932084379,Core_ZN,4.038461538461539e-09,6.730769230769232e-13,315.5209212979418,,,24.8764932084379,24.978931060635766,25.07811613116163,24.968037627235354,25.21571996076934
sensor,1979-06-20 03:60,743,24.4,24.87404323858311,Core_ZN,4.038461538461539e-09,6.730769230769232e-13,315.5209212979425,,,24.87404323858311,24.975071941396347,25.073711159727168,24.964368679502122,25.210447086019354
sensor,1979-06-20 04:10,744,24.4,24.882849463025615,Core_ZN,4.038461538461539e-09,6.730769230769232e-13,315.5209212979432,,,24.882849463025615,24.982944803851282,25.08062096015227,24.972287828484802,25.21656380959584
sensor,1979-06-20 04:20,745,24.400000000000002,24.88877466131823,Core_ZN,4.038461538461539e-09,6.730769230769232e-13,315.52092129794386,,,24.88877466131823,24.98727078659941,25.083717215020158,24.976484889140025,25.21883077644153
sensor,1979-06-20 04:30,746,24.4,24.8916727143218,Core_ZN,4.038461538461539e-09,6.730769230769232e-13,315.52092129794454,,,24.8916727143218,24.9961609180353,25.09367848082687,24.985653633535602,25.225147430397833
sensor,1979-06-20 04:40,747,24.4,24.893556004452417,Core_ZN,4.038461538461539e-09,6.730769230769232e-13,315.5209212979452,,,24.893556004452417,25.00701800027141,25.11199806102403,24.999581245972127,25.233095208555767
sensor,1979-06-20 04:50,748,24.4,24.89519318081172,Core_ZN,4.038461538461539e-09,6.730769230769232e-13,315.5209212979459,,,24.89519318081172,25.019267181740172,25.13550770245937,25.01605781947215,25.24231671125278
sensor,1979-06-20 04:60,749,24.4,24.896910145857856,Core_ZN,4.038461538461539e-09,6.730769230769232e-13,315.5209212979466,,,24.896910145857856,25.032879654261805,25.15802761494829,25.031921644905243,25.2528149751697
sensor,1979-06-20 05:15,750,24.5,24.066106664313132,Core_ZN,4541.1678963788245,0.7568613160631373,316.2777826140097,,,24.066106664313132,24.08190366047613,24.152414933906627,24.084698725012807,24.16077493582283
sensor,1979-06-20 05:20,751,24.6,24.00269947236528,Core_ZN,4338.956481425572,0.7231594135709286,317.00094202758066,,,24.00269947236528,24.003835953873207,24.017726708418923,24.004293942506983,24.017883422826554
sensor,1979-06-20 05:30,752,24.7,24.00042687577856,Core_ZN,4210.349523880002,0.701724920646667,317.7026669482273,,,24.00042687577856,24.00064407537601,24.006002539316057,24.000809669239445,24.00591095692484
sensor,1979-06-20 05:40,753,24.799999999999997,23.99994897323132,Core_ZN,4139.642004389925,0.6899403340649874,318.3926072822923,,,23.99994897323132,23.99994306531232,24.002068584436913,24.000014579693726,24.0019795119554
sensor,1979-06-20 05:55,754,24.900000000000002,23.999762005791773,Core_ZN,4064.3673959647313,0.6773945659941218,319.07000184828644,,,23.999762005791773,23.999653788356774,23.99999779478584,23.999674050740182,23.99995744427354
sensor,1979-06-20 05:65,755,25.0,23.999825968319456,Core_ZN,4029.527395035041,0.6715878991725068,319.74158974745893,,,23.999825968319456,23.999747695469736,23.999873677047717,23.999761393802753,23.999862781838864
sensor,1979-06-20 06:15,756,25.0,23.99989274699122,Core_ZN,4307.184067802645,0.7178640113004408,320.45945375875937,,,23.99989274699122,23.999879043930925,23.999893591874958,23.99988276604367,23.99990562348287
sensor,1979-06-20 06:25,757,25.0,23.999885513645907,Core_ZN,4334.521049062213,0.722420174843702,321.1818739336031,,,23.999885513645907,23.999877354167936,23.999885212163587,23.999882935745244,23.999906397420833
sensor,1979-06-20 06:35,758,25.0,23.99988751775686,Core_ZN,4351.117319086909,0.7251862198478182,321.9070601534509,,,23.99988751775686,23.99987750044363,23.999883011462188,23.999886104627258,23.999910428754752
sensor,1979-06-20 06:45,759,25.0,23.999889490457893,Core_ZN,4362.99307111145,0.7271655118519084,322.63422566530284,,,23.999889490457893,23.999877221142125,23.999880675995584,23.99988907718778,23.999912383504558
sensor,1979-06-20 06:55,760,25.0,23.99989127921898,Core_ZN,4374.03074144773,0.7290051235746217,323.36323078887744,,,23.99989127921898,23.999876886405744,23.99988014121225,23.999892145686495,23.99991373037826
sensor,1979-06-20 06:65,761,25.0,23.999892927038204,Core_ZN,4385.244832538311,0.7308741387563852,324.09410492763385,,,23.999892927038204,23.9998763999523,23.999878934077095,23.9998942985822,23.99991466048627
sensor,1979-06-20 07:15,762,25.1,23.99924389644518,Core_ZN,5505.7826692333065,0.9176304448722177,325.01173537250605,,,23.99924389644518,23.999271713615162,23.999537437130176,23.999340255368008,23.999596278486507
sensor,1979-06-20 07:25,763,25.200000000000003,23.999146427179447,Core_ZN,5643.647233363714,0.9406078722272856,325.95234324473336,,,23.999146427179447,23.999199209735735,23.99947375822602,23.999267966081867,23.999544681899295
sensor,1979-06-20 07:35,764,25.3,23.999126649810464,Core_ZN,5733.529980550562,0.9555883300917604,326.9079315748251,,,23.999126649810464,23.999185652446297,23.99945038862034,23.999257632289137,23.999527516313584
sensor,1979-06-20 07:45,765,25.4,23.999121107142134,Core_ZN,5833.033007706258,0.972172167951043,327.88010374277616,,,23.999121107142134,23.999176328895608,23.99939689231676,23.999251461622556,23.999516650926445
sensor,1979-06-20 07:53,766,25.5,23.999314355513135,Core_ZN,5919.0505337771265,0.9865084222961877,328.86661216507235,,,23.999314355513135,23.999317231923463,23.999412550149792,23.999383654642408,23.999579455222985
sensor,1979-06-20 07:63,767,25.6,23.999360745019104,Core_ZN,6011.365460319334,1.0018942433865554,329.8685064084589,,,23.999360745019104,23.999372856224852,23.99944285749792,23.999433305698297,23.999620048919777
sensor,1979-06-20 08:13,768,25.866666666666667,23.999366722613786,Core_ZN,6129.752733927252,1.0216254556545419,330.89013186411347,,,23.999366722613786,23.999376768481024,23.99942290898028,23.99943713307299,23.99962185536851
sensor,1979-06-20 08:23,769,26.133333333333336,23.99948677901776,Core_ZN,6243.5099145728955,1.0405849857621492,331.93071684987564,,,23.99948677901776,23.999475575038115,23.99945514939068,23.999527987644267,23.999673250895786
sensor,1979-06-20 08:32,770,26.4,23.999504065524057,Core_ZN,6356.609776229338,1.0594349627048896,332.9901518125805,,,23.999504065524057,23.999501395653123,23.999494044951785,23.99955049352129,23.99969119409279
sensor,1979-06-20 08:42,771,26.666666666666668,23.999505235794597,Core_ZN,6445.091516110806,1.074181919351801,334.0643337319323,,,23.999505235794597,23.99950579142793,23.99952092768238,23.99955380798845,23.999692230489185
sensor,1979-06-20 08:53,772,26.933333333333334,23.999356444392415,Core_ZN,6523.723350118531,1.0872872250197552,335.15162095695206,,,23.999356444392415,23.99935953199001,23.999412210105003,23.999421633923024,23.999599716958475
sensor,1979-06-20 08:63,773,27.2,23.99936434431442,Core_ZN,6597.168379445545,1.0995280632409241,336.251149020193,,,23.99936434431442,23.99938320885746,23.999471441528968,23.999441495006682,23.99961150350255
sensor,1979-06-20 09:15,774,27.383333333333333,23.999093165119344,Core_ZN,6645.572725628842,1.1075954542714737,337.35874447446446,,,23.999093165119344,23.999127105404803,23.999326446931725,23.999211825958767,23.999456439201595
sensor,1979-06-20 09:25,775,27.56666666666667,23.999089920692956,Core_ZN,6689.070314814619,1.1148450524691031,338.47358952693355,,,23.999089920692956,23.999138547182774,23.999342390387795,23.999221155851348,23.999461227281873
sensor,1979-06-20 09:30,776,27.75,23.998636907542178,Core_ZN,6733.452885079701,1.1222421475132835,339.59583167444686,,,23.998636907542178,23.998775431943297,23.99913915394038,23.998891910099506,23.999271959969796
sensor,1979-06-20 09:40,777,27.933333333333337,23.998550844332424,Core_ZN,6780.676488609303,1.1301127481015505,340.7259444225484,,,23.998550844332424,23.99871085998339,23.999091003037805,23.998832732814876,23.99922844759019
sensor,1979-06-20 09:55,778,28.116666666666667,23.99901002483383,Core_ZN,6823.141128756879,1.1371901881261464,341.8631346106746,,,23.99901002483383,23.999026695072907,23.999347406516765,23.999128666266728,23.999377570345196
sensor,1979-06-20 09:65,779,28.3,23.999064653632676,Core_ZN,6869.4039974180205,1.1449006662363366,343.0080352769109,,,23.999064653632676,23.9990791704782,23.99938121789775,23.999180554323196,23.999426044463792
sensor,1979-06-20 10:15,780,28.483333333333334,23.999086397001147,Core_ZN,6926.932103496907,1.154488683916151,344.16252396082706,,,23.999086397001147,23.999088915361487,23.999405924221218,23.99919902745298,23.99943805292898
sensor,1979-06-20 10:25,781,28.66666666666667,23.9990807132017,Core_ZN,6988.640884998605,1.1647734808331007,345.32729744166016,,,23.9990807132017,23.999086910436397,23.999424509500063,23.999207109334762,23.99944046483778
sensor,1979-06-20 10:35,782,28.85,23.999081624232836,Core_ZN,7050.699351776971,1.1751165586294952,346.50241400028966,,,23.999081624232836,23.999080402056215,23.999440965725057,23.999210806941214,23.999439914922384
sensor,1979-06-20 10:45,783,29.03333333333333,23.999082541552575,Core_ZN,7107.689075299501,1.1846148458832502,347.6870288461729,,,23.999082541552575,23.999076668829513,23.999457780975636,23.999215909625434,23.999440171106173
sensor,1979-06-20 10:53,784,29.216666666666665,23.999339400087067,Core_ZN,7165.873192757297,1.1943121987928826,348.8813410449658,,,23.999339400087067,23.999294333392026,23.99963788614182,23.999418287542632,23.99957523272084
sensor,1979-06-20 10:63,785,29.4,23.99934166240809,Core_ZN,7221.932964123542,1.2036554940205901,350.0849965389864,,,23.99934166240809,23.999311772570287,23.9996176860814,23.99943379317235,23.99958751399832
sensor,1979-06-20 11:13,786,29.5,23.999542695935215,Core_ZN,6940.965277979998,1.1568275463299997,351.2418240853164,,,23.999542695935215,23.99951175272807,23.999732517239316,23.999615663529276,23.999714031891866
sensor,1979-06-20 11:23,787,29.6,23.99954006225467,Core_ZN,6963.449541410024,1.1605749235683374,352.40239900888474,,,23.99954006225467,23.999530072515416,23.999745797794084,23.999633574031726,23.999729087813098
sensor,1979-06-20 11:33,788,29.7,23.99953543843126,Core_ZN,6992.1578837248935,1.1653596472874823,353.5677586561722,,,23.99953543843126,23.999534134347954,23.999747191982962,23.99963846416235,23.999732397437793
sensor,1979-06-20 11:45,789,29.8,23.999366074277773,Core_ZN,7020.753091899257,1.1701255153165429,354.73788417148876,,,23.999366074277773,23.999363488697334,23.999676084551062,23.99951283301069,23.9996407810363
sensor,1979-06-20 11:55,790,29.9,23.999344390863307,Core_ZN,7049.29178464379,1.1748819641072983,355.91276613559603,,,23.999344390863307,23.999385447032367,23.999660826555264,23.99951663123169,23.99964404019925
sensor,1979-06-20 11:65,791,30.0,23.999338492546528,Core_ZN,7078.35077421813,1.1797251290363548,357.0924912646324,,,23.999338492546528,23.99939148948014,23.9996573047628,23.999517623466062,23.999644693573373
sensor,1979-06-20 12:15,792,30.183333333333334,23.999056536075187,Core_ZN,7453.386631688783,1.2422311052814639,358.33472236991383,,,23.999056536075187,23.999128170287612,23.99949499669476,23.99928062143288,23.999479382050346
sensor,1979-06-20 12:25,793,30.36666666666667,23.999033284110475,Core_ZN,7530.176899669573,1.255029483278262,359.58975185319207,,,23.999033284110475,23.999089998801985,23.99946197074739,23.999244981473417,23.999448698429735
sensor,1979-06-20 12:35,794,30.55,23.999025822991484,Core_ZN,7600.228581780069,1.2667047636300115,360.8564566168221,,,23.999025822991484,23.99907917534773,23.99945014907504,23.999232098792994,23.99943857356625
sensor,1979-06-20 12:40,795,30.733333333333334,23.998550692692394,Core_ZN,7666.801488085321,1.27780024801422,362.1342568648363,,,23.998550692692394,23.99871295361353,23.999265296344145,23.998916594269396,23.999244780022202
sensor,1979-06-20 12:50,796,30.916666666666668,23.99843048750046,Core_ZN,7734.627575447598,1.289104595907933,363.4233614607442,,,23.99843048750046,23.99861345112959,23.99917776592711,23.99881908408387,23.999162537239762
sensor,1979-06-20 12:60,797,31.1,23.99839904529001,Core_ZN,7804.827451108799,1.3008045751847999,364.72416603592904,,,23.99839904529001,23.998589008693564,23.999144775040627,23.998787945868415,23.999130615484088
sensor,1979-06-20 13:10,798,31.283333333333335,23.99839022680647,Core_ZN,7883.13853788798,1.3138564229813299,366.03802245891035,,,23.99839022680647,23.998584768439137,23.99913195402757,23.99877486526626,23.999109959629315
sensor,1979-06-20 13:20,799,31.466666666666672,23.998379508444305,Core_ZN,7960.335695082396,1.326722615847066,367.3647450747574,,,23.998379508444305,23.998574746252,23.999120764580997,23.998755651489432,23.999073874886637
sensor,1979-06-20 13:30,800,31.650000000000002,23.9984418566298,Core_ZN,8039.5703635904765,1.339928393931746,368.7046734686892,,,23.9984418566298,23.99856656876505,23.999110804306653,23.998736957007836,23.999028663500837
sensor,1979-06-20 13:40,801,31.833333333333336,23.998458717950157,Core_ZN,8115.834424572592,1.3526390707620985,370.0573125394513,,,23.998458717950157,23.9985621557325,23.99910223982997,23.998720687237665,23.998979770758673
sensor,1979-06-20 13:50,802,32.016666666666666,23.998463829873227,Core_ZN,8191.3829240391315,1.3652304873398553,371.4225430267911,,,23.998463829873227,23.998563745705304,23.999095819977637,23.998708803074617,23.998928816689276
sensor,1979-06-20 13:60,803,32.2,23.99846497137272,Core_ZN,8270.279686881751,1.3783799478136252,372.80092297460476,,,23.99846497137272,23.998566437562538,23.999090762053505,23.998699601385635,23.998876774474603
sensor,1979-06-20 14:10,804,32.2,23.998467391403548,Core_ZN,8301.439616263464,1.3835732693772438,374.184496243982,,,23.998467391403548,23.99856791147353,23.999089718606285,23.998696291287533,23.99882750154377
sensor,1979-06-20 14:20,805,32.2,23.998463325133404,Core_ZN,8331.022577590205,1.388503762931701,375.5730000069137,,,23.998463325133404,23.998559226723856,23.99908714470487,23.99868726168253,23.99877541307244
sensor,1979-06-20 14:30,806,32.2,23.998461932933694,Core_ZN,8359.518938459756,1.3932531564099593,376.96625316332364,,,23.998461932933694,23.998551864699877,23.999084990131735,23.998679264929457,23.998723329477862
sensor,1979-06-20 14:40,807,32.2,23.998458346911875,Core_ZN,8367.056560567977,1.3945094267613292,378.36076259008496,,,23.998458346911875,23.998547825981543,23.9990838059574,23.99867353151506,23.998683587068985
sensor,1979-06-20 14:55,808,32.2,23.998985184754464,Core_ZN,8363.772872364907,1.393962145394151,379.7547247354791,,,23.998985184754464,23.999008862466884,23.999352816715344,23.999085551199613,23.998965053570604
sensor,1979-06-20 14:65,809,32.2,23.999022817945434,Core_ZN,8349.749340232423,1.3916248900387371,381.1463496255178,,,23.999022817945434,23.999028775108286,23.999378580193866,23.99911417487361,23.99910603325481
sensor,1979-06-20 15:13,810,32.11666666666667,23.999216221309545,Core_ZN,8270.517775324439,1.3784196292207398,382.52476925473854,,,23.999216221309545,23.99919427028503,23.999480269887815,23.9992613422595,23.999284907844835
sensor,1979-06-20 15:23,811,32.03333333333334,23.999188109037792,Core_ZN,8174.4282162104955,1.3624047027017492,383.88717395744027,,,23.999188109037792,23.99917238240367,23.999484595460544,23.999246710959454,23.999356690751007
sensor,1979-06-20 15:33,812,31.950000000000003,23.999157271764965,Core_ZN,8063.280843292404,1.343880140548734,385.231054097989,,,23.999157271764965,23.99914705949979,23.999476046099293,23.999223921446138,23.999403215291437
sensor,1979-06-20 15:43,813,31.866666666666667,23.999137011871376,Core_ZN,7971.8576229411965,1.328642937156866,386.55969703514586,,,23.999137011871376,23.999131917864162,23.999471344866745,23.99920979001503,23.999399030745067
sensor,1979-06-20 15:53,814,31.783333333333335,23.999123949584824,Core_ZN,7883.462199607539,1.3139103666012564,387.8736074017471,,,23.999123949584824,23.99912414484477,23.999470501928837,23.99920215057059,23.999392100142565
sensor,1979-06-20 15:65,815,31.7,23.99869217585676,Core_ZN,7801.785054847494,1.300297509141249,389.1739049108884,,,23.99869217585676,23.998713081714733,23.999187660738812,23.99881426707207,23.99909671453279
sensor,1979-06-20 16:15,816,31.700000000000003,23.999430438834963,Core_ZN,6880.694895179556,1.1467824825299258,390.3206873934183,,,23.999430438834963,23.999426300562856,23.999635857815722,23.99948501208953,23.999572646442232
sensor,1979-06-20 16:25,817,31.700000000000003,23.999538707518653,Core_ZN,6741.638617472692,1.1236064362454488,391.44429382966376,,,23.999538707518653,23.999539046555647,23.999722523867494,23.999588566378247,23.99966425109894
sensor,1979-06-20 16:35,818,31.7,23.999578733886665,Core_ZN,6649.837615885241,1.1083062693142067,392.55260009897796,,,23.999578733886665,23.99957992869005,23.99975143953614,23.999625065799147,23.999694171995646
sensor,1979-06-20 16:45,819,31.700000000000003,23.999601731352087,Core_ZN,6569.675165421293,1.0949458609035487,393.6475459598815,,,23.999601731352087,23.99960623683063,23.999768098990913,23.999648026949288,23.999712257577578
sensor,1979-06-20 16:53,820,31.7,23.999681407320413,Core_ZN,6495.413859003154,1.0825689765005255,394.730114936382,,,23.999681407320413,23.999673085695875,23.99978346806993,23.999703420803883,23.999740519475502
sensor,1979-06-20 16:63,821,31.7,23.999724611975832,Core_ZN,6433.024511310514,1.0721707518850856,395.8022856882671,,,23.999724611975832,23.99972255179692,23.999830982845715,23.999748649442775,23.99978980611838
sensor,1979-06-20 17:13,822,31.416666666666668,23.999821108822616,Core_ZN,6055.848823960448,1.0093081373267412,396.81159382559383,,,23.999821108822616,23.999820816968985,23.999892832121407,23.999837445403692,23.999862846907085
sensor,1979-06-20 17:23,823,31.133333333333336,23.9998439922655,Core_ZN,5913.304170660013,0.9855506951100022,397.79714452070385,,,23.9998439922655,23.999844834560655,23.999908069737316,23.999857103312703,23.999881214848994
sensor,1979-06-20 17:33,824,30.85,23.999855909864102,Core_ZN,5792.392380596489,0.9653987300994148,398.7625432508033,,,23.999855909864102,23.999858919821932,23.99991632272684,23.99986802889754,23.999891170298902
sensor,1979-06-20 17:43,825,30.56666666666667,23.99986454999943,Core_ZN,5675.75083536881,0.9459584725614683,399.70850172336475,,,23.99986454999943,23.99986979940574,23.99992256465557,23.999876829473987,23.999900639940947
sensor,1979-06-20 17:53,826,30.28333333333333,23.999871316419174,Core_ZN,5563.066013657138,0.9271776689428562,400.6356793923076,,,23.999871316419174,23.999878555964436,23.999927570942656,23.999884455931877,23.99990895992694
sensor,1979-06-20 17:63,827,30.0,23.999876802466716,Core_ZN,5453.096078314073,0.9088493463856788,401.5445287386933,,,23.999876802466716,23.999885806515334,23.999931714849396,23.999891432740547,23.99991645101755
sensor,1979-06-20 18:13,828,29.71666666666667,23.9998843661174,Core_ZN,5347.9378129799525,0.8913229688299921,402.4358517075233,,,23.9998843661174,23.999896415420608,23.999937322162186,23.999901702771318,23.999925677842377
sensor,1979-06-20 18:23,829,29.433333333333337,23.999894446830723,Core_ZN,5243.859245804404,0.8739765409674006,403.3098282484907,,,23.999894446830723,23.999904904484453,23.999941727967883,23.999910292619507,23.999933367853366
sensor,1979-06-20 18:33,830,29.15,23.999900896816918,Core_ZN,5137.88456493731,0.8563140941562183,404.16614234264694,,,23.999900896816918,23.999912121835234,23.999945461952407,23.99991867707739,23.999941370681185
sensor,1979-06-20 18:43,831,28.866666666666667,23.999905878728832,Core_ZN,5047.569719068329,0.8412616198447214,405.00740396249165,,,23.999905878728832,23.999917122974857,23.999948199744217,23.999922935236548,23.99994477895916
sensor,1979-06-20 18:53,832,28.583333333333336,23.99990996228494,Core_ZN,4963.951749211825,0.8273252915353041,405.83472925402697,,,23.99990996228494,23.999921055902753,23.99995044093037,23.999925974119975,23.99994689318157
sensor,1979-06-20 18:65,833,28.3,23.99986596112054,Core_ZN,4884.231514300065,0.8140385857166775,406.64876783974364,,,23.99986596112054,23.999884424544483,23.999920904318106,23.99988964251685,23.99992467203372
sensor,1979-06-20 19:15,834,27.85,23.99989538452721,Core_ZN,4722.508465221133,0.787084744203522,407.43585258394717,,,23.99989538452721,23.999909121047363,23.99994431667659,23.999915883580385,23.99994103503196
sensor,1979-06-20 19:23,835,27.400000000000006,23.999914693043326,Core_ZN,4603.448889883178,0.7672414816471963,408.20309406559437,,,23.999914693043326,23.999922140957217,23.99994603252254,23.99992675517675,23.999947690705866
sensor,1979-06-20 19:33,836,26.950000000000003,23.999925617775844,Core_ZN,4486.163777453124,0.7476939629088539,408.9507880285032,,,23.999925617775844,23.999935019932913,23.99995985545759,23.99994031215771,23.999958325710498
sensor,1979-06-20 19:43,837,26.5,23.99992732305655,Core_ZN,4380.897698349357,0.7301496163915595,409.68093764489475,,,23.99992732305655,23.999936278608246,23.99996193716665,23.999941669803682,23.999959457644408
sensor,1979-06-20 19:53,838,26.05,23.999928442575367,Core_ZN,4281.333270368721,0.7135555450614535,410.3944931899562,,,23.999928442575367,23.99993675410464,23.999962833777104,23.99994208993137,23.999959981732168
sensor,1979-06-20 19:63,839,25.6,23.999929484002156,Core_ZN,4185.678677822708,0.6976131129704513,411.09210630292665,,,23.999929484002156,23.99993724107248,23.99996361383012,23.999942477150412,23.999960561200993
sensor,1979-06-20 20:13,840,25.033333333333335,23.999942971828936,Core_ZN,4083.4718264168064,0.6805786377361344,411.77268494066277,,,23.999942971828936,23.9999548115145,23.999971684515614,23.999958298779767,23.99996964090296
sensor,1979-06-20 20:23,841,24.46666666666667,23.99995752047038,Core_ZN,3984.9797964362833,0.6641632994060471,412.4368482400688,,,23.99995752047038,23.99996726868343,23.999977018065934,23.999969481655928,23.999975592417833
sensor,1979-06-20 20:33,842,23.9,23.99996640820814,Core_ZN,3889.5706298373557,0.6482617716395592,413.08511001170837,,,23.99996640820814,23.9999766307075,23.999980953853182,23.999977851432234,23.999979969431298
sensor,1979-06-20 20:43,843,23.333333333333336,23.999972732439005,Core_ZN,3796.10115565287,0.632683525942145,413.7177935376505,,,23.999972732439005,23.99998351581836,23.999983807571624,23.999983984755033,23.999983138081706
sensor,1979-06-20 20:53,844,22.766666666666666,23.999977457355367,Core_ZN,3704.3840153680103,0.6173973358946683,414.3351908735452,,,23.999977457355367,23.99998850760377,23.999985854123477,23.999988406000092,23.99998540646236
sensor,1979-06-20 20:63,845,22.2,23.99998096275583,Core_ZN,3614.1907961522984,0.6023651326920497,414.93755600623723,,,23.99998096275583,23.99999207097046,23.999987309026658,23.999991532357264,23.999987016021613
sensor,1979-06-20 21:13,846,22.116666666666667,24.341304697895687,Core_ZN,4.038461538461539e-09,6.730769230769232e-13,414.9375560062379,,,24.341304697895687,24.511221351845137,24.57165415763624,24.49518226815599,24.616987952560628
sensor,1979-06-20 21:25,847,22.03333333333333,24.615191454008716,Core_ZN,4.038461538461539e-09,6.730769230769232e-13,414.9375560062386,,,24.615191454008716,24.863842341407597,24.94800851893688,24.84214832682946,25.017748051333854
sensor,1979-06-20 21:35,848,21.95,24.7380895577301,Core_ZN,4.038461538461539e-09,6.730769230769232e-13,414.9375560062393,,,24.7380895577301,24.991598113881395,25.07789180047129,24.97379845975174,25.153425396719513
sensor,1979-06-20 21:45,849,21.866666666666667,24.803687857732434,Core_ZN,4.038461538461539e-09,6.730769230769232e-13,414.93755600623996,,,24.803687857732434,25.057426454352836,25.143599175488475,25.040224253528105,25.223450902069885
sensor,1979-06-20 21:55,850,21.78333333333333,24.838073478589962,Core_ZN,4.038461538461539e-09,6.730769230769232e-13,414.93755600624064,,,24.838073478589962,25.093235179735082,25.180637834985383,25.07544483489634,25.26432238269014
sensor,1979-06-20 21:65,851,21.7,24.857819028948633,Core_ZN,4.038461538461539e-09,6.730769230769232e-13,414.9375560062413,,,24.857819028948633,25.114470730264625,25.204157465319977,25.097078254399538,25.291087000189812
sensor,1979-06-20 22:10,852,21.516666666666666,24.856490036182315,Core_ZN,4.038461538461539e-09,6.730769230769232e-13,414.937556006242,,,24.856490036182315,25.114388216393692,25.2074222770039,25.098491100454456,25.297623686722318
sensor,1979-06-20 22:20,853,21.333333333333336,24.84896385900534,Core_ZN,4.038461538461539e-09,6.730769230769232e-13,414.9375560062427,,,24.84896385900534,25.107861888137005,25.204011178056916,25.093802429432753,25.29646298592771
sensor,1979-06-20 22:30,854,21.15,24.839893521239553,Core_ZN,4.038461538461539e-09,6.730769230769232e-13,414.93755600624337,,,24.839893521239553,25.099396604416654,25.19841178386425,25.087424099227803,25.292808274627067
sensor,1979-06-20 22:40,855,20.96666666666667,24.829402794025572,Core_ZN,4.038461538461539e-09,6.730769230769232e-13,414.93755600624405,,,24.829402794025572,25.088779090614853,25.190369713459823,25.07906253425459,25.28646921308752
sensor,1979-06-20 22:50,856,20.783333333333335,24.817436935195293,Core_ZN,4.038461538461539e-09,6.730769230769232e-13,414.93755600624473,,,24.817436935195293,25.07608235600066,25.17998678387287,25.068755504983777,25.27758655196691
sensor,1979-06-20 22:60,857,20.6,24.80414580994423,Core_ZN,4.038461538461539e-09,6.730769230769232e-13,414.9375560062454,,,24.80414580994423,25.061432145086016,25.16742646045319,25.056613347967442,25.266351127733177
sensor,1979-06-20 23:10,858,20.783333333333335,24.7155664861185,Core_ZN,4.038461538461539e-09,6.730769230769232e-13,414.9375560062461,,,24.7155664861185,24.97794487357373,25.088690196396044,24.97497245246675,25.189043650949603
sensor,1979-06-20 23:20,859,20.96666666666667,24.678672533034725,Core_ZN,4.038461538461539e-09,6.730769230769232e-13,414.9375560062468,,,24.678672533034725,24.94435670117494,25.060695163882787,24.944379635198892,25.162687430273632
sensor,1979-06-20 23:30,860,21.15,24.665224752389783,Core_ZN,4.038461538461539e-09,6.730769230769232e-13,414.93755600624746,,,24.665224752389783,24.933100422366206,25.053367502071275,24.934189742532055,25.15648181010549
sensor,1979-06-20 23:40,861,21.333333333333332,24.66362257706817,Core_ZN,4.038461538461539e-09,6.730769230769232e-13,414.93755600624814,,,24.66362257706817,24.931697466123566,25.054614357208077,24.93369347414657,25.158229041877124
sensor,1979-06-20 23:50,862,21.516666666666666,24.668299991047387,Core_ZN,4.038461538461539e-09,6.730769230769232e-13,414.9375560062488,,,24.668299991047387,24.935011646384872,25.059771023386027,24.93785759544458,25.163488367811034
sensor,1979-06-20 23:60,863,21.7,24.676382529469223,Core_ZN,4.038461538461539e-09,6.730769230769232e-13,414.9375560062495,,,24.676382529469223,24.941045813043544,25.067118316962322,24.944283015311953,25.170673250563574
sensor,1979-06-21 00:10,864,21.416666666666664,24.664311287343697,Core_ZN,4.038461538461539e-09,6.730769230769232e-13,414.9375560062502,,,24.664311287343697,24.924360837752502,25.05040369217235,24.92888974979645,25.153873477082733
sensor,1979-06-21 00:20,865,21.133333333333333,24.64250174415459,Core_ZN,4.038461538461539e-09,6.730769230769232e-13,414.9375560062509,,,24.64250174415459,24.89721186132606,25.02324385633395,24.90425931548241,25.12726496130814
sensor,1979-06-21 00:30,866,20.85,24.61524243448696,Core_ZN,4.038461538461539e-09,6.730769230769232e-13,414.93755600625155,,,24.61524243448696,24.865312250915668,24.991545902531495,24.874378195534238,25.09631246412873
sensor,1979-06-21 00:40,867,20.566666666666666,24.583788097221078,Core_ZN,4.038461538461539e-09,6.730769230769232e-13,414.93755600625224,,,24.583788097221078,24.831041865301447,24.957382107904614,24.841260259128042,25.06300895753461
sensor,1979-06-21 00:50,868,20.283333333333335,24.550659713480144,Core_ZN,4.038461538461539e-09,6.730769230769232e-13,414.9375560062529,,,24.550659713480144,24.795317451221546,24.921407117933764,24.807049181021608,25.028055646633874
sensor,1979-06-21 00:60,869,20.0,24.51749671206565,Core_ZN,4.038461538461539e-09,6.730769230769232e-13,414.9375560062536,,,24.51749671206565,24.75845680873076,24.884538948000017,24.77205852276251,24.991665807046598
sensor,1979-06-21 01:10,870,20.0,24.497660465295432,Core_ZN,4.038461538461539e-09,6.730769230769232e-13,414.9375560062543,,,24.497660465295432,24.7355451578334,24.8623795423622,24.750479950567986,24.969386351266717
sensor,1979-06-21 01:20,871,20.0,24.48356386976592,Core_ZN,4.038461538461539e-09,6.730769230769232e-13,414.93755600625497,,,24.48356386976592,24.717613159097326,24.844986652095535,24.733811817471334,24.951820284951857
sensor,1979-06-21 01:30,872,20.0,24.47207379899712,Core_ZN,4.038461538461539e-09,6.730769230769232e-13,414.93755600625565,,,24.47207379899712,24.701759126049048,24.829392943575794,24.719164720400467,24.93604038987789
sensor,1979-06-21 01:40,873,20.0,24.461819340408542,Core_ZN,4.038461538461539e-09,6.730769230769232e-13,414.93755600625633,,,24.461819340408542,24.686846520659497,24.814558596186725,24.70541864330114,24.920999550465506
sensor,1979-06-21 01:50,874,20.0,24.452184746180734,Core_ZN,4.038461538461539e-09,6.730769230769232e-13,414.937556006257,,,24.452184746180734,24.67241804519723,24.800093301093874,24.692113829617526,24.906304252209694
sensor,1979-06-21 01:60,875,20.0,24.442879630780844,Core_ZN,4.038461538461539e-09,6.730769230769232e-13,414.9375560062577,,,24.442879630780844,24.65826960643339,24.785830444828274,24.679037591368804,24.89178722462414
sensor,1979-06-21 02:10,876,20.183333333333334,24.442230922392643,Core_ZN,4.038461538461539e-09,6.730769230769232e-13,414.9375560062584,,,24.442230922392643,24.653606408280968,24.781344650755166,24.6749864186458,24.88700295143036
sensor,1979-06-21 02:20,877,20.366666666666667,24.445698229613562,Core_ZN,4.038461538461539e-09,6.730769230769232e-13,414.93755600625906,,,24.445698229613562,24.65304702045179,24.78075788028651,24.67479961820334,24.88620086598938
sensor,1979-06-21 02:30,878,20.55,24.45138845737754,Core_ZN,4.038461538461539e-09,6.730769230769232e-13,414.93755600625974,,,24.45138845737754,24.654720854354213,24.78213910084463,24.676592264531166,24.88736106831368
sensor,1979-06-21 02:40,879,20.733333333333334,24.458528862990576,Core_ZN,4.038461538461539e-09,6.730769230769232e-13,414.9375560062604,,,24.458528862990576,24.657622766879303,24.784811262413506,24.6796238477196,24.88951132015442
sensor,1979-06-21 02:50,880,20.916666666666668,24.46674668754624,Core_ZN,4.038461538461539e-09,6.730769230769232e-13,414.9375560062611,,,24.46674668754624,24.66142212796354,24.78848897080999,24.6835226751187,24.89235086387142
sensor,1979-06-21 02:60,881,21.1,24.476091555597673,Core_ZN,4.038461538461539e-09,6.730769230769232e-13,414.9375560062618,,,24.476091555597673,24.666091997337208,24.793055814145116,24.688269584746262,24.8958868683058
sensor,1979-06-21 03:10,882,21.01666666666667,24.473884811137363,Core_ZN,4.038461538461539e-09,6.730769230769232e-13,414.93755600626247,,,24.473884811137363,24.657413111222272,24.78360127105586,24.680496296758356,24.885650349821894
sensor,1979-06-21 03:20,883,20.933333333333337,24.465688905704802,Core_ZN,4.038461538461539e-09,6.730769230769232e-13,414.93755600626315,,,24.465688905704802,24.643322445403925,24.768834704869512,24.667390689080793,24.870396025448432
sensor,1979-06-21 03:30,884,20.85,24.454081565225227,Core_ZN,4.038461538461539e-09,6.730769230769232e-13,414.93755600626383,,,24.454081565225227,24.62655019711803,24.751528930471327,24.651587212356247,24.852773337727697
sensor,1979-06-21 03:40,885,20.76666666666667,24.440490161510063,Core_ZN,4.038461538461539e-09,6.730769230769232e-13,414.9375560062645,,,24.440490161510063,24.6082518278594,24.73276533223382,24.634253883799182,24.83379231228017
sensor,1979-06-21 03:50,886,20.683333333333334,24.425717236616048,Core_ZN,4.038461538461539e-09,6.730769230769232e-13,414.9375560062652,,,24.425717236616048,24.588946314645465,24.71297757146246,24.61593371319004,24.813871778612093
sensor,1979-06-21 03:60,887,20.6,24.410203461917515,Core_ZN,4.038461538461539e-09,6.730769230769232e-13,414.9375560062659,,,24.410203461917515,24.568887539392467,24.692425665838176,24.596895648642267,24.793211682629025
sensor,1979-06-21 04:10,888,20.5,24.39341422260498,Core_ZN,4.038461538461539e-09,6.730769230769232e-13,414.93755600626656,,,24.39341422260498,24.547667836612455,24.670671693995537,24.576694146624696,24.7713094345709
sensor,1979-06-21 04:20,889,20.400000000000002,24.377176914228844,Core_ZN,4.038461538461539e-09,6.730769230769232e-13,414.93755600626724,,,24.377176914228844,24.525667630226234,24.648198663856867,24.555747031537216,24.74860448752902
sensor,1979-06-21 04:30,890,20.3,24.35985355810593,Core_ZN,4.038461538461539e-09,6.730769230769232e-13,414.9375560062679,,,24.35985355810593,24.512332529733605,24.65707599136109,24.55465832510709,24.733515467533504
sensor,1979-06-21 04:40,891,20.2,24.342918348353187,Core_ZN,4.038461538461539e-09,6.730769230769232e-13,414.9375560062686,,,24.342918348353187,24.501735072524557,24.707859694288334,24.5758697292893,24.720291111535516
sensor,1979-06-21 04:50,892,20.1,24.32787207293956,Core_ZN,4.038461538461539e-09,6.730769230769232e-13,414.9375560062693,,,24.32787207293956,24.494735795439897,24.795334304000654,24.614777878898433,24.71000384186743
sensor,1979-06-21 04:60,893,20.0,24.31547350056717,Core_ZN,4.038461538461539e-09,6.730769230769232e-13,414.93755600627,,,24.31547350056717,24.49089904618118,24.887565060957773,24.652691874281164,24.702275702319643
sensor,1979-06-21 05:13,894,20.283333333333335,24.01063799486211,Core_ZN,3452.618292445832,0.5754363820743054,415.5129923883443,,,24.01063799486211,24.017755626176886,24.054184786159276,24.024568151044065,24.041903698583408
sensor,1979-06-21 05:20,895,20.56666666666667,23.999920808496846,Core_ZN,3656.1097268627996,0.6093516211437999,416.1223440094881,,,23.999920808496846,23.99995361712257,24.0009249247717,23.999959939957108,24.000696212029048
sensor,1979-06-21 05:35,896,20.85,23.99988852252357,Core_ZN,3654.6754851425167,0.6091125808570861,416.73145659034515,,,23.99988852252357,23.99985731951252,23.99986789321508,23.999793606006804,23.99995838830372
sensor,1979-06-21 05:45,897,21.133333333333333,23.99991384968461,Core_ZN,3671.2733075575043,0.6118788845929173,417.34333547493804,,,23.99991384968461,23.999891188566963,23.999842077842423,23.999843519733,23.99993157943431
sensor,1979-06-21 05:55,898,21.416666666666664,23.999916794273634,Core_ZN,3690.8532573148927,0.6151422095524821,417.9584776844905,,,23.999916794273634,23.999893833684652,23.99982418461584,23.9998495402372,23.999926168670147
sensor,1979-06-21 05:63,899,21.7,23.999924376374498,Core_ZN,3709.618282568826,0.618269713761471,418.576747398252,,,23.999924376374498,23.999893954491135,23.9997557430408,23.999850349581916,23.999907679285638
sensor,1979-06-21 06:13,900,22.066666666666666,23.999999021652467,Core_ZN,3622.9632915278553,0.6038272152546424,419.1805746135066,,,23.999999021652467,24.00000861619543,23.999943212764066,24.000004006534844,23.999990686656655
sensor,1979-06-21 06:23,901,22.433333333333334,23.999994401764532,Core_ZN,3698.278991934532,0.6163798319890886,419.7969544454957,,,23.999994401764532,24.000003069528002,23.999931737257306,24.00000013175289,23.99998989223291
sensor,1979-06-21 06:33,902,22.799999999999997,23.99999172153632,Core_ZN,3773.7031822329986,0.6289505303721664,420.42590497586787,,,23.99999172153632,23.999998838841453,23.999920742945694,23.999998172593497,23.99998889255481
sensor,1979-06-21 06:43,903,23.166666666666664,23.99999771007407,Core_ZN,3845.926602838213,0.6409877671397022,421.06689274300754,,,23.99999771007407,24.000003070336255,23.999921611953038,24.00000671691854,23.999996920635073
sensor,1979-06-21 06:53,904,23.533333333333335,23.999991744831483,Core_ZN,3916.953599357379,0.6528255998928965,421.7197183429004,,,23.999991744831483,23.999994082137512,23.999922955356443,23.999998719081944,23.99999095735417
sensor,1979-06-21 06:63,905,23.9,23.999989956922914,Core_ZN,3995.199857790675,0.6658666429651126,422.38558498586553,,,23.999989956922914,23.99998973442836,23.999917518238824,23.999996196453665,23.99998907800634
sensor,1979-06-21 07:13,906,24.183333333333334,23.999956871916886,Core_ZN,4290.499240187213,0.7150832066978687,423.1006681925634,,,23.999956871916886,23.99994842197892,23.999862757065845,23.99995926349783,23.99996428500512
sensor,1979-06-21 07:23,907,24.46666666666667,23.999946888146443,Core_ZN,4383.007334348438,0.7305012223914062,423.8311694149548,,,23.999946888146443,23.999934966999312,23.999844956465864,23.99994724000211,23.99995738792603
sensor,1979-06-21 07:33,908,24.75,23.999940111514608,Core_ZN,4461.936505287475,0.7436560842145791,424.5748254991694,,,23.999940111514608,23.999924777348433,23.999834200662164,23.99993806098076,23.99995242863027
sensor,1979-06-21 07:43,909,25.03333333333333,23.99993431537901,Core_ZN,4532.866771746292,0.7554777952910486,425.3303032944604,,,23.99993431537901,23.99991620591798,23.999828843668894,23.99993011697464,23.999948149568517
sensor,1979-06-21 07:53,910,25.316666666666666,23.999929250779637,Core_ZN,4598.707273720431,0.7664512122867384,426.0967545067471,,,23.999929250779637,23.999908910559235,23.999826095518667,23.999923136694747,23.999944356893472
sensor,1979-06-21 07:62,911,25.6,23.999924812259696,Core_ZN,4660.5610966038685,0.7767601827673114,426.8735146895144,,,23.999924812259696,23.99990265310313,23.999825087821648,23.999916964385545,23.99994095770864
sensor,1979-06-21 08:12,912,25.96666666666667,23.999927445522424,Core_ZN,4738.733553686834,0.7897889256144723,427.6633036151289,,,23.999927445522424,23.99990699886076,23.999838692725948,23.99992061244055,23.999942697207153
sensor,1979-06-21 08:23,913,26.333333333333336,23.999926942489882,Core_ZN,4817.895528688264,0.8029825881147106,428.4662862032436,,,23.999926942489882,23.999910205026662,23.999848920781023,23.99992313174598,23.999943603397625
sensor,1979-06-21 08:32,914,26.700000000000003,23.999927540290628,Core_ZN,4895.865655502806,0.8159776092504676,429.2822638124941,,,23.999927540290628,23.99991269079861,23.999857213948346,23.999924991905022,23.999944124998382
sensor,1979-06-21 08:42,915,27.066666666666666,23.999928112090807,Core_ZN,4970.856259400947,0.8284760432334912,430.11073985572756,,,23.999928112090807,23.99991472671249,23.999865534189976,23.99992644969689,23.999944431928103
sensor,1979-06-21 08:53,916,27.433333333333334,23.999928452638464,Core_ZN,5040.405524390998,0.8400675873984996,430.95080744312605,,,23.999928452638464,23.999916169782743,23.999876074919435,23.999927451360737,23.999944471106335
sensor,1979-06-21 08:62,917,27.8,23.999928589176445,Core_ZN,5107.695477879901,0.8512825796466501,431.8020900227727,,,23.999928589176445,23.99991691378975,23.99988595039554,23.99992804510392,23.99994425436877
sensor,1979-06-21 09:12,918,27.983333333333334,23.99992038353844,Core_ZN,5131.216945271155,0.8552028242118591,432.65729284698455,,,23.99992038353844,23.999903595367762,23.999879067880684,23.99991630732129,23.999937403088357
sensor,1979-06-21 09:23,919,28.166666666666668,23.99991460992689,Core_ZN,5149.862188957303,0.8583103648262171,433.51560321181074,,,23.99991460992689,23.999892502785556,23.99987745049452,23.999906918863537,23.999932111541
sensor,1979-06-21 09:33,920,28.35,23.99987885365371,Core_ZN,5165.474362453956,0.860912393742326,434.3765156055531,,,23.99987885365371,23.9998415001384,23.9998532823006,23.999864282907048,23.999900257444857
sensor,1979-06-21 09:43,921,28.53333333333333,23.999879105258913,Core_ZN,5173.615650873562,0.8622692751455936,435.2387848806987,,,23.999879105258913,23.999844101846012,23.99985352982716,23.999865469699415,23.99990588530237
sensor,1979-06-21 09:55,922,28.716666666666665,23.999810415379073,Core_ZN,5179.433941904038,0.8632389903173396,436.102023871016,,,23.999810415379073,23.999751191979833,23.999817368849335,23.999785751543115,23.999844237649896
sensor,1979-06-21 09:65,923,28.9,23.99982203483983,Core_ZN,5183.5234420623665,0.863920573677061,436.96594444469304,,,23.99982203483983,23.999771252997697,23.99982341727047,23.999803807298335,23.999865523401027
sensor,1979-06-21 10:15,924,29.083333333333332,23.999832098979365,Core_ZN,5197.239044853432,0.8662065074755719,437.8321509521686,,,23.999832098979365,23.99978374519751,23.999843397979788,23.999818113356973,23.999874664916064
sensor,1979-06-21 10:25,925,29.26666666666667,23.999835297863974,Core_ZN,5213.715958880654,0.8689526598134424,438.70110361198203,,,23.999835297863974,23.99979111431732,23.99985993356243,23.99982787928541,23.999879454299794
sensor,1979-06-21 10:35,926,29.45,23.999840063620894,Core_ZN,5231.40252332078,0.8719004205534634,439.5730040325355,,,23.999840063620894,23.99979663489973,23.99987361507398,23.999835759967123,23.999882910631115
sensor,1979-06-21 10:45,927,29.633333333333333,23.999844381960944,Core_ZN,5251.6029645867875,0.8752671607644645,440.44827119329995,,,23.999844381960944,23.999800657701893,23.999884659154105,23.99984199527288,23.999885464384676
sensor,1979-06-21 10:55,928,29.816666666666666,23.99984792294464,Core_ZN,5277.032844091774,0.8795054740152956,441.3277766673152,,,23.99984792294464,23.9998036645597,23.99989185385391,23.999846929573103,23.99988738568404
sensor,1979-06-21 10:60,929,30.0,23.99976426231918,Core_ZN,5313.026510532051,0.8855044184220084,442.2132810857372,,,23.99976426231918,23.999710394871986,23.999856355173037,23.99977143990587,23.999841820634675
sensor,1979-06-21 11:10,930,30.1,23.999803491195976,Core_ZN,5047.388720848732,0.8412314534747887,443.054512539212,,,23.999803491195976,23.999736366198093,23.99984442049423,23.999793820501115,23.999853043578725
sensor,1979-06-21 11:20,931,30.200000000000003,23.999880873313845,Core_ZN,5026.9327157171865,0.8378221192861977,443.8923346584982,,,23.999880873313845,23.999818836388844,23.99990401065885,23.999872116428573,23.999918642291615
sensor,1979-06-21 11:30,932,30.3,23.999903247358137,Core_ZN,5017.21810589549,0.8362030176492483,444.7285376761475,,,23.999903247358137,23.999827461587387,23.999925469385076,23.99988504933618,23.999943288680946
sensor,1979-06-21 11:40,933,30.4,23.999908165949066,Core_ZN,5009.155255630616,0.8348592092717693,445.56339688541925,,,23.999908165949066,23.999820001686906,23.999934465924934,23.999882572030096,23.99995403929608
sensor,1979-06-21 11:50,934,30.500000000000004,23.999909350582804,Core_ZN,5002.023383482139,0.8336705639136898,446.39706744933295,,,23.999909350582804,23.999810592756585,23.999939582958213,23.999877360483172,23.99996012637535
sensor,1979-06-21 11:60,935,30.6,23.99990983494795,Core_ZN,4995.806054889825,0.8326343424816375,447.2297017918146,,,23.99990983494795,23.999802318402438,23.999943508927668,23.999872099588284,23.99996457158496
sensor,1979-06-21 12:10,936,30.6,23.99988529146715,Core_ZN,4979.337298779851,0.8298895497966418,448.0595913416112,,,23.99988529146715,23.99977717545736,23.999930552763804,23.99984676958066,23.999949802588166
sensor,1979-06-21 12:20,937,30.6,23.9998849155443,Core_ZN,4965.290086709629,0.827548347784938,448.8871396893962,,,23.9998849155443,23.99978909600732,23.9999284661997,23.999852123376936,23.99994508770027
sensor,1979-06-21 12:35,938,30.6,23.999901693353657,Core_ZN,4949.062632792737,0.8248437721321228,449.7119834615283,,,23.999901693353657,23.99982812186053,23.999908180956865,23.999870916402003,23.999909397384876
sensor,1979-06-21 12:45,939,30.6,23.999923529253337,Core_ZN,4940.0197399170165,0.8233366233195027,450.5353200848478,,,23.999923529253337,23.999878492187428,23.99993577753737,23.99990867966042,23.999936944547613
sensor,1979-06-21 12:50,940,30.6,23.999886635259596,Core_ZN,4935.475931351501,0.8225793218919166,451.3578994067397,,,23.999886635259596,23.999825663019692,23.99991683763823,23.999867380469173,23.999918759109075
sensor,1979-06-21 12:60,941,30.6,23.999899732621195,Core_ZN,4931.847693649443,0.8219746156082404,452.1798740223479,,,23.999899732621195,23.999848439335317,23.999928743012283,23.999886199302978,23.99993474726263
sensor,1979-06-21 13:10,942,30.6,23.99989548004355,Core_ZN,4940.815813696016,0.8234693022826693,453.0033433246306,,,23.99989548004355,23.999853973783516,23.999926829308986,23.999887010656067,23.999932356027564
sensor,1979-06-21 13:20,943,30.6,23.999897722132975,Core_ZN,4956.339763199192,0.8260566271998653,453.82939995183045,,,23.999897722132975,23.999869166221934,23.999926580295195,23.99989565884456,23.999929975801635
sensor,1979-06-21 13:30,944,30.6,23.999906484265544,Core_ZN,4976.613945691255,0.8294356576152092,454.65883560944565,,,23.999906484265544,23.99988404292552,23.99992663671612,23.999904653954026,23.99992541747077
sensor,1979-06-21 13:40,945,30.6,23.999910586769282,Core_ZN,4995.457123246642,0.8325761872077737,455.49141179665344,,,23.999910586769282,23.999896780800814,23.999926575315577,23.99991244927492,23.999919381377836
sensor,1979-06-21 13:50,946,30.6,23.999913225562697,Core_ZN,5015.10509574188,0.8358508492903134,456.32726264594373,,,23.999913225562697,23.99990779086626,23.999926407266184,23.999919166583478,23.999912866870737
sensor,1979-06-21 13:60,947,30.6,23.999915194441698,Core_ZN,5039.064442407801,0.8398440737346334,457.1671067196784,,,23.999915194441698,23.999917178373824,23.999926100245485,23.999924777661995,23.999906064446733
sensor,1979-06-21 14:10,948,30.6,23.999934675730422,Core_ZN,5057.665164906785,0.8429441941511309,458.0100509138295,,,23.999934675730422,23.999937910087766,23.999937856333613,23.999944261217866,23.999910652027616
sensor,1979-06-21 14:25,949,30.6,23.999953181116958,Core_ZN,5073.764131916134,0.8456273553193556,458.8556782691489,,,23.999953181116958,23.999946033669275,23.999957335739154,23.999950331740585,23.999883512911545
sensor,1979-06-21 14:35,950,30.6,23.999952497874702,Core_ZN,5087.79726479684,0.8479662107994732,459.70364447994837,,,23.999952497874702,23.99993597719184,23.999954293357263,23.99994379802209,23.99989396359419
sensor,1979-06-21 14:45,951,30.6,23.999949933033992,Core_ZN,5103.74121930228,0.8506235365503799,460.5542680164987,,,23.999949933033992,23.99992896777579,23.99995164488397,23.999937953435506,23.999885955369145
sensor,1979-06-21 14:55,952,30.6,23.999947493795545,Core_ZN,5119.99339290585,0.853332232150975,461.4076002486497,,,23.999947493795545,23.999923249577222,23.99994948278853,23.999933012669803,23.99987591958532
sensor,1979-06-21 14:65,953,30.6,23.999945372875015,Core_ZN,5136.017179366934,0.8560028632278224,462.26360311187756,,,23.999945372875015,23.999918412899163,23.99994787684691,23.999928941879944,23.9998665767789
sensor,1979-06-21 15:15,954,30.500000000000004,23.999945016320694,Core_ZN,5132.67332782585,0.8554455546376416,463.1190486665152,,,23.999945016320694,23.999917326905226,23.999947822456924,23.999928087612005,23.999860951175833
sensor,1979-06-21 15:25,955,30.400000000000002,23.9999440942668,Core_ZN,5125.648925834217,0.8542748209723695,463.97332348748756,,,23.9999440942668,23.999916530873257,23.999947947078923,23.99992750548633,23.999857973924755
sensor,1979-06-21 15:35,956,30.3,23.99994373718961,Core_ZN,5116.884936562718,0.8528141560937864,464.8261376435814,,,23.99994373718961,23.99991598795185,23.99994823893222,23.999927161768895,23.99985609754775
sensor,1979-06-21 15:45,957,30.200000000000003,23.999943525231053,Core_ZN,5101.364649162159,0.8502274415270265,465.6763650851084,,,23.999943525231053,23.99991605680129,23.999948801755906,23.99992730326669,23.999856952803945
sensor,1979-06-21 15:53,958,30.099999999999998,23.999953307766642,Core_ZN,5081.538479530445,0.8469230799217409,466.5232881650301,,,23.999953307766642,23.99992601505175,23.999949565601906,23.999935033435868,23.999851243741965
sensor,1979-06-21 15:63,959,30.0,23.999958287946818,Core_ZN,5060.647403171962,0.8434412338619937,467.3667293988921,,,23.999958287946818,23.9999361168545,23.999960003538362,23.999944826203887,23.999884834712496
sensor,1979-06-21 16:13,960,29.9,23.999972051892968,Core_ZN,4922.218332221691,0.8203697220369485,468.1870991209291,,,23.999972051892968,23.999953885312383,23.999973991568044,23.999961051580662,23.999913785403116
sensor,1979-06-21 16:23,961,29.800000000000004,23.999976322570802,Core_ZN,4882.17036535893,0.813695060893155,469.00079418182224,,,23.999976322570802,23.99995807024206,23.99997732955125,23.99996479600156,23.999922800877698
sensor,1979-06-21 16:33,962,29.7,23.999977842233246,Core_ZN,4848.083062686125,0.8080138437810209,469.80880802560324,,,23.999977842233246,23.999960456499508,23.999978950071913,23.99996679983203,23.9999279306861
sensor,1979-06-21 16:43,963,29.6,23.999978874697142,Core_ZN,4802.037582311021,0.8003395970518368,470.6091476226551,,,23.999978874697142,23.999962810162888,23.99998037004699,23.99996869828267,23.9999359860668
sensor,1979-06-21 16:53,964,29.5,23.999979745031602,Core_ZN,4759.689505374099,0.7932815842290164,471.4024292068841,,,23.999979745031602,23.999964615361634,23.999981457289888,23.99996998257349,23.999942317732664
sensor,1979-06-21 16:63,965,29.4,23.99998047521162,Core_ZN,4721.982404144759,0.7869970673574598,472.18942627424155,,,23.99998047521162,23.99996595758016,23.999982354357975,23.999970084485014,23.99994800710713
sensor,1979-06-21 17:12,966,29.316666666666666,24.342565751475256,Core_ZN,4.038461538461539e-09,6.730769230769232e-13,472.18942627424224,,,24.342565751475256,24.699693229229585,24.82650967944489,24.652062240417052,25.486476136325134
sensor,1979-06-21 17:23,967,29.233333333333334,24.70156601518659,Core_ZN,4.038461538461539e-09,6.730769230769232e-13,472.1894262742429,,,24.70156601518659,25.298743592971995,25.487077391542837,25.24326714922304,26.58736942860015
sensor,1979-06-21 17:33,968,29.15,24.84324967817167,Core_ZN,4.038461538461539e-09,6.730769230769232e-13,472.1894262742436,,,24.84324967817167,25.523127616255795,25.714432758328947,25.490518102742172,26.99751777654872
sensor,1979-06-21 17:43,969,29.066666666666666,24.909950140539138,Core_ZN,4.038461538461539e-09,6.730769230769232e-13,472.1894262742443,,,24.909950140539138,25.619835630663488,25.812510760010692,25.618756031742702,27.1515595485072
sensor,1979-06-21 17:53,970,28.98333333333333,24.9553134944924,Core_ZN,772.4121701570845,0.12873536169284738,472.31816163593714,,,24.9553134944924,25.672386053992483,25.87037823456911,25.702670551448435,27.15901397021358
sensor,1979-06-21 17:63,971,28.9,24.99218746452295,Core_ZN,583.332547084353,0.0972220911807255,472.41538372711784,,,24.99218746452295,25.707249668785288,25.912760571743302,25.76284933273294,26.742457239711783
sensor,1979-06-21 18:13,972,28.716666666666665,25.020852596968176,Core_ZN,570.8890253175626,0.09514817088626044,472.5105318980041,,,25.020852596968176,25.727248658699523,25.941650483357517,25.79547156994675,26.704317759676012
sensor,1979-06-21 18:23,973,28.533333333333335,25.043035931147074,Core_ZN,4.038461538461539e-09,6.730769230769232e-13,472.5105318980048,,,25.043035931147074,25.737931328062466,25.96230030646133,25.81411530009462,26.906223253298805
sensor,1979-06-21 18:33,974,28.35,25.06054306201604,Core_ZN,4.038461538461539e-09,6.730769230769232e-13,472.51053189800547,,,25.06054306201604,25.742757876695336,25.9776565024147,25.82379188195648,27.01129428327799
sensor,1979-06-21 18:43,975,28.166666666666664,25.07437835186434,Core_ZN,4.038461538461539e-09,6.730769230769232e-13,472.51053189800615,,,25.07437835186434,25.742836296984585,25.98840983486147,25.827254066948036,27.006698575520502
sensor,1979-06-21 18:53,976,27.983333333333334,25.085106310118228,Core_ZN,4.038461538461539e-09,6.730769230769232e-13,472.51053189800683,,,25.085106310118228,25.738891871675555,25.995035268727875,25.826335780642694,26.97082773018346
sensor,1979-06-21 18:65,977,27.8,25.09341603985949,Core_ZN,4.038461538461539e-09,6.730769230769232e-13,472.5105318980075,,,25.09341603985949,25.73099659739787,25.99796413706496,25.816522882150466,26.90906271258709
sensor,1979-06-21 19:15,978,27.516666666666666,25.094756987323237,Core_ZN,4.038461538461539e-09,6.730769230769232e-13,472.5105318980082,,,25.094756987323237,25.716895649272484,25.992284982892333,25.791606040184618,26.826916083017863
sensor,1979-06-21 19:23,979,27.233333333333334,25.09133434913592,Core_ZN,4.038461538461539e-09,6.730769230769232e-13,472.5105318980089,,,25.09133434913592,25.697577807872683,25.980470202001076,25.75592331034224,26.736078201065734
sensor,1979-06-21 19:33,980,26.950000000000003,25.08364958874187,Core_ZN,4.038461538461539e-09,6.730769230769232e-13,472.51053189800956,,,25.08364958874187,25.66881968504937,25.959932652540182,25.702167067191837,26.61687604271059
sensor,1979-06-21 19:43,981,26.666666666666664,25.072265405221824,Core_ZN,4.038461538461539e-09,6.730769230769232e-13,472.51053189801024,,,25.072265405221824,25.638681922986333,25.937152930729845,25.652578954191895,26.513941477755544
sensor,1979-06-21 19:55,982,26.383333333333336,25.05715359558764,Core_ZN,4.038461538461539e-09,6.730769230769232e-13,472.5105318980109,,,25.05715359558764,25.607097142248463,25.91265085596877,25.60852472016655,26.428298315675043
sensor,1979-06-21 19:65,983,26.1,25.041345156384164,Core_ZN,4.038461538461539e-09,6.730769230769232e-13,472.5105318980116,,,25.041345156384164,25.577344433635332,25.88836346822127,25.571977806660158,26.3623617976341
sensor,1979-06-21 20:15,984,25.81666666666667,25.024383297601446,Core_ZN,4.038461538461539e-09,6.730769230769232e-13,472.5105318980123,,,25.024383297601446,25.548442940125945,25.863459024509176,25.53869381079472,26.304744318552324
sensor,1979-06-21 20:25,985,25.533333333333335,25.00700459082354,Core_ZN,4.038461538461539e-09,6.730769230769232e-13,472.51053189801297,,,25.00700459082354,25.520305163569546,25.838421309009355,25.50752731609539,26.25307837901297
sensor,1979-06-21 20:35,986,25.25,24.988419551832965,Core_ZN,4.038461538461539e-09,6.730769230769232e-13,472.51053189801365,,,24.988419551832965,25.492448944493113,25.813109877449335,25.477664542568846,26.20580746961547
sensor,1979-06-21 20:45,987,24.96666666666667,24.968367816800768,Core_ZN,4.038461538461539e-09,6.730769230769232e-13,472.51053189801434,,,24.968367816800768,25.464573367481986,25.787373419319117,25.448643143918126,26.161866437270852
sensor,1979-06-21 20:55,988,24.68333333333333,24.94680209235809,Core_ZN,4.038461538461539e-09,6.730769230769232e-13,472.510531898015,,,24.94680209235809,25.436492983698592,25.761118086605027,25.42015344466808,26.120472515855717
sensor,1979-06-21 20:65,989,24.4,24.924626739758672,Core_ZN,4.038461538461539e-09,6.730769230769232e-13,472.5105318980157,,,24.924626739758672,25.408081285331022,25.73427243930695,25.39196381088437,26.081010793521763
sensor,1979-06-21 21:15,990,24.133333333333333,24.902689211961356,Core_ZN,4.038461538461539e-09,6.730769230769232e-13,472.5105318980164,,,24.902689211961356,25.37986409472332,25.70741972270344,25.36447557345443,26.04362243049546
sensor,1979-06-21 21:25,991,23.866666666666667,24.879514513634604,Core_ZN,4.038461538461539e-09,6.730769230769232e-13,472.51053189801706,,,24.879514513634604,25.35158714148294,25.68029227077917,25.337368778526304,26.00770333030527
sensor,1979-06-21 21:35,992,23.6,24.85644426081169,Core_ZN,4.038461538461539e-09,6.730769230769232e-13,472.51053189801775,,,24.85644426081169,25.322938307829435,25.65260766039186,25.31027555632835,25.972633851076473
sensor,1979-06-21 21:45,993,23.333333333333336,24.83332325403781,Core_ZN,4.038461538461539e-09,6.730769230769232e-13,472.5105318980184,,,24.83332325403781,25.293747741142006,25.624242411521923,25.28296934124202,25.938007088279647
sensor,1979-06-21 21:55,994,23.066666666666666,24.809811040871775,Core_ZN,4.038461538461539e-09,6.730769230769232e-13,472.5105318980191,,,24.809811040871775,25.263939885107572,25.595142447615288,25.25536021555981,25.903540966928034
sensor,1979-06-21 21:65,995,22.8,24.786043934973684,Core_ZN,4.038461538461539e-09,6.730769230769232e-13,472.5105318980198,,,24.786043934973684,25.233539499975265,25.565267023010453,25.227408648232533,25.868992416343012
sensor,1979-06-21 22:15,996,22.516666666666666,24.761393817292337,Core_ZN,4.038461538461539e-09,6.730769230769232e-13,472.5105318980205,,,24.761393817292337,25.201728618421676,25.533842599988382,25.19835533850503,25.833365152011293
sensor,1979-06-21 22:25,997,22.233333333333334,24.735943011826258,Core_ZN,4.038461538461539e-09,6.730769230769232e-13,472.51053189802116,,,24.735943011826258,25.168740743154043,25.50112292210533,25.168365636557883,25.79670998636442
sensor,1979-06-21 22:35,998,21.950000000000003,24.70982460498564,Core_ZN,4.038461538461539e-09,6.730769230769232e-13,472.51053189802184,,,24.70982460498564,25.134771874507614,25.46728077111844,25.137585151761748,25.7588211506094
sensor,1979-06-21 22:45,999,21.666666666666668,24.683049008732446,Core_ZN,4.038461538461539e-09,6.730769230769232e-13,472.5105318980225,,,24.683049008732446,25.09982146987223,25.432297442429437,25.10600063742221,25.719869871226834
sensor,1979-06-21 22:55,1000,21.383333333333336,24.65557827706339,Core_ZN,4.038461538461539e-09,6.730769230769232e-13,472.5105318980232,,,24.65557827706339,25.063797900777743,25.39606335678615,25.073539209435403,25.68109019722722
sensor,1979-06-21 22:65,1001,21.1,24.62734840638833,Core_ZN,4.038461538461539e-09,6.730769230769232e-13,472.5105318980239,,,24.62734840638833,25.02648410577818,25.358318068300857,25.040076838789638,25.642486197406214
sensor,1979-06-21 23:15,1002,20.81666666666667,24.598315442648627,Core_ZN,4.038461538461539e-09,6.730769230769232e-13,472.51053189802457,,,24.598315442648627,24.987255474389492,25.318549865911166,25.005315040899514,25.60376460901959
sensor,1979-06-21 23:25,1003,20.533333333333335,24.568019198580856,Core_ZN,4.038461538461539e-09,6.730769230769232e-13,472.51053189802525,,,24.568019198580856,24.947418705485475,25.278270643126596,24.96872751547061,25.56479211307071
sensor,1979-06-21 23:35,1004,20.25,24.536652172235204,Core_ZN,4.038461538461539e-09,6.730769230769232e-13,472.51053189802593,,,24.536652172235204,24.907882240290768,25.23807346146478,24.931570958265226,25.52552162049993
sensor,1979-06-21 23:45,1005,19.96666666666667,24.503768693412532,Core_ZN,4.038461538461539e-09,6.730769230769232e-13,472.5105318980266,,,24.503768693412532,24.868431888657554,25.19778049550147,24.894637391770587,25.485842042087015
sensor,1979-06-21 23:55,1006,19.683333333333334,24.469216218732598,Core_ZN,4.038461538461539e-09,6.730769230769232e-13,472.5105318980273,,,24.469216218732598,24.828905080157732,25.157149302272465,24.857809084047872,25.44567946990612
sensor,1979-06-21 23:65,1007,19.4,24.43494829783541,Core_ZN,4.038461538461539e-09,6.730769230769232e-13,472.510531898028,,,24.43494829783541,24.789147528930354,25.115968722055037,24.820889400811158,25.40498920598077
sensor,1979-06-22 00:15,1008,19.133333333333333,24.402024385722548,Core_ZN,4.038461538461539e-09,6.730769230769232e-13,472.51053189802866,,,24.402024385722548,24.749697128402087,25.075264648707893,24.78441252832678,25.36442626476824
sensor,1979-06-22 00:20,1009,18.866666666666667,24.363328556424054,Core_ZN,4.038461538461539e-09,6.730769230769232e-13,472.51053189802934,,,24.363328556424054,24.702337541887967,25.026666602212877,24.74041694565516,25.315535718495017
sensor,1979-06-22 00:30,1010,18.6,24.331900797283133,Core_ZN,4.038461538461539e-09,6.730769230769232e-13,472.51053189803,,,24.331900797283133,24.66295708764214,24.985947363253548,24.703629730063607,25.27405330109162
sensor,1979-06-22 00:40,1011,18.333333333333336,24.300630098229327,Core_ZN,4.038461538461539e-09,6.730769230769232e-13,472.5105318980307,,,24.300630098229327,24.623357082757643,24.94485289670938,24.6666749712304,25.23189830765818
sensor,1979-06-22 00:50,1012,18.066666666666666,24.26937079666629,Core_ZN,4.038461538461539e-09,6.730769230769232e-13,472.5105318980314,,,24.26937079666629,24.58344666191266,24.90329887469311,24.629470948849793,25.18896172702895
sensor,1979-06-22 00:60,1013,17.8,24.238024419404,Core_ZN,4.038461538461539e-09,6.730769230769232e-13,472.51053189803207,,,24.238024419404,24.54316763571806,24.861195133807428,24.591952281293498,25.145312622214977
sensor,1979-06-22 01:10,1014,17.8,24.218563946626514,Core_ZN,4.038461538461539e-09,6.730769230769232e-13,472.51053189803275,,,24.218563946626514,24.516361355290805,24.832958926368324,24.56709629189338,25.11564628316214
sensor,1979-06-22 01:20,1015,17.800000000000004,24.203536745688908,Core_ZN,4.038461538461539e-09,6.730769230769232e-13,472.51053189803343,,,24.203536745688908,24.49375362654192,24.808892123994976,24.546277059455523,25.090006678602315
sensor,1979-06-22 01:30,1016,17.8,24.190459908828558,Core_ZN,4.038461538461539e-09,6.730769230769232e-13,472.5105318980341,,,24.190459908828558,24.472958534953225,24.786565166407136,24.52715853505063,25.06603507438543
sensor,1979-06-22 01:40,1017,17.8,24.178365279410936,Core_ZN,4.038461538461539e-09,6.730769230769232e-13,472.5105318980348,,,24.178365279410936,24.453150449275906,24.765174593858237,24.509257184306993,25.042952788211693
sensor,1979-06-22 01:50,1018,17.8,24.16684466847446,Core_ZN,4.038461538461539e-09,6.730769230769232e-13,472.5105318980355,,,24.16684466847446,24.433626963110598,24.744407134004252,24.491767611953982,25.02045757715228
sensor,1979-06-22 01:60,1019,17.8,24.155700321474388,Core_ZN,4.038461538461539e-09,6.730769230769232e-13,472.51053189803616,,,24.155700321474388,24.414766798969175,24.724102895513493,24.474586359894356,24.998395018107097
sensor,1979-06-22 02:10,1020,17.7,24.140286342349498,Core_ZN,4.038461538461539e-09,6.730769230769232e-13,472.51053189803685,,,24.140286342349498,24.391011763965814,24.69856455395964,24.45264729422287,24.971015124695583
sensor,1979-06-22 02:20,1021,17.6,24.123285661364246,Core_ZN,4.038461538461539e-09,6.730769230769232e-13,472.5105318980375,,,24.123285661364246,24.36587658119564,24.67165841994339,24.429299488795916,24.942224998723216
sensor,1979-06-22 02:30,1022,17.5,24.10555631922,Core_ZN,4.038461538461539e-09,6.730769230769232e-13,472.5105318980382,,,24.10555631922,24.34013019465233,24.644168287191246,24.405309930917088,24.912802851763118
sensor,1979-06-22 02:40,1023,17.4,24.0874135819567,Core_ZN,4.038461538461539e-09,6.730769230769232e-13,472.5105318980389,,,24.0874135819567,24.31400774684695,24.616320439211474,24.380917202229455,24.882975566343003
sensor,1979-06-22 02:50,1024,17.3,24.068974121632234,Core_ZN,4.038461538461539e-09,6.730769230769232e-13,472.5105318980396,,,24.068974121632234,24.28758505554841,24.588182533157205,24.356200146394055,24.852810958031217
sensor,1979-06-22 02:60,1025,17.2,24.050281967420613,Core_ZN,4.038461538461539e-09,6.730769230769232e-13,472.51053189804026,,,24.050281967420613,24.260889030377932,24.559776651986958,24.331187694228287,24.82232948566489
sensor,1979-06-22 03:10,1026,17.016666666666666,24.027726589375686,Core_ZN,4.038461538461539e-09,6.730769230769232e-13,472.51053189804094,,,24.027726589375686,24.23052349913973,24.527540557659616,24.30270324027515,24.788062368409435
sensor,1979-06-22 03:20,1027,16.833333333333336,24.003574275170397,Core_ZN,4.038461538461539e-09,6.730769230769232e-13,472.5105318980416,,,24.003574275170397,24.19883711543645,24.49401854662088,24.27293838643395,24.75239847845398
sensor,1979-06-22 03:30,1028,16.65,23.978564157351734,Core_ZN,4.038461538461539e-09,6.730769230769232e-13,472.5105318980423,,,23.978564157351734,24.166428470806625,24.459802982537155,24.242469929085097,24.716062685141104
sensor,1979-06-22 03:40,1029,16.46666666666667,23.952982932102163,Core_ZN,4.038461538461539e-09,6.730769230769232e-13,472.510531898043,,,23.952982932102163,24.133504935101254,24.425088071149574,24.211499555970068,24.679320554603738
sensor,1979-06-22 03:50,1030,16.283333333333335,23.926948055996156,Core_ZN,4.038461538461539e-09,6.730769230769232e-13,472.51053189804367,,,23.926948055996156,24.100153280140614,24.389951648236213,24.180110264822346,24.642234989007893
sensor,1979-06-22 03:60,1031,16.1,23.900513554439062,Core_ZN,4.038461538461539e-09,6.730769230769232e-13,472.51053189804435,,,23.900513554439062,24.06642094394753,24.35443614832743,24.148345495888027,24.604831120030873
sensor,1979-06-22 04:10,1032,16.016666666666666,23.87798449320448,Core_ZN,4.038461538461539e-09,6.730769230769232e-13,472.51053189804503,,,23.87798449320448,24.036472628164177,24.32286492095471,24.120076202175415,24.57129101958128
sensor,1979-06-22 04:20,1033,15.933333333333335,23.857869040623076,Core_ZN,4.038461538461539e-09,6.730769230769232e-13,472.5105318980457,,,23.857869040623076,24.00743926237806,24.292143346183906,24.092648792897304,24.538604031625695
sensor,1979-06-22 04:30,1034,15.850000000000001,23.838198976445213,Core_ZN,4.038461538461539e-09,6.730769230769232e-13,472.5105318980464,,,23.838198976445213,23.990030045702493,24.348695636938864,24.11824793053835,24.51641611883156
sensor,1979-06-22 04:40,1035,15.766666666666666,23.821187515889267,Core_ZN,4.038461538461539e-09,6.730769230769232e-13,472.5105318980471,,,23.821187515889267,23.975810063242427,24.43067592537113,24.154489927112543,24.496524708809662
sensor,1979-06-22 04:50,1036,15.683333333333334,23.807720142540838,Core_ZN,4.038461538461539e-09,6.730769230769232e-13,472.51053189804776,,,23.807720142540838,23.966844654319825,24.553566169227842,24.208459726432512,24.48169976586905
sensor,1979-06-22 04:60,1037,15.6,23.797699817833703,Core_ZN,4.038461538461539e-09,6.730769230769232e-13,472.51053189804844,,,23.797699817833703,23.963245660172227,24.671604443902968,24.256238038891606,24.469793934423066
sensor,1979-06-22 05:10,1038,16.05,23.81390588222641,Core_ZN,4.038461538461539e-09,6.730769230769232e-13,472.5105318980491,,,23.81390588222641,23.988248653392777,24.824014392639658,24.323335728713417,24.48865344802417
sensor,1979-06-22 05:25,1039,16.5,23.833908381951733,Core_ZN,4.038461538461539e-09,6.730769230769232e-13,472.5105318980498,,,23.833908381951733,24.018776714405682,24.96430955617163,24.38074537210163,24.512338398781566
sensor,1979-06-22 05:35,1040,16.95,23.863701583428977,Core_ZN,4.038461538461539e-09,6.730769230769232e-13,472.5105318980505,,,23.863701583428977,24.063018603554305,25.154894874392102,24.451867398382998,24.54627084734545
sensor,1979-06-22 05:43,1041,17.4,23.894780448516492,Core_ZN,4.038461538461539e-09,6.730769230769232e-13,472.51053189805117,,,23.894780448516492,24.109580239712123,25.333072844989424,24.511887412207358,24.581436836331342
sensor,1979-06-22 05:53,1042,17.85,23.930695258325095,Core_ZN,4.038461538461539e-09,6.730769230769232e-13,472.51053189805185,,,23.930695258325095,24.164053230809287,25.52515598237692,24.572471095493476,24.622026119931153
sensor,1979-06-22 05:63,1043,18.3,23.968453977411478,Core_ZN,4.038461538461539e-09,6.730769230769232e-13,472.51053189805253,,,23.968453977411478,24.221961167699135,25.721195064763847,24.62945014675076,24.664552836694742
sensor,1979-06-22 06:13,1044,18.683333333333337,24.00552090015674,Core_ZN,4.038461538461539e-09,6.730769230769232e-13,472.5105318980532,,,24.00552090015674,24.279983322504982,25.912158920192965,24.674762765713947,24.706138827399187
sensor,1979-06-22 06:23,1045,19.06666666666667,24.041949331492255,Core_ZN,4.038461538461539e-09,6.730769230769232e-13,472.5105318980539,,,24.041949331492255,24.33873697150507,26.097622304767697,24.70897085362233,24.746971742472077
sensor,1979-06-22 06:33,1046,19.450000000000003,24.076864941890225,Core_ZN,4.038461538461539e-09,6.730769230769232e-13,472.5105318980546,,,24.076864941890225,24.397140816382354,26.27174898856201,24.735525246928958,24.786893774116646
sensor,1979-06-22 06:43,1047,19.833333333333336,24.113149742269187,Core_ZN,4.038461538461539e-09,6.730769230769232e-13,472.51053189805526,,,24.113149742269187,24.46085259594377,26.452305490700546,24.758937482464155,24.830585356786333
sensor,1979-06-22 06:53,1048,20.21666666666667,24.14939812535181,Core_ZN,4.038461538461539e-09,6.730769230769232e-13,472.51053189805594,,,24.14939812535181,24.527388024320928,26.62693397217225,24.780069405041175,24.87668577594345
sensor,1979-06-22 06:63,1049,20.6,24.186327255025805,Core_ZN,4.038461538461539e-09,6.730769230769232e-13,472.5105318980566,,,24.186327255025805,24.596366534085245,26.79042597604201,24.803388289167383,24.92487814213229
sensor,1979-06-22 07:13,1050,20.866666666666667,24.222066676184056,Core_ZN,4.038461538461539e-09,6.730769230769232e-13,472.5105318980573,,,24.222066676184056,24.664447251139656,26.946055017266215,24.833714551552152,24.971866678765192
sensor,1979-06-22 07:22,1051,21.133333333333336,24.25485796319788,Core_ZN,4.038461538461539e-09,6.730769230769232e-13,472.510531898058,,,24.25485796319788,24.730141850007964,27.094694927286195,24.869021549153228,25.016561416218767
sensor,1979-06-22 07:32,1052,21.4,24.287134128327487,Core_ZN,605.6897011459681,0.10094828352432801,472.6114801815823,,,24.287134128327487,24.794543955977026,27.060503042789257,24.908590607449092,25.062554057054054
sensor,1979-06-22 07:42,1053,21.666666666666668,24.319034430744054,Core_ZN,579.0485882201159,0.09650809803668599,472.707988279619,,,24.319034430744054,24.85435540250894,26.714379221038396,24.948571106962095,25.107107901371087
sensor,1979-06-22 07:52,1054,21.933333333333334,24.350609939859584,Core_ZN,577.973250360183,0.09632887506003049,472.804317154679,,,24.350609939859584,24.909337430864653,26.700565485484418,24.98752121625625,25.150655996853278
sensor,1979-06-22 07:62,1055,22.2,24.38231376977093,Core_ZN,4.038461538461539e-09,6.730769230769232e-13,472.80431715467967,,,24.38231376977093,24.961256245853207,26.99108581478009,25.02612036032207,25.19550536988267
sensor,1979-06-22 08:12,1056,22.3,24.406560897924983,Core_ZN,417.673905190415,0.06961231753173583,472.8739294722114,,,24.406560897924983,25.00314863802314,27.255157417413187,25.057496776091696,25.23440066042349
sensor,1979-06-22 08:23,1057,22.4,24.425417319285675,Core_ZN,568.1276127861831,0.09468793546436385,472.96861740767577,,,24.425417319285675,25.038187703109827,26.725136652704286,25.083447258117246,25.268076632532726
sensor,1979-06-22 08:33,1058,22.5,24.44045966414944,Core_ZN,557.8967384966617,0.0929827897494436,473.0616001974252,,,24.44045966414944,25.067275635758257,26.702560073989947,25.105227767800677,25.296651201590784
sensor,1979-06-22 08:45,1059,22.6,24.45429149115568,Core_ZN,4.038461538461539e-09,6.730769230769232e-13,473.0616001974259,,,24.45429149115568,25.09646274288653,26.927583828192237,25.127377236905026,25.325900164908656
sensor,1979-06-22 08:53,1060,22.7,24.46496253248344,Core_ZN,4.038461538461539e-09,6.730769230769232e-13,473.06160019742657,,,24.46496253248344,25.121182980551527,27.09828816220958,25.14632963543181,25.35065909270181
sensor,1979-06-22 08:63,1061,22.8,24.476168521111227,Core_ZN,4.038461538461539e-09,6.730769230769232e-13,473.06160019742725,,,24.476168521111227,25.14929881497613,27.196732968936264,25.166447984184824,25.377103539631694
sensor,1979-06-22 09:12,1062,22.883333333333333,24.486470873504587,Core_ZN,566.6196307002747,0.09443660511671244,473.15603680254395,,,24.486470873504587,25.176707567898596,26.716501638774144,25.185216962202716,25.400795196582443
sensor,1979-06-22 09:23,1063,22.96666666666667,24.496691872738936,Core_ZN,573.2387725674333,0.09553979542790554,473.25157659797185,,,24.496691872738936,25.205955017922072,26.700999062794246,25.204483647430113,25.42416107064587
sensor,1979-06-22 09:32,1064,23.05,24.506307175185174,Core_ZN,570.3763014371488,0.09506271690619146,473.346639314878,,,24.506307175185174,25.236356935265,26.700050805882483,25.223564336533865,25.44706081418296
sensor,1979-06-22 09:42,1065,23.133333333333333,24.51530488471593,Core_ZN,4.038461538461539e-09,6.730769230769232e-13,473.3466393148787,,,24.51530488471593,25.26311399891484,26.92409657336794,25.238613037010797,25.465772172847167
sensor,1979-06-22 09:53,1066,23.21666666666667,24.52380491489459,Core_ZN,4.038461538461539e-09,6.730769230769232e-13,473.3466393148794,,,24.52380491489459,25.28600041150694,27.078830946816794,25.249835705160102,25.480408182520303
sensor,1979-06-22 09:62,1067,23.3,24.531946871103628,Core_ZN,4.038461538461539e-09,6.730769230769232e-13,473.34663931488006,,,24.531946871103628,25.308779938556672,27.089898795289734,25.258954699525823,25.49245766653003
sensor,1979-06-22 10:12,1068,23.483333333333334,24.542651760564436,Core_ZN,4.038461538461539e-09,6.730769230769232e-13,473.34663931488075,,,24.542651760564436,25.33879710152272,27.043646688987515,25.270211975683242,25.505938358460824
sensor,1979-06-22 10:23,1069,23.666666666666668,24.55589079596985,Core_ZN,4.038461538461539e-09,6.730769230769232e-13,473.34663931488143,,,24.55589079596985,25.37760990566374,26.96861556606212,25.28430964693366,25.522530755979822
sensor,1979-06-22 10:33,1070,23.85,24.570090717247314,Core_ZN,4.038461538461539e-09,6.730769230769232e-13,473.3466393148821,,,24.570090717247314,25.422284484994673,26.87309878854863,25.29909096334668,25.540299883504122
sensor,1979-06-22 10:43,1071,24.03333333333333,24.58354431930008,Core_ZN,4.038461538461539e-09,6.730769230769232e-13,473.3466393148828,,,24.58354431930008,25.46561893964372,26.769819206634953,25.31250326596085,25.556797339273245
sensor,1979-06-22 10:55,1072,24.216666666666665,24.597791580288003,Core_ZN,4.038461538461539e-09,6.730769230769232e-13,473.3466393148835,,,24.597791580288003,25.511270028816,26.65914679365503,25.326295557648244,25.57412075078776
sensor,1979-06-22 10:65,1073,24.4,24.610951362472907,Core_ZN,4.038461538461539e-09,6.730769230769232e-13,473.34663931488416,,,24.610951362472907,25.552684002439126,26.5906244588495,25.338820188500954,25.590121186236267
sensor,1979-06-22 11:15,1074,24.316666666666666,24.615301443539856,Core_ZN,4.038461538461539e-09,6.730769230769232e-13,473.34663931488484,,,24.615301443539856,25.5802444486138,26.538553319412667,25.341844242574687,25.595639300936682
sensor,1979-06-22 11:25,1075,24.233333333333334,24.61445133713125,Core_ZN,4.038461538461539e-09,6.730769230769232e-13,473.3466393148855,,,24.61445133713125,25.601500960767517,26.494878052657853,25.339463929321585,25.595302080818005
sensor,1979-06-22 11:35,1076,24.15,24.611648938594968,Core_ZN,4.038461538461539e-09,6.730769230769232e-13,473.3466393148862,,,24.611648938594968,25.61975422702114,26.457294309295563,25.33507402713608,25.59269869233176
sensor,1979-06-22 11:45,1077,24.066666666666666,24.60799298400776,Core_ZN,4.038461538461539e-09,6.730769230769232e-13,473.3466393148869,,,24.60799298400776,25.635764862664132,26.425693576979018,25.3311201161973,25.59030145758964
sensor,1979-06-22 11:50,1078,23.983333333333334,24.60310963388281,Core_ZN,4.038461538461539e-09,6.730769230769232e-13,473.34663931488757,,,24.60310963388281,25.651700465884424,26.3935859133164,25.3271923683707,25.58788885350898
sensor,1979-06-22 11:60,1079,23.9,24.598871580412492,Core_ZN,4.038461538461539e-09,6.730769230769232e-13,473.34663931488825,,,24.598871580412492,25.666779708933017,26.372522266250293,25.32565641579316,25.58732321600724
sensor,1979-06-22 12:10,1080,23.8,24.59394762530267,Core_ZN,4.038461538461539e-09,6.730769230769232e-13,473.34663931488893,,,24.59394762530267,25.67882986824271,26.354500472446944,25.324850896536308,25.5871460748839
sensor,1979-06-22 12:20,1081,23.7,24.59000558304909,Core_ZN,4.038461538461539e-09,6.730769230769232e-13,473.3466393148896,,,24.59000558304909,25.687324756013485,26.339499242262615,25.324789132359506,25.587408205650064
sensor,1979-06-22 12:30,1082,23.6,24.585297981306176,Core_ZN,4.038461538461539e-09,6.730769230769232e-13,473.3466393148903,,,24.585297981306176,25.69262841749778,26.327333784124093,25.325449180992365,25.58827353900773
sensor,1979-06-22 12:40,1083,23.5,24.580375605875712,Core_ZN,4.038461538461539e-09,6.730769230769232e-13,473.346639314891,,,24.580375605875712,25.693805117049585,26.315214010951273,25.32437493649086,25.587115552344432
sensor,1979-06-22 12:50,1084,23.4,24.575326525088528,Core_ZN,4.038461538461539e-09,6.730769230769232e-13,473.34663931489166,,,24.575326525088528,25.690358375865227,26.30308796358074,25.321930533149278,25.5842904675717
sensor,1979-06-22 12:60,1085,23.3,24.57013706131104,Core_ZN,4.038461538461539e-09,6.730769230769232e-13,473.34663931489234,,,24.57013706131104,25.6819408557005,26.29105840187661,25.31852923236675,25.585301125146056
sensor,1979-06-22 13:10,1086,23.3,24.569096818815684,Core_ZN,4.038461538461539e-09,6.730769230769232e-13,473.346639314893,,,24.569096818815684,25.670721424277556,26.282293679665376,25.3172531300788,25.63948428867913
sensor,1979-06-22 13:20,1087,23.3,24.568489309605205,Core_ZN,4.038461538461539e-09,6.730769230769232e-13,473.3466393148937,,,24.568489309605205,25.655095277511844,26.275292062725484,25.31721156035509,25.729778819678515
sensor,1979-06-22 13:30,1088,23.3,24.569547550160443,Core_ZN,4.038461538461539e-09,6.730769230769232e-13,473.3466393148944,,,24.569547550160443,25.637857210200906,26.269043972296842,25.317772733263624,25.8479217813636
sensor,1979-06-22 13:40,1089,23.3,24.571618131351876,Core_ZN,4.038461538461539e-09,6.730769230769232e-13,473.34663931489507,,,24.571618131351876,25.619937408934167,26.265069860411327,25.32064517410034,25.985703724817927
sensor,1979-06-22 13:50,1090,23.3,24.574626032077628,Core_ZN,4.038461538461539e-09,6.730769230769232e-13,473.34663931489575,,,24.574626032077628,25.602610440731837,26.263990604580023,25.32694229225014,26.131150671833137
sensor,1979-06-22 13:65,1091,23.3,24.577803905728956,Core_ZN,4.038461538461539e-09,6.730769230769232e-13,473.34663931489644,,,24.577803905728956,25.59543709532539,26.264952921608334,25.33418144007984,26.251595138997672
sensor,1979-06-22 14:15,1092,23.3,24.582625651752238,Core_ZN,4.038461538461539e-09,6.730769230769232e-13,473.3466393148971,,,24.582625651752238,25.591199619037234,26.267405699672626,25.344838416444816,26.411903539418347
sensor,1979-06-22 14:25,1093,23.3,24.587899383550138,Core_ZN,4.038461538461539e-09,6.730769230769232e-13,473.3466393148978,,,24.587899383550138,25.593348821186947,26.27269764395944,25.359002851184634,26.576185931126346
sensor,1979-06-22 14:35,1094,23.3,24.594512416256816,Core_ZN,4.038461538461539e-09,6.730769230769232e-13,473.3466393148985,,,24.594512416256816,25.60028245904203,26.28073598670843,25.37643947818509,26.74015013665349
sensor,1979-06-22 14:45,1095,23.3,24.602440620532,Core_ZN,4.038461538461539e-09,6.730769230769232e-13,473.34663931489916,,,24.602440620532,25.606910840859506,26.28730549659887,25.39292673105019,26.911251193364148
sensor,1979-06-22 14:50,1096,23.3,24.61325217898173,Core_ZN,4.038461538461539e-09,6.730769230769232e-13,473.34663931489985,,,24.61325217898173,25.613992585888617,26.292982095110617,25.411239896041533,27.121722253690645
sensor,1979-06-22 14:60,1097,23.3,24.62319866162972,Core_ZN,4.038461538461539e-09,6.730769230769232e-13,473.34663931490053,,,24.62319866162972,25.621650380761867,26.296339173529756,25.426084243739,27.301852615944775
sensor,1979-06-22 15:15,1098,23.21666666666667,24.62884504219162,Core_ZN,636.6803581064346,0.1061133930177391,473.45275270791825,,,24.62884504219162,25.62404153764482,26.293604610894572,25.433645723591553,26.77567139079183
sensor,1979-06-22 15:25,1099,23.133333333333333,24.635108019387033,Core_ZN,622.6335679868548,0.10377226133114245,473.5565249692494,,,24.635108019387033,25.625917675736588,26.287813469370455,25.441395360381456,26.713590736814503
sensor,1979-06-22 15:35,1100,23.05,24.64046144986578,Core_ZN,629.8650849552159,0.10497751415920266,473.6615024834086,,,24.64046144986578,25.62691539037052,26.28001625668945,25.447331940609665,26.702368383073036
sensor,1979-06-22 15:43,1101,22.96666666666667,24.644665758783532,Core_ZN,4.038461538461539e-09,6.730769230769232e-13,473.66150248340927,,,24.644665758783532,25.62488560863249,26.26971947963862,25.449066214707457,27.18764850337373
sensor,1979-06-22 15:53,1102,22.883333333333333,24.64844985098556,Core_ZN,605.7443728009765,0.10095739546682941,473.7624598788761,,,24.64844985098556,25.61799432688883,26.254246996381166,25.445857482015462,26.721537946041167
sensor,1979-06-22 15:63,1103,22.8,24.651181243361425,Core_ZN,612.1037458031193,0.10201729096718655,473.86447716984327,,,24.651181243361425,25.6096248170954,26.23628221151352,25.44008305563987,26.701206646391125
sensor,1979-06-22 16:13,1104,22.516666666666666,24.646851145121243,Core_ZN,597.2588843374303,0.09954314738957172,473.96402031723284,,,24.646851145121243,25.593376771642955,26.20889357592876,25.426570524027152,26.700054927801958
sensor,1979-06-22 16:22,1105,22.233333333333334,24.636271941373163,Core_ZN,4.038461538461539e-09,6.730769230769232e-13,473.9640203172335,,,24.636271941373163,25.5694234111217,26.174994887212875,25.40546659301836,26.99602306027354
sensor,1979-06-22 16:32,1106,21.950000000000003,24.621715830084646,Core_ZN,4.038461538461539e-09,6.730769230769232e-13,473.9640203172342,,,24.621715830084646,25.53802298750293,26.13501554376595,25.377319245692885,27.15457275386136
sensor,1979-06-22 16:43,1107,21.666666666666668,24.603943384950405,Core_ZN,4.038461538461539e-09,6.730769230769232e-13,473.9640203172349,,,24.603943384950405,25.5025665093646,26.092604203328325,25.345691236208456,27.17163633847204
sensor,1979-06-22 16:53,1108,21.383333333333336,24.583877974781057,Core_ZN,800.4466939432317,0.13340778232387196,474.0974280995588,,,24.583877974781057,25.46915951424728,26.05287417629573,25.31656680567943,27.15933672127525
sensor,1979-06-22 16:63,1109,21.1,24.562536669586816,Core_ZN,571.3955602713277,0.09523259337855461,474.19266069293735,,,24.562536669586816,25.435785816382605,26.012574074459167,25.297207871948963,26.725013503989985
sensor,1979-06-22 17:13,1110,21.01666666666667,24.54693086462931,Core_ZN,577.8915794577888,0.0963152632429648,474.2889759561803,,,24.54693086462931,25.406513094134333,25.975850592663626,25.2958452313747,26.70249516106253
sensor,1979-06-22 17:23,1111,20.933333333333337,24.538712950882278,Core_ZN,4.038461538461539e-09,6.730769230769232e-13,474.288975956181,,,24.538712950882278,25.382749148518826,25.944158028067182,25.309914082247637,27.07576664002787
sensor,1979-06-22 17:33,1112,20.85,24.53527437197279,Core_ZN,580.5320784849803,0.09675534641416336,474.38573130259516,,,24.53527437197279,25.364189297648146,25.91609794188576,25.34181457361396,26.716520264008498
sensor,1979-06-22 17:43,1113,20.76666666666667,24.53580226100191,Core_ZN,594.4894660306772,0.09908157767177952,474.48481288026693,,,24.53580226100191,25.346816540135457,25.887913959784672,25.38101852688787,26.701588977527706
sensor,1979-06-22 17:53,1114,20.683333333333334,24.538644689318097,Core_ZN,584.761564680239,0.09746026078003983,474.582273141047,,,24.538644689318097,25.32467329399026,25.855755967578737,25.41340897281217,26.70014365948126
sensor,1979-06-22 17:63,1115,20.6,24.541854189316943,Core_ZN,4.038461538461539e-09,6.730769230769232e-13,474.58227314104766,,,24.541854189316943,25.30076273314988,25.824288251537965,25.4349599956077,27.035509341901484
sensor,1979-06-22 18:13,1116,20.21666666666667,24.535451325547,Core_ZN,575.6543961720986,0.09594239936201643,474.67821554040967,,,24.535451325547,25.26420312326004,25.78212807281657,25.439771936906162,27.02211246044728
sensor,1979-06-22 18:23,1117,19.833333333333336,24.51949163851709,Core_ZN,554.5747901223748,0.09242913168706246,474.77064467209675,,,24.51949163851709,25.217070700442974,25.732478601891884,25.429399102919458,26.718565305318847
sensor,1979-06-22 18:33,1118,19.450000000000003,24.497852186544662,Core_ZN,539.4151276738442,0.08990252127897402,474.86054719337574,,,24.497852186544662,25.164313471358668,25.68011961113982,25.408695136043537,26.701084827500598
sensor,1979-06-22 18:43,1119,19.066666666666666,24.471779988793088,Core_ZN,4.038461538461539e-09,6.730769230769232e-13,474.8605471933764,,,24.471779988793088,25.107874423202517,25.626610059001926,25.376198833597197,26.82122055961398
sensor,1979-06-22 18:53,1120,18.683333333333334,24.440829680399375,Core_ZN,4.038461538461539e-09,6.730769230769232e-13,474.8605471933771,,,24.440829680399375,25.04846266075873,25.571896852577424,25.32991444615688,26.842364267402935
sensor,1979-06-22 18:63,1121,18.3,24.40674873666041,Core_ZN,4.038461538461539e-09,6.730769230769232e-13,474.8605471933778,,,24.40674873666041,24.986278869999918,25.515187269090315,25.267677806366578,26.754478836575153
sensor,1979-06-22 19:13,1122,17.85,24.36903462807704,Core_ZN,4.038461538461539e-09,6.730769230769232e-13,474.86054719337847,,,24.36903462807704,24.919434376926077,25.454140966394853,25.187275746384575,26.611997066159883
sensor,1979-06-22 19:23,1123,17.4,24.32700164075257,Core_ZN,4.038461538461539e-09,6.730769230769232e-13,474.86054719337915,,,24.32700164075257,24.847988306561376,25.388897015619794,25.09020005492667,26.435171874445164
sensor,1979-06-22 19:33,1124,16.95,24.280746497527016,Core_ZN,4.038461538461539e-09,6.730769230769232e-13,474.86054719337983,,,24.280746497527016,24.76976597795315,25.31677443114233,24.961118698057525,26.2111529612272
sensor,1979-06-22 19:43,1125,16.5,24.230379686462022,Core_ZN,4.038461538461539e-09,6.730769230769232e-13,474.8605471933805,,,24.230379686462022,24.692007536647758,25.24389657725582,24.84228608352046,26.017237494350642
sensor,1979-06-22 19:53,1126,16.05,24.17556309976049,Core_ZN,4.038461538461539e-09,6.730769230769232e-13,474.8605471933812,,,24.17556309976049,24.61498773568394,25.169969290462546,24.742945906823728,25.862235256953923
sensor,1979-06-22 19:63,1127,15.6,24.122441187174196,Core_ZN,4.038461538461539e-09,6.730769230769232e-13,474.8605471933819,,,24.122441187174196,24.543569610095425,25.099665116753442,24.6595305525021,25.735531806594402
sensor,1979-06-22 20:13,1128,15.4,24.078036991492198,Core_ZN,4.038461538461539e-09,6.730769230769232e-13,474.86054719338256,,,24.078036991492198,24.48326727257552,25.03922345935232,24.59095627313419,25.631241403075343
sensor,1979-06-22 20:23,1129,15.2,24.0413315078192,Core_ZN,4.038461538461539e-09,6.730769230769232e-13,474.86054719338324,,,24.0413315078192,24.4307724759667,24.985616867713958,24.53236855717973,25.541787969060003
sensor,1979-06-22 20:35,1130,15.0,24.005132074873956,Core_ZN,4.038461538461539e-09,6.730769230769232e-13,474.8605471933839,,,24.005132074873956,24.378406923800924,24.93124238865214,24.47526698256607,25.45575976499058
sensor,1979-06-22 20:45,1131,14.8,23.973024072842854,Core_ZN,4.038461538461539e-09,6.730769230769232e-13,474.8605471933846,,,23.973024072842854,24.33192580498553,24.882272744915184,24.42575253477913,25.38268014027738
sensor,1979-06-22 20:55,1132,14.6,23.942059407652316,Core_ZN,4.038461538461539e-09,6.730769230769232e-13,474.8605471933853,,,23.942059407652316,24.286991898915666,24.83443657899747,24.37883746640841,25.314930341953904
sensor,1979-06-22 20:65,1133,14.4,23.911984456128515,Core_ZN,4.038461538461539e-09,6.730769230769232e-13,474.86054719338597,,,23.911984456128515,24.243229404572944,24.787447955818198,24.33396694546667,25.25149617722318
sensor,1979-06-22 21:15,1134,14.316666666666666,23.88688046166774,Core_ZN,4.038461538461539e-09,6.730769230769232e-13,474.86054719338665,,,23.88688046166774,24.20563487847037,24.7466238113988,24.295723356474504,25.197077826970443
sensor,1979-06-22 21:25,1135,14.233333333333334,23.863908488310717,Core_ZN,4.038461538461539e-09,6.730769230769232e-13,474.86054719338733,,,23.863908488310717,24.171537693897953,24.709047262571772,24.261467461908467,25.148227477727488
sensor,1979-06-22 21:30,1136,14.15,23.83862048730375,Core_ZN,4.038461538461539e-09,6.730769230769232e-13,474.860547193388,,,23.83862048730375,24.132875102584688,24.666078218450473,24.22314381914996,25.094229102095504
sensor,1979-06-22 21:40,1137,14.066666666666666,23.818913164543552,Core_ZN,4.038461538461539e-09,6.730769230769232e-13,474.8605471933887,,,23.818913164543552,24.101675861391858,24.63097070637942,24.192688085167287,25.05176268959785
sensor,1979-06-22 21:50,1138,13.983333333333334,23.799863954297276,Core_ZN,4.038461538461539e-09,6.730769230769232e-13,474.8605471933894,,,23.799863954297276,24.07123469716545,24.596505758017198,24.163285313520984,25.011219593364757
sensor,1979-06-22 21:60,1139,13.9,23.781279284026034,Core_ZN,4.038461538461539e-09,6.730769230769232e-13,474.86054719339006,,,23.781279284026034,24.041383550946655,24.562539703257812,24.134709503410235,24.972215540084107
sensor,1979-06-22 22:10,1140,13.716666666666667,23.758548443179134,Core_ZN,4.038461538461539e-09,6.730769230769232e-13,474.86054719339074,,,23.758548443179134,24.007710476617945,24.52443042058605,24.10263750777353,24.929891176933115
sensor,1979-06-22 22:20,1141,13.533333333333335,23.734525445614835,Core_ZN,4.038461538461539e-09,6.730769230769232e-13,474.8605471933914,,,23.734525445614835,23.973121038440823,24.485396988336632,24.069816043365943,24.887292383900633
sensor,1979-06-22 22:30,1142,13.350000000000001,23.70993886732141,Core_ZN,4.038461538461539e-09,6.730769230769232e-13,474.8605471933921,,,23.70993886732141,23.938151647007054,24.445961313442854,24.03674078515768,24.844830462444524
sensor,1979-06-22 22:40,1143,13.166666666666668,23.68500738329284,Core_ZN,4.038461538461539e-09,6.730769230769232e-13,474.8605471933928,,,23.68500738329284,23.902919954936454,24.406235064405692,24.003497376974742,24.80251175027168
sensor,1979-06-22 22:50,1144,12.983333333333334,23.659784959064364,Core_ZN,4.038461538461539e-09,6.730769230769232e-13,474.8605471933935,,,23.659784959064364,23.86743425848528,24.366226633629804,23.970067189617957,24.760251104967164
sensor,1979-06-22 22:60,1145,12.8,23.634274088373026,Core_ZN,4.038461538461539e-09,6.730769230769232e-13,474.86054719339415,,,23.634274088373026,23.83167671247427,24.32592169925936,23.936409749386588,24.71795545561332
sensor,1979-06-22 23:10,1146,12.8,23.683695782163255,Core_ZN,4.038461538461539e-09,6.730769230769232e-13,474.86054719339484,,,23.683695782163255,23.869186103258063,24.357288015187784,23.97567608553926,24.747771752758428
sensor,1979-06-22 23:20,1147,12.8,23.69569198824452,Core_ZN,4.038461538461539e-09,6.730769230769232e-13,474.8605471933955,,,23.69569198824452,23.867617769183653,24.348932596872285,23.975770191944658,24.738198631010263
sensor,1979-06-22 23:30,1148,12.8,23.696108148507744,Core_ZN,4.038461538461539e-09,6.730769230769232e-13,474.8605471933962,,,23.696108148507744,23.85705479295393,24.332534852289914,23.966553682009348,24.720419895488906
sensor,1979-06-22 23:40,1149,12.8,23.692294532603512,Core_ZN,4.038461538461539e-09,6.730769230769232e-13,474.8605471933969,,,23.692294532603512,23.84364684905046,24.313732018217113,23.954318346368563,24.70016732206904
sensor,1979-06-22 23:50,1150,12.8,23.68667772683735,Core_ZN,4.038461538461539e-09,6.730769230769232e-13,474.86054719339757,,,23.68667772683735,23.829199219779383,24.294176151546935,23.940922195591753,24.679053801262775
sensor,1979-06-22 23:60,1151,12.8,23.68009766946313,Core_ZN,4.038461538461539e-09,6.730769230769232e-13,474.86054719339825,,,23.68009766946313,23.81424758591609,24.27413182824417,23.92692287304868,24.657516812392707
sensor,1979-06-23 00:10,1152,12.700000000000001,23.66849196283233,Core_ZN,4.038461538461539e-09,6.730769230769232e-13,474.86054719339893,,,23.66849196283233,23.791464734721096,24.24628560037832,23.90560014890789,24.62824782191872
sensor,1979-06-23 00:20,1153,12.600000000000001,23.654810608169516,Core_ZN,4.038461538461539e-09,6.730769230769232e-13,474.8605471933996,,,23.654810608169516,23.766069836112635,24.21598043275436,23.881729232879508,24.5966030349712
sensor,1979-06-23 00:30,1154,12.5,23.639893659705542,Core_ZN,4.038461538461539e-09,6.730769230769232e-13,474.8605471934003,,,23.639893659705542,23.739247473554176,24.184378107231222,23.856444967780355,24.563654854112354
sensor,1979-06-23 00:40,1155,12.4,23.624057535804628,Core_ZN,4.038461538461539e-09,6.730769230769232e-13,474.860547193401,,,23.624057535804628,23.71137900699952,24.151803080989602,23.83011423386193,24.529729486905214
sensor,1979-06-23 00:50,1156,12.299999999999999,23.607443689836096,Core_ZN,4.038461538461539e-09,6.730769230769232e-13,474.86054719340166,,,23.607443689836096,23.68263270632012,24.118395414629767,23.802898216476294,24.494964871579807
sensor,1979-06-23 00:60,1157,12.2,23.59013246289622,Core_ZN,4.038461538461539e-09,6.730769230769232e-13,474.86054719340234,,,23.59013246289622,23.653109652791926,24.0842439687723,23.774893418953717,24.459445310848825
sensor,1979-06-23 01:10,1158,12.116666666666665,23.57291522706618,Core_ZN,4.038461538461539e-09,6.730769230769232e-13,474.860547193403,,,23.57291522706618,23.62480533443586,24.05169406024874,23.748220154185987,24.42514444521922
sensor,1979-06-23 01:20,1159,12.033333333333335,23.55537141617704,Core_ZN,4.038461538461539e-09,6.730769230769232e-13,474.8605471934037,,,23.55537141617704,23.596485332055163,24.019220468131103,23.721581648095157,24.390768657493016
sensor,1979-06-23 01:30,1160,11.95,23.537418645121882,Core_ZN,4.038461538461539e-09,6.730769230769232e-13,474.8605471934044,,,23.537418645121882,23.56789900169943,23.986537190703697,23.694686735809377,24.35609577700648
sensor,1979-06-23 01:40,1161,11.866666666666667,23.519048466264667,Core_ZN,4.038461538461539e-09,6.730769230769232e-13,474.86054719340507,,,23.519048466264667,23.538997627564555,23.953591664937036,23.667474403623128,24.321090233731447
sensor,1979-06-23 01:50,1162,11.783333333333333,23.50027254831132,Core_ZN,4.038461538461539e-09,6.730769230769232e-13,474.86054719340575,,,23.50027254831132,23.50977893827119,23.9203798437008,23.639937563098755,24.285756379960038
sensor,1979-06-23 01:60,1163,11.7,23.48110691287703,Core_ZN,4.038461538461539e-09,6.730769230769232e-13,474.86054719340643,,,23.48110691287703,23.48025228045132,23.88690865870885,23.61208313228063,24.250107491036914
sensor,1979-06-23 02:10,1164,11.6,23.460822754326337,Core_ZN,4.038461538461539e-09,6.730769230769232e-13,474.8605471934071,,,23.460822754326337,23.449063783669207,23.85169475847133,23.58256331599554,24.212801817866186
sensor,1979-06-23 02:20,1165,11.5,23.43991505822941,Core_ZN,4.038461538461539e-09,6.730769230769232e-13,474.8605471934078,,,23.43991505822941,23.41714944353587,23.815793128862634,23.55229396106902,24.174818558351156
sensor,1979-06-23 02:30,1166,11.399999999999999,23.418524888351534,Core_ZN,4.038461538461539e-09,6.730769230769232e-13,474.8605471934085,,,23.418524888351534,23.384727814060252,23.779419286627498,23.521500159131786,24.136354318093428
sensor,1979-06-23 02:40,1167,11.3,23.396709522498643,Core_ZN,4.038461538461539e-09,6.730769230769232e-13,474.86054719340916,,,23.396709522498643,23.351873944688794,23.742641774156898,23.490258398094863,24.09747622631911
sensor,1979-06-23 02:50,1168,11.2,23.37449913173787,Core_ZN,4.038461538461539e-09,6.730769230769232e-13,474.86054719340984,,,23.37449913173787,23.318625896670344,23.70549496301473,23.458606992552575,24.0582201847084
sensor,1979-06-23 02:60,1169,11.1,23.351914643613455,Core_ZN,4.038461538461539e-09,6.730769230769232e-13,474.8605471934105,,,23.351914643613455,23.285010102387552,23.668003595475184,23.426572486789023,24.01861305085785
sensor,1979-06-23 03:10,1170,10.916666666666666,23.325143123114554,Core_ZN,4.038461538461539e-09,6.730769230769232e-13,474.8605471934112,,,23.325143123114554,23.247498749513408,23.626819175302224,23.391052939938753,23.975009371980693
sensor,1979-06-23 03:20,1171,10.733333333333334,23.29671559895401,Core_ZN,4.038461538461539e-09,6.730769230769232e-13,474.8605471934119,,,23.29671559895401,23.208649214469293,23.584513791481026,23.354320689959334,23.93018426428435
sensor,1979-06-23 03:30,1172,10.55,23.26733284893455,Core_ZN,4.038461538461539e-09,6.730769230769232e-13,474.8605471934126,,,23.26733284893455,23.169034726896722,23.541576883524584,23.31689842161005,23.8846599288341
sensor,1979-06-23 03:40,1173,10.366666666666667,23.237251451466076,Core_ZN,4.038461538461539e-09,6.730769230769232e-13,474.86054719341325,,,23.237251451466076,23.128851040624752,23.498173230016047,23.278968004787284,23.838611378366682
sensor,1979-06-23 03:50,1174,10.183333333333334,23.206579398949355,Core_ZN,4.038461538461539e-09,6.730769230769232e-13,474.86054719341394,,,23.206579398949355,23.088187531762692,23.454379255383767,23.240612976491033,23.792119797321064
sensor,1979-06-23 03:60,1175,10.0,23.175373327981077,Core_ZN,4.038461538461539e-09,6.730769230769232e-13,474.8605471934146,,,23.175373327981077,23.04710071494822,23.410246228507585,23.20188643580402,23.745239970098115
sensor,1979-06-23 04:10,1176,10.0,23.163252306416663,Core_ZN,4.038461538461539e-09,6.730769230769232e-13,474.8605471934153,,,23.163252306416663,23.02431658327302,23.384136209244698,23.180815264485535,23.716755486121198
sensor,1979-06-23 04:20,1177,10.0,23.15085165797016,Core_ZN,4.038461538461539e-09,6.730769230769232e-13,474.860547193416,,,23.15085165797016,22.999305604550237,23.355364888165568,23.157347060946734,23.68560385738498
sensor,1979-06-23 04:30,1178,10.0,23.13653083253361,Core_ZN,4.038461538461539e-09,6.730769230769232e-13,474.86054719341666,,,23.13653083253361,22.98102750074654,23.34027680643714,23.143275897833085,23.66040780562019
sensor,1979-06-23 04:40,1179,10.0,23.121849434294944,Core_ZN,4.038461538461539e-09,6.730769230769232e-13,474.86054719341735,,,23.121849434294944,22.962363216701604,23.32155300336955,23.126801081194408,23.634757767284132
sensor,1979-06-23 04:50,1180,10.0,23.107154843813532,Core_ZN,4.038461538461539e-09,6.730769230769232e-13,474.86054719341803,,,23.107154843813532,22.943970770024976,23.3013261049749,23.109241022875644,23.609384435921214
sensor,1979-06-23 04:60,1181,10.0,23.09248228893834,Core_ZN,4.038461538461539e-09,6.730769230769232e-13,474.8605471934187,,,23.09248228893834,22.926159908429003,23.280555846391824,23.09138415353949,23.584582746631128
sensor,1979-06-23 05:13,1182,10.0,23.62150136578108,Core_ZN,2367.4954525832886,0.3945825754305481,475.25512976884926,,,23.62150136578108,23.378159184776962,23.831416623326845,23.552804844318796,23.985192869468573
sensor,1979-06-23 05:20,1183,10.0,23.95781723894523,Core_ZN,2444.739630482587,0.40745660508043113,475.6625863739297,,,23.95781723894523,23.799730732397794,23.992308201647276,23.928957439122826,23.999716965715
sensor,1979-06-23 05:30,1184,10.0,23.990539166193006,Core_ZN,2486.0248552700104,0.414337475878335,476.076923849808,,,23.990539166193006,23.91040476274158,23.997275328587254,23.982946332070178,23.999898810348196
sensor,1979-06-23 05:40,1185,10.0,23.997875064158517,Core_ZN,2498.5486110160723,0.41642476850267873,476.4933486183107,,,23.997875064158517,23.97938812489068,23.99903203906062,23.99592529178736,23.999959951641657
sensor,1979-06-23 05:50,1186,10.0,23.99951444158481,Core_ZN,2512.8667495264963,0.4188111249210827,476.91215974323177,,,23.99951444158481,23.995282878259314,23.999653473239025,23.999023141421524,23.99998041233537
sensor,1979-06-23 05:60,1187,10.0,23.999881239333874,Core_ZN,2522.369773103337,0.4203949621838895,477.33255470541565,,,23.999881239333874,23.998917548136454,23.999872713448795,23.999763082639376,23.99998716799723
sensor,1979-06-23 06:10,1188,10.100000000000001,24.000027268775717,Core_ZN,2211.2181990307886,0.3685363665051314,477.70109107192076,,,24.000027268775717,23.999819634162403,24.000001725840153,24.000012286336933,24.000036136782562
sensor,1979-06-23 06:25,1189,10.200000000000001,23.636057355002315,Core_ZN,2211.2181990307886,0.3685363665051314,478.06962743842587,,,23.636057355002315,23.5464995520341,23.849877380653254,23.59896614811547,23.910290577392374
sensor,1979-06-23 06:30,1190,10.3,23.38787484344593,Core_ZN,2211.2181990307886,0.3685363665051314,478.438163804931,,,23.38787484344593,23.235345860802166,23.753565104462087,23.335272322175538,23.868721275979627
sensor,1979-06-23 06:40,1191,10.4,23.319138185096513,Core_ZN,2211.2181990307886,0.3685363665051314,478.8067001714361,,,23.319138185096513,23.16494436846219,23.728463448223255,23.270541561269226,23.867781737430068
sensor,1979-06-23 06:50,1192,10.5,23.245390815772712,Core_ZN,2211.2181990307886,0.3685363665051314,479.1752365379412,,,23.245390815772712,23.077903168744513,23.72269463941885,23.193120179634665,23.87378733100539
sensor,1979-06-23 06:60,1193,10.6,23.214179896264397,Core_ZN,2211.2181990307886,0.3685363665051314,479.5437729044463,,,23.214179896264397,23.04654134975485,23.725520681560056,23.163396051034812,23.882450982400453
sensor,1979-06-23 07:15,1194,10.783333333333333,23.683330964541966,Core_ZN,2400.7876412362243,0.4001312735393707,479.9439041779857,,,23.683330964541966,23.49680690575712,23.964994465928143,23.609345459676135,23.985322174310866
sensor,1979-06-23 07:20,1195,10.966666666666667,23.950072427091353,Core_ZN,2414.8918681135474,0.4024819780189245,480.3463861560046,,,23.950072427091353,23.829811675056057,23.99566916497774,23.925819617709873,23.998187196898222
sensor,1979-06-23 07:30,1196,11.149999999999999,23.988510344888347,Core_ZN,2491.6451900266306,0.41527419833777174,480.7616603543424,,,23.988510344888347,23.95946131204177,23.998337571077595,23.981643182316272,23.99924934653431
sensor,1979-06-23 07:40,1197,11.333333333333332,23.997224773663103,Core_ZN,2557.481341537818,0.426246890256303,481.1879072445987,,,23.997224773663103,23.990164277720236,23.99924430649537,23.995351303940566,23.999631580729982
sensor,1979-06-23 07:55,1198,11.516666666666666,23.99977923791799,Core_ZN,2613.8104900890494,0.4356350816815082,481.6235423262802,,,23.99977923791799,23.999189772107353,23.999829986480542,23.99958039297259,23.999972172811823
sensor,1979-06-23 07:65,1199,11.7,23.99991402183275,Core_ZN,2663.3623264047096,0.4438937210674516,482.06743604734766,,,23.99991402183275,23.999837178022172,23.999856452489226,23.99987724522832,23.999994224749166
sensor,1979-06-23 08:15,1200,11.883333333333333,23.999840145721013,Core_ZN,2710.072217327874,0.451678702887979,482.51911475023564,,,23.999840145721013,23.999931276807523,23.99985819533636,23.99992999190296,24.00002673257172
sensor,1979-06-23 08:25,1201,12.066666666666666,23.999706389849873,Core_ZN,2754.9233021207187,0.45915388368678645,482.9782686339224,,,23.999706389849873,23.999959666847758,23.999854505380057,23.999953230252974,24.000060511742312
sensor,1979-06-23 08:35,1202,12.25,23.999680358523747,Core_ZN,2797.9047840786952,0.46631746401311586,483.44458609793554,,,23.999680358523747,23.999981738213656,23.99985014638814,23.999974282309076,24.000095235786866
sensor,1979-06-23 08:45,1203,12.433333333333334,23.999667362241635,Core_ZN,2846.893335055633,0.4744822225092722,483.9190683204448,,,23.999667362241635,24.000004624138604,23.999840045364074,23.999996436611454,24.000130967932336
sensor,1979-06-23 08:53,1204,12.616666666666667,23.999791247285557,Core_ZN,2895.443425293174,0.48257390421552904,484.40164222466035,,,23.999791247285557,24.000053385391396,23.99991633599911,24.0000477005689,24.000161345473238
sensor,1979-06-23 08:63,1205,12.8,23.999759356968575,Core_ZN,2945.979187894864,0.49099653131581067,484.8926387559762,,,23.999759356968575,23.99985574833466,23.99988259461636,23.999919727199842,23.999979494992765
sensor,1979-06-23 09:13,1206,12.983333333333334,23.999743011724174,Core_ZN,2994.8255717028187,0.4991375952838031,485.39177635126,,,23.999743011724174,23.999834183689444,23.999882970695374,23.999842155820794,23.999871181311285
sensor,1979-06-23 09:23,1207,13.166666666666668,23.99980605138967,Core_ZN,3042.8291259696744,0.5071381876616123,485.8989145389216,,,23.99980605138967,23.999873388564527,23.99994515719436,23.99987850816942,23.999900801063127
sensor,1979-06-23 09:32,1208,13.350000000000001,23.999783761376804,Core_ZN,3089.31075560228,0.5148851259337133,486.4137996648553,,,23.999783761376804,23.99985190615675,23.999938824321756,23.999858278583297,23.999883921711348
sensor,1979-06-23 09:42,1209,13.533333333333333,23.999773652269326,Core_ZN,3128.9603179736,0.5214933863289333,486.9352930511842,,,23.999773652269326,23.99984247768094,23.99994664839776,23.99985013307846,23.999878910442185
sensor,1979-06-23 09:52,1210,13.716666666666667,23.99981443761426,Core_ZN,3165.081511881989,0.5275135853136648,487.4628066364979,,,23.99981443761426,23.99986940963447,23.99997435937486,23.999877094210138,23.99990300483433
sensor,1979-06-23 09:62,1211,13.9,23.999802945224783,Core_ZN,3197.931727412785,0.5329886212354642,487.99579525773333,,,23.999802945224783,23.999858507692213,23.999970796242707,23.99986744963032,23.999895413587687
sensor,1979-06-23 10:12,1212,13.983333333333334,23.999801518733417,Core_ZN,3219.0583011469434,0.5365097168578239,488.53230497459117,,,23.999801518733417,23.99985578130212,23.99998126539756,23.99986663242063,23.999894967494434
sensor,1979-06-23 10:22,1213,14.066666666666666,23.99979627150173,Core_ZN,3239.0811140599885,0.5398468523433314,489.0721518269345,,,23.99979627150173,23.999852516100688,23.999992052234433,23.999865724951558,23.999894443011385
sensor,1979-06-23 10:32,1214,14.15,23.999793193149422,Core_ZN,3254.2459993005823,0.5423743332167636,489.61452616015123,,,23.999793193149422,23.999850332284087,24.00000299789836,23.999865450929814,23.999894361025007
sensor,1979-06-23 10:42,1215,14.233333333333334,23.999790840839665,Core_ZN,3267.740056485666,0.544623342747611,490.15914950289886,,,23.999790840839665,23.999847886288244,24.000013854772995,23.99986512592006,23.99989418196168
sensor,1979-06-23 10:53,1216,14.316666666666666,23.99974891363307,Core_ZN,3279.865874454234,0.546644312409039,490.7057938153079,,,23.99974891363307,23.99981709580583,24.000035963453062,23.99984082643952,23.99987736913923
sensor,1979-06-23 10:62,1217,14.4,23.999737173152944,Core_ZN,3296.234714937807,0.5493724524896344,491.25516626779756,,,23.999737173152944,23.999807223562396,24.00003911264325,23.999833070129657,23.99986958109011
sensor,1979-06-23 11:12,1218,14.4,23.99981019670743,Core_ZN,3115.4080317183493,0.5192346719530582,491.77440093975065,,,23.99981019670743,23.99986257369733,24.000064832163584,23.99988551988142,23.999913589115597
sensor,1979-06-23 11:23,1219,14.400000000000002,23.999755290096658,Core_ZN,3113.912255228499,0.5189853758714165,492.29338631562206,,,23.999755290096658,23.999823564274156,24.00007359676753,23.999855559466297,23.999890889746727
sensor,1979-06-23 11:32,1220,14.4,23.999809083051446,Core_ZN,3114.3443764825984,0.519057396080433,492.8124437117025,,,23.999809083051446,23.99986297062727,24.000053104323335,23.999889495791844,23.99991556652174
sensor,1979-06-23 11:43,1221,14.4,23.99975710785674,Core_ZN,3116.3737265141376,0.5193956210856896,493.33183933278815,,,23.99975710785674,23.999830038957846,24.00006156652484,23.999863409704908,23.999897242997516
sensor,1979-06-23 11:53,1222,14.399999999999999,23.999756979541424,Core_ZN,3119.1271282717194,0.5198545213786199,493.8516938541668,,,23.999756979541424,23.999841458151558,24.00006379052123,23.999872209360227,23.999905597450798
sensor,1979-06-23 11:63,1223,14.4,23.999756813610407,Core_ZN,3122.412896214175,0.5204021493690292,494.37209600353583,,,23.999756813610407,23.999843468086997,24.000059616788477,23.999874066089706,23.99990721393125
sensor,1979-06-23 12:13,1224,14.5,23.99965444729892,Core_ZN,3323.8980507380606,0.5539830084563434,494.92607901199216,,,23.99965444729892,23.999767448099384,24.000026724965288,23.99980585890166,23.999848632893084
sensor,1979-06-23 12:25,1225,14.600000000000001,23.999537499421375,Core_ZN,3348.6958334317064,0.5581159722386178,495.4841949842308,,,23.999537499421375,23.99969766035677,24.00007624532098,23.999747850121125,23.999816634715756
sensor,1979-06-23 12:35,1226,14.7,23.999485613288073,Core_ZN,3371.040276067915,0.5618400460113191,496.0460350302421,,,23.999485613288073,23.99964807162458,24.00006581079818,23.99970131348067,23.999774262194585
sensor,1979-06-23 12:40,1227,14.8,23.999212484908863,Core_ZN,3387.899934470285,0.5646499890783808,496.61068501932044,,,23.999212484908863,23.999486214426685,24.000113646140232,23.99955095312208,23.999676859250624
sensor,1979-06-23 12:50,1228,14.899999999999999,23.999116207958867,Core_ZN,3408.1280875953603,0.56802134793256,497.178706367253,,,23.999116207958867,23.99941947413675,24.00012256713973,23.999479739894856,23.99961996235884
sensor,1979-06-23 12:65,1229,15.0,23.99946310809142,Core_ZN,3426.724222315912,0.5711207037193187,497.74982707097234,,,23.99946310809142,23.999648107235352,24.000157407717246,23.999694084327267,23.999766223127303
sensor,1979-06-23 13:15,1230,15.0,23.999440243717515,Core_ZN,3434.4579519853273,0.5724096586642211,498.3222367296366,,,23.999440243717515,23.99961935383911,24.000138879340795,23.99966635492334,23.999743901889723
sensor,1979-06-23 13:23,1231,15.000000000000002,23.999602421654153,Core_ZN,3441.129093033989,0.5735215155056648,498.89575824514225,,,23.999602421654153,23.99971700875024,24.000113665174784,23.99975188507932,23.999804500516266
sensor,1979-06-23 13:33,1232,15.0,23.999604934101832,Core_ZN,3447.4135267502634,0.5745689211250439,499.4703271662673,,,23.999604934101832,23.999703802791792,24.00010028652646,23.99973763206411,23.99979158434511
sensor,1979-06-23 13:43,1233,15.0,23.999598661542606,Core_ZN,3450.7081804245945,0.5751180300707657,500.04544519633805,,,23.999598661542606,23.999696372984893,24.000092340984274,23.99972862946999,23.999781039647143
sensor,1979-06-23 13:53,1234,15.0,23.999592829110696,Core_ZN,3452.223431883233,0.5753705719805388,500.6208157683186,,,23.999592829110696,23.999691106347445,24.000082259116777,23.99972132069555,23.999771610869548
sensor,1979-06-23 13:63,1235,15.0,23.999587827846355,Core_ZN,3453.0353992425207,0.5755058998737534,501.19632166819235,,,23.999587827846355,23.999686310975953,24.000069737117148,23.999715356861216,23.999763312277878
sensor,1979-06-23 14:13,1236,15.0,23.999592946342236,Core_ZN,3454.8147177030023,0.5758024529505004,501.77212412114284,,,23.999592946342236,23.99969175758666,24.00006477386046,23.99971884578173,23.999761214972313
sensor,1979-06-23 14:23,1237,15.000000000000002,23.999597982887895,Core_ZN,3455.7963959715394,0.5759660659952566,502.3480901871381,,,23.999597982887895,23.999696283780498,24.00006002072859,23.99972167509133,23.999759170141708
sensor,1979-06-23 14:33,1238,15.0,23.99960167992262,Core_ZN,3455.5871140795853,0.5759311856799308,502.924021372818,,,23.99960167992262,23.999699203077995,24.000055935326923,23.999723346038678,23.999760892017534
sensor,1979-06-23 14:43,1239,15.0,23.999604588187456,Core_ZN,3462.0219866256,0.5770036644376,503.5010250372556,,,23.999604588187456,23.999700326537145,24.000052386788763,23.99972393969999,23.99975733494312
sensor,1979-06-23 14:55,1240,15.0,23.999445925146965,Core_ZN,3471.3693608339877,0.578561560138998,504.0795865973946,,,23.999445925146965,23.99958955002998,24.00006090059874,23.999618589311567,23.999661461007047
sensor,1979-06-23 14:65,1241,15.0,23.9994525117923,Core_ZN,3481.8772021074506,0.5803128670179084,504.6598994644125,,,23.9994525117923,23.999587774905223,24.000064506336706,23.99961840454722,23.99965901630984
sensor,1979-06-23 15:15,1242,14.9,23.999438698714243,Core_ZN,3479.653663052257,0.5799422771753762,505.23984174158784,,,23.999438698714243,23.999571763547614,24.000049829326997,23.9996043442303,23.999644681224115
sensor,1979-06-23 15:25,1243,14.8,23.999407322020964,Core_ZN,3477.7909538708664,0.5796318256451444,505.819473567233,,,23.999407322020964,23.99955793386036,24.000029785277626,23.999592100569537,23.999631712158873
sensor,1979-06-23 15:30,1244,14.7,23.99910326603037,Core_ZN,3476.0696644769064,0.5793449440794843,506.39881851131247,,,23.99910326603037,23.999359487334015,24.000022339586376,23.999405859464304,23.999497533017948
sensor,1979-06-23 15:40,1245,14.600000000000001,23.99903839890542,Core_ZN,3464.1259768102027,0.5773543294683671,506.97617284078086,,,23.99903839890542,23.999329266463718,24.00001393455978,23.999378110551955,23.99947794598592
sensor,1979-06-23 15:55,1246,14.5,23.99931062682213,Core_ZN,3446.0230418518895,0.5743371736419816,507.55051001442285,,,23.99931062682213,23.99948302239528,23.99992088728507,23.999519345365137,23.999545956857382
sensor,1979-06-23 15:65,1247,14.4,23.999353405896215,Core_ZN,3427.2359776936805,0.5712059962822801,508.12171601070514,,,23.999353405896215,23.999528291986884,23.99991329188746,23.99956252759189,23.999599267167685
sensor,1979-06-23 16:15,1248,14.4,23.999702860270418,Core_ZN,2914.9752852326083,0.4858292142054347,508.60754522491055,,,23.999702860270418,24.00000216037737,23.999995660406917,24.000002534051074,23.999812398475644
sensor,1979-06-23 16:25,1249,14.400000000000002,23.999777391606685,Core_ZN,2853.600186375106,0.4756000310625177,509.0831452559731,,,23.999777391606685,24.00002360413059,23.99997424393451,24.00002126688889,23.999993334689798
sensor,1979-06-23 16:35,1250,14.4,24.000019091554073,Core_ZN,2812.268372413193,0.46871139540219886,509.55185665137526,,,24.000019091554073,24.000009443719527,23.99994702065409,24.00000703975364,24.000144442519478
sensor,1979-06-23 16:43,1251,14.4,23.9999865784944,Core_ZN,2774.671059775341,0.46244517662922346,510.0143018280045,,,23.9999865784944,23.999967349638474,23.999929731374536,23.999967315899877,24.00005372055365
sensor,1979-06-23 16:53,1252,14.399999999999999,24.000000704795724,Core_ZN,2740.9245886655076,0.4568207647775846,510.4711225927821,,,24.000000704795724,23.999979733340773,23.999953704320895,23.999978631334326,24.000055743155997
sensor,1979-06-23 16:63,1253,14.4,23.999996034703155,Core_ZN,2711.0913326227646,0.45184855543712743,510.92297114821923,,,23.999996034703155,23.999975312106223,23.99995923373016,23.99997406601428,24.000036182689463
sensor,1979-06-23 17:13,1254,14.4,23.999991272672958,Core_ZN,2527.6935705816704,0.4212822617636117,511.34425340998285,,,23.999991272672958,23.999988127920165,23.999982556891,23.999986782952302,24.000038224312586
sensor,1979-06-23 17:23,1255,14.400000000000002,23.999993880857396,Core_ZN,2482.283346895921,0.41371389114932017,511.75796730113217,,,23.999993880857396,23.999991837075108,23.999987820552615,23.99999019453282,24.00003081473775
sensor,1979-06-23 17:33,1256,14.4,23.999995754799794,Core_ZN,2443.168838620003,0.40719480643666717,512.1651621075688,,,23.999995754799794,23.999994532508577,23.999990689508266,23.99999271708929,24.000025434596285
sensor,1979-06-23 17:43,1257,14.4,23.999997639249738,Core_ZN,2414.3829101938322,0.402397151698972,512.5675592592678,,,23.999997639249738,23.999997045394952,23.99999271601559,23.999995222506946,24.00002421403724
sensor,1979-06-23 17:55,1258,14.399999999999999,23.999996484055025,Core_ZN,2389.8715764745293,0.39831192941242155,512.9658711886802,,,23.999996484055025,23.9999968772608,23.99998641561288,23.999994260775225,24.000033129322002
sensor,1979-06-23 17:65,1259,14.4,24.000001073614115,Core_ZN,2367.958678720496,0.3946597797867493,513.360530968467,,,24.000001073614115,23.999999701368118,23.99999168546871,23.99999785624946,24.000038591090078
sensor,1979-06-23 18:15,1260,14.4,23.99999526119882,Core_ZN,2345.1162177054975,0.39085270295091623,513.7513836714179,,,23.99999526119882,24.019363339343812,23.99999351411502,24.009065617824042,24.00003617985108
sensor,1979-06-23 18:25,1261,14.400000000000002,23.999992092357466,Core_ZN,2325.3362511876358,0.3875560418646059,514.1389397132825,,,23.999992092357466,24.01315418946423,23.999994249957737,24.008615519085588,24.0000321462062
sensor,1979-06-23 18:35,1262,14.4,23.99998729017398,Core_ZN,2315.8296781507993,0.3859716130251332,514.5249113263077,,,23.99998729017398,23.992330007445652,23.999994707572476,23.99657557037869,24.00002697029933
sensor,1979-06-23 18:45,1263,14.4,23.99998272607332,Core_ZN,2307.8762790427227,0.3846460465071204,514.9095573728148,,,23.99998272607332,23.96705377575706,23.999995134289918,23.97759268464771,24.00002141970758
sensor,1979-06-23 18:55,1264,14.399999999999999,24.011965357801543,Core_ZN,2306.6111142243944,0.38443518570406576,515.2939925585189,,,24.011965357801543,23.94042415304616,23.999995590946554,23.956999260911076,24.00001552638263
sensor,1979-06-23 18:65,1265,14.4,24.011871493194683,Core_ZN,2299.6494290364503,0.3832749048394084,515.6772674633582,,,24.011871493194683,23.91340638649184,23.99999608505798,23.935400446261,24.00000932580736
sensor,1979-06-23 19:15,1266,14.216666666666667,23.983631044012995,Core_ZN,2267.4529951546783,0.37790883252577967,516.055176295884,,,23.983631044012995,23.84708030688865,23.999999902326593,23.873403890158126,24.000005992998563
sensor,1979-06-23 19:25,1267,14.033333333333335,23.950084900557755,Core_ZN,2256.182102822325,0.37603035047038746,516.4312066463544,,,23.950084900557755,23.7797609272816,24.000001019925538,23.808013119671788,24.00000037454319
sensor,1979-06-23 19:35,1268,13.850000000000001,23.91253360369825,Core_ZN,2244.9434345283066,0.3741572390880511,516.8053638854425,,,23.91253360369825,23.714130003771174,24.00000211857983,23.742253506502202,23.99999764076978
sensor,1979-06-23 19:45,1269,13.666666666666668,23.873364755389012,Core_ZN,2238.9182152647836,0.37315303587746396,517.1785169213199,,,23.873364755389012,23.653690390796328,24.014455248260937,23.682219575846133,23.99999786010472
sensor,1979-06-23 19:55,1270,13.483333333333334,23.833575537440534,Core_ZN,2226.4589843872054,0.3710764973978676,517.5495934187178,,,23.833575537440534,23.597240306343963,24.01632895006741,23.626927464749453,23.999998563999142
sensor,1979-06-23 19:65,1271,13.3,23.793674512312045,Core_ZN,2222.4056076099837,0.37040093460166396,517.9199943533195,,,23.793674512312045,23.543128639087744,24.00008118524627,23.574412231124704,23.999999383788087
sensor,1979-06-23 20:15,1272,13.216666666666667,23.759975133749926,Core_ZN,2219.7508261225844,0.3699584710204307,518.2899528243399,,,23.759975133749926,23.497978051563347,23.97636925367783,23.530705240736275,23.99999964667083
sensor,1979-06-23 20:20,1273,13.133333333333336,23.723175090805313,Core_ZN,2211.2181990307886,0.3685363665051314,518.6584891908451,,,23.723175090805313,23.453035449935363,23.947524523004404,23.487405218894697,24.036833904087445
sensor,1979-06-23 20:30,1274,13.05,23.695189882548764,Core_ZN,2211.2181990307886,0.3685363665051314,519.0270255573503,,,23.695189882548764,23.417259514643693,23.92143886767701,23.453195931765332,24.041438272646484
sensor,1979-06-23 20:40,1275,12.966666666666669,23.668267909065353,Core_ZN,2211.2181990307886,0.3685363665051314,519.3955619238554,,,23.668267909065353,23.382181422516645,23.893924908890252,23.419697991382264,24.031104200216944
sensor,1979-06-23 20:50,1276,12.883333333333335,23.64204873406284,Core_ZN,2211.2181990307886,0.3685363665051314,519.7640982903606,,,23.64204873406284,23.34785227421505,23.86567703075338,23.3869465764878,24.01311620080008
sensor,1979-06-23 20:60,1277,12.8,23.61631633083733,Core_ZN,2211.2181990307886,0.3685363665051314,520.1326346568658,,,23.61631633083733,23.314193772338708,23.837053779205885,23.35486076548694,23.991260294646782
sensor,1979-06-23 21:10,1278,12.8,23.619824449673384,Core_ZN,4.038461538461539e-09,6.730769230769232e-13,520.1326346568665,,,23.619824449673384,23.349986186304715,23.58689586757572,23.38055667104062,23.773079390689976
sensor,1979-06-23 21:20,1279,12.8,23.602821534695266,Core_ZN,4.038461538461539e-09,6.730769230769232e-13,520.1326346568671,,,23.602821534695266,23.337827682004615,23.495330210304097,23.36723435700657,23.69290075178789
sensor,1979-06-23 21:30,1280,12.8,23.58356814208523,Core_ZN,4.038461538461539e-09,6.730769230769232e-13,520.1326346568678,,,23.58356814208523,23.317050760909787,23.443434909771725,23.346791050593037,23.646201608583485
sensor,1979-06-23 21:40,1281,12.8,23.564025022096445,Core_ZN,4.038461538461539e-09,6.730769230769232e-13,520.1326346568685,,,23.564025022096445,23.29397746872181,23.404581834440666,23.324528036993954,23.610360911114945
sensor,1979-06-23 21:50,1282,12.8,23.544917347010244,Core_ZN,4.038461538461539e-09,6.730769230769232e-13,520.1326346568692,,,23.544917347010244,23.27063854660645,23.37118659882015,23.30217677010972,23.57901459885414
sensor,1979-06-23 21:60,1283,12.8,23.526415442564918,Core_ZN,4.038461538461539e-09,6.730769230769232e-13,520.1326346568699,,,23.526415442564918,23.24763671034193,23.34073223721419,23.28024849553735,23.550064032640158
sensor,1979-06-23 22:10,1284,12.8,23.49738849454025,Core_ZN,4.038461538461539e-09,6.730769230769232e-13,520.1326346568706,,,23.49738849454025,23.21405154649971,23.30128680282395,23.247709451587262,23.511875638996727
sensor,1979-06-23 22:20,1285,12.8,23.47271319038699,Core_ZN,4.038461538461539e-09,6.730769230769232e-13,520.1326346568712,,,23.47271319038699,23.184712225916172,23.267139745728766,23.219351212856246,23.478805428642406
sensor,1979-06-23 22:30,1286,12.8,23.450813515543125,Core_ZN,4.038461538461539e-09,6.730769230769232e-13,520.1326346568719,,,23.450813515543125,23.15783176539352,23.235995382035092,23.193488440292832,23.448496905745785
sensor,1979-06-23 22:40,1287,12.8,23.430377630332526,Core_ZN,4.038461538461539e-09,6.730769230769232e-13,520.1326346568726,,,23.430377630332526,23.1322271971485,23.20656186111932,23.16893453641397,23.42073266140792
sensor,1979-06-23 22:50,1288,12.8,23.410889687113652,Core_ZN,4.038461538461539e-09,6.730769230769232e-13,520.1326346568733,,,23.410889687113652,23.107460808345447,23.17685848671519,23.145237987132003,23.39345801288227
sensor,1979-06-23 22:60,1289,12.8,23.392094353892194,Core_ZN,4.038461538461539e-09,6.730769230769232e-13,520.132634656874,,,23.392094353892194,23.08332362109914,23.149320546675835,23.122180426858634,23.366698663089117
sensor,1979-06-23 23:10,1290,12.700000000000001,23.352880167892977,Core_ZN,4.038461538461539e-09,6.730769230769232e-13,520.1326346568746,,,23.352880167892977,23.03931818729067,23.102583954480856,23.079359451650415,23.32078166668764
sensor,1979-06-23 23:20,1291,12.600000000000001,23.322521967239744,Core_ZN,4.038461538461539e-09,6.730769230769232e-13,520.1326346568753,,,23.322521967239744,23.005130156171088,23.066128515011812,23.046263179294673,23.28492466197414
sensor,1979-06-23 23:30,1292,12.5,23.29491921142978,Core_ZN,4.038461538461539e-09,6.730769230769232e-13,520.132634656876,,,23.29491921142978,22.973520358692742,23.033869583079333,23.01587799068329,23.25137009167136
sensor,1979-06-23 23:40,1293,12.4,23.268360487116848,Core_ZN,4.038461538461539e-09,6.730769230769232e-13,520.1326346568767,,,23.268360487116848,22.94281856283996,23.001400121963872,22.98647669729046,23.216907725607033
sensor,1979-06-23 23:50,1294,12.299999999999999,23.242228460246626,Core_ZN,4.038461538461539e-09,6.730769230769232e-13,520.1326346568774,,,23.242228460246626,22.91247984332767,22.969214687921763,22.957479861204437,23.183881827062297
sensor,1979-06-23 23:60,1295,12.2,23.216290441264817,Core_ZN,4.038461538461539e-09,6.730769230769232e-13,520.132634656878,,,23.216290441264817,22.88231861319792,22.937281691428623,22.928683789180127,23.151232862626422
sensor,1979-06-24 00:10,1296,12.2,23.194887353714158,Core_ZN,4.038461538461539e-09,6.730769230769232e-13,520.1326346568787,,,23.194887353714158,22.856164379107007,22.909298161617357,22.903470207781012,23.122672862329612
sensor,1979-06-24 00:20,1297,12.200000000000001,23.175145768333415,Core_ZN,4.038461538461539e-09,6.730769230769232e-13,520.1326346568794,,,23.175145768333415,22.831125550104677,22.882553867595195,22.87947251021064,23.095536891307937
sensor,1979-06-24 00:30,1298,12.2,23.156194145958793,Core_ZN,4.038461538461539e-09,6.730769230769232e-13,520.1326346568801,,,23.156194145958793,22.80665811391979,22.856443611354226,22.856235983598747,23.06886002598523
sensor,1979-06-24 00:40,1299,12.2,23.13769743149835,Core_ZN,4.038461538461539e-09,6.730769230769232e-13,520.1326346568808,,,23.13769743149835,22.782564576167854,22.830759976061767,22.83325413481609,23.042541954493462
sensor,1979-06-24 00:50,1300,12.2,23.119510861516098,Core_ZN,4.038461538461539e-09,6.730769230769232e-13,520.1326346568815,,,23.119510861516098,22.75875971966738,22.80541367132271,22.810514879393516,23.016520250867483
sensor,1979-06-24 00:60,1301,12.2,23.10155933041406,Core_ZN,4.038461538461539e-09,6.730769230769232e-13,520.1326346568821,,,23.10155933041406,22.735195800901717,22.780352488531012,22.787987953513316,22.990753007160336
sensor,1979-06-24 01:10,1302,12.116666666666665,23.080007446294417,Core_ZN,4.038461538461539e-09,6.730769230769232e-13,520.1326346568828,,,23.080007446294417,22.704741362761503,22.7488184656059,22.75928265869101,22.958343535837976
sensor,1979-06-24 01:20,1303,12.033333333333335,23.05716920784065,Core_ZN,4.038461538461539e-09,6.730769230769232e-13,520.1326346568835,,,23.05716920784065,22.6723089836728,22.715468099209,22.728742377772488,22.92430153096266
sensor,1979-06-24 01:30,1304,11.95,23.033708653187933,Core_ZN,4.038461538461539e-09,6.730769230769232e-13,520.1326346568842,,,23.033708653187933,22.638869300000994,22.681236580462674,22.697279448790532,22.889428418716708
sensor,1979-06-24 01:40,1305,11.866666666666667,23.009859018390053,Core_ZN,4.038461538461539e-09,6.730769230769232e-13,520.1326346568849,,,23.009859018390053,22.604745948874132,22.64640667176022,22.665207119087825,22.85397295986873
sensor,1979-06-24 01:50,1306,11.783333333333333,22.985708269575028,Core_ZN,4.038461538461539e-09,6.730769230769232e-13,520.1326346568856,,,22.985708269575028,22.570070428174,22.611086118226037,22.632652982659494,22.818034078745413
sensor,1979-06-24 01:60,1307,11.7,22.96129526583966,Core_ZN,4.038461538461539e-09,6.730769230769232e-13,520.1326346568862,,,22.96129526583966,22.53491025567173,22.575328975464146,22.59968232522155,22.781667133137063
sensor,1979-06-24 02:10,1308,11.6,22.935884121821214,Core_ZN,4.038461538461539e-09,6.730769230769232e-13,520.1326346568869,,,22.935884121821214,22.500653339912343,22.54042134014044,22.567490388452434,22.746003577075747
sensor,1979-06-24 02:20,1309,11.5,22.90998593670789,Core_ZN,4.038461538461539e-09,6.730769230769232e-13,520.1326346568876,,,22.90998593670789,22.466447237590387,22.505525558486024,22.535354798889784,22.710326111956093
sensor,1979-06-24 02:30,1310,11.399999999999999,22.88377386584856,Core_ZN,4.038461538461539e-09,6.730769230769232e-13,520.1326346568883,,,22.88377386584856,22.432100956198536,22.470479993167555,22.50312358412668,22.674523273900036
sensor,1979-06-24 02:40,1311,11.3,22.857319759414086,Core_ZN,4.038461538461539e-09,6.730769230769232e-13,520.132634656889,,,22.857319759414086,22.397518816085416,22.435168139637923,22.470751090220098,22.638572222806005
sensor,1979-06-24 02:50,1312,11.2,22.830654721486642,Core_ZN,4.038461538461539e-09,6.730769230769232e-13,520.1326346568896,,,22.830654721486642,22.362929068254026,22.400166543715848,22.4382101932558,22.602462223524725
sensor,1979-06-24 02:60,1313,11.1,22.803792686471645,Core_ZN,4.038461538461539e-09,6.730769230769232e-13,520.1326346568903,,,22.803792686471645,22.328696607893114,22.36544955355954,22.405465430513274,22.566180995136488
sensor,1979-06-24 03:10,1314,10.916666666666666,22.772920493259587,Core_ZN,4.038461538461539e-09,6.730769230769232e-13,520.132634656891,,,22.772920493259587,22.289931295348946,22.326127110093022,22.36798488616626,22.52487559273562
sensor,1979-06-24 03:20,1315,10.733333333333334,22.740388028545457,Core_ZN,4.038461538461539e-09,6.730769230769232e-13,520.1326346568917,,,22.740388028545457,22.24987093907879,22.28563005929927,22.329501196310698,22.48178521336065
sensor,1979-06-24 03:30,1316,10.55,22.706858852569376,Core_ZN,4.038461538461539e-09,6.730769230769232e-13,520.1326346568924,,,22.706858852569376,22.20922632567011,22.244602175299658,22.290669568274186,22.438481404505072
sensor,1979-06-24 03:40,1317,10.366666666666667,22.672704078320354,Core_ZN,4.038461538461539e-09,6.730769230769232e-13,520.1326346568931,,,22.672704078320354,22.168208545951323,22.20322432156423,22.251614441844072,22.395155650321747
sensor,1979-06-24 03:50,1318,10.183333333333334,22.638777705538132,Core_ZN,4.038461538461539e-09,6.730769230769232e-13,520.1326346568937,,,22.638777705538132,22.126892767189723,22.16155922930273,22.21236741736186,22.351692678430886
sensor,1979-06-24 03:60,1319,10.0,22.604938526999206,Core_ZN,4.038461538461539e-09,6.730769230769232e-13,520.1326346568944,,,22.604938526999206,22.085315531987753,22.119638846452116,22.172937928784698,22.308064388658252
sensor,1979-06-24 04:10,1320,9.9,22.5860851913601,Core_ZN,4.038461538461539e-09,6.730769230769232e-13,520.1326346568951,,,22.5860851913601,22.059039992483093,22.092687816046645,22.148459423244503,22.27949611295544
sensor,1979-06-24 04:20,1321,9.8,22.56560677024857,Core_ZN,4.038461538461539e-09,6.730769230769232e-13,520.1326346568958,,,22.56560677024857,22.029471022618942,22.06220541077829,22.12078585714155,22.247505672252128
sensor,1979-06-24 04:30,1322,9.7,22.54331917042242,Core_ZN,4.038461538461539e-09,6.730769230769232e-13,520.1326346568965,,,22.54331917042242,22.009457530627667,22.13771392330955,22.15453733817429,22.224070599168247
sensor,1979-06-24 04:40,1323,9.600000000000001,22.52311547168826,Core_ZN,4.038461538461539e-09,6.730769230769232e-13,520.1326346568972,,,22.52311547168826,21.99115163405968,22.244148876179864,22.200358578506215,22.202368219069008
sensor,1979-06-24 04:50,1324,9.5,22.50638641179214,Core_ZN,4.038461538461539e-09,6.730769230769232e-13,520.1326346568978,,,22.50638641179214,21.976374177991197,22.37830868622743,22.253594714167498,22.183942735784115
sensor,1979-06-24 04:60,1325,9.4,22.493044617881385,Core_ZN,4.038461538461539e-09,6.730769230769232e-13,520.1326346568985,,,22.493044617881385,21.965755787571492,22.520509273657886,22.30404863162525,22.16892711375592
sensor,1979-06-24 05:13,1326,9.783333333333333,23.02117254928239,Core_ZN,2288.78334377256,0.38146389062875996,520.5140985475273,,,23.02117254928239,22.42326396860392,23.221246804335586,22.82193870148852,22.740490201347722
sensor,1979-06-24 05:25,1327,10.166666666666668,23.543888549389766,Core_ZN,2394.433846842458,0.39907230780707637,520.9131708553343,,,23.543888549389766,22.85782845921755,23.842309219479446,23.3147898915689,23.267493662870773
sensor,1979-06-24 05:35,1328,10.55,23.78463514979572,Core_ZN,2330.044199197308,0.388340699866218,521.3015115552006,,,23.78463514979572,23.075051927101285,23.977780003489205,23.554153968795223,23.515535472435218
sensor,1979-06-24 05:45,1329,10.933333333333334,23.931444259066886,Core_ZN,2331.4215747778426,0.3885702624629737,521.6900818176636,,,23.931444259066886,23.218424944167403,23.996147188573573,23.717538240974328,23.67825912556335
sensor,1979-06-24 05:53,1330,11.316666666666666,23.999773286640256,Core_ZN,2333.409451393566,0.388901575232261,522.0789833928958,,,23.999773286640256,23.3295435543441,23.999665634885073,23.844147298167705,23.80857112025593
sensor,1979-06-24 05:63,1331,11.7,23.9999896105327,Core_ZN,2359.924428908088,0.393320738151348,522.4723041310472,,,23.9999896105327,23.425462898086703,23.999959484185993,23.947339487853704,23.911333437579856
sensor,1979-06-24 06:13,1332,12.15,23.62812234149787,Core_ZN,2262.7114787056394,0.3771185797842732,522.8494227108314,,,23.62812234149787,23.070923497902662,24.000007202809307,23.56654220523438,23.587085659857657
sensor,1979-06-24 06:23,1333,12.600000000000001,23.37158507845673,Core_ZN,2283.7477304668096,0.38062462174446826,523.2300473325759,,,23.37158507845673,22.835580618102018,24.000043669052637,23.31581045873225,23.408711653255068
sensor,1979-06-24 06:33,1334,13.05,23.260849201690633,Core_ZN,2307.2639852949746,0.38454399754916246,523.614591330125,,,23.260849201690633,22.765698241115025,24.000029981518455,23.209674100751478,23.34952249309112
sensor,1979-06-24 06:43,1335,13.5,23.24391616020605,Core_ZN,2326.9869252975927,0.3878311542162654,524.0024224843413,,,23.24391616020605,22.789100553228426,24.000035942243763,23.17959024688465,23.365527015880524
sensor,1979-06-24 06:53,1336,13.95,23.271879491093642,Core_ZN,2344.7107957019352,0.39078513261698916,524.3932076169583,,,23.271879491093642,22.85600562027522,24.000042603733903,23.187887874875738,23.420015988756177
sensor,1979-06-24 06:63,1337,14.4,23.319726055539142,Core_ZN,2361.5271494739677,0.3935878582456612,524.7867954752039,,,23.319726055539142,22.94080481194589,24.00004919713232,23.216472762072012,23.491014583855865
sensor,1979-06-24 07:13,1338,14.683333333333334,23.803562321661566,Core_ZN,2585.7877709144677,0.43096462848574457,525.2177601036897,,,23.803562321661566,23.45473114143059,24.000013253676446,23.68676949166653,23.900343676225436
sensor,1979-06-24 07:23,1339,14.966666666666669,23.993484656327112,Core_ZN,2745.0605218202513,0.4575100869700419,525.6752701906597,,,23.993484656327112,23.906735871873895,23.99998909005235,23.99010339060237,23.994361704861646
sensor,1979-06-24 07:33,1340,15.25,23.999744612917624,Core_ZN,2865.4642034293056,0.4775773672382176,526.152847557898,,,23.999744612917624,23.996805144534854,23.999974279655774,23.99971548461987,23.9997682774686
sensor,1979-06-24 07:42,1341,15.533333333333335,23.999984395112524,Core_ZN,2965.676745044168,0.4942794575073613,526.6471270154053,,,23.999984395112524,24.00003183036247,24.00009458426777,24.000114700025136,24.000134028706917
sensor,1979-06-24 07:52,1342,15.816666666666666,23.999949573581816,Core_ZN,3051.2454378515476,0.5085409063085913,527.1556679217139,,,23.999949573581816,23.999989870360984,24.00007643797005,23.99998952047112,24.000055220929355
sensor,1979-06-24 07:62,1343,16.1,23.99994283922531,Core_ZN,3129.4739178936884,0.5215789863156147,527.6772469080295,,,23.99994283922531,23.99999449199867,24.00001198690629,23.999992975024313,23.999991064473388
sensor,1979-06-24 08:12,1344,16.383333333333333,23.999902202887707,Core_ZN,3204.8609205052308,0.5341434867508718,528.2113903947803,,,23.999902202887707,23.999963825208656,23.999874322306045,23.999960974645514,23.999961366669428
sensor,1979-06-24 08:23,1345,16.66666666666667,23.999889770015237,Core_ZN,3275.9626554147335,0.5459937759024556,528.7573841706828,,,23.999889770015237,23.999955449853758,23.999849589627136,23.999953018396617,23.99995563675457
sensor,1979-06-24 08:32,1346,16.950000000000003,23.99987955640993,Core_ZN,3341.391366763837,0.5568985611273062,529.3142827318102,,,23.99987955640993,23.999948071634428,23.999834020388427,23.999946377130353,23.9999517502756
sensor,1979-06-24 08:42,1347,17.233333333333334,23.999870048141176,Core_ZN,3404.488599926237,0.5674147666543727,529.8816974984645,,,23.999870048141176,23.99994106311827,23.999822354066186,23.99994059721736,23.999948337580488
sensor,1979-06-24 08:53,1348,17.516666666666666,23.999861094926953,Core_ZN,3462.026153285565,0.5770043588809275,530.4587018573454,,,23.999861094926953,23.99993521298503,23.999816991304883,23.99993473862894,23.999944810940868
sensor,1979-06-24 08:62,1349,17.8,23.999852718411283,Core_ZN,3516.425164100937,0.5860708606834895,531.0447727180289,,,23.999852718411283,23.999928919041505,23.999817434040462,23.99992868504872,23.999941042725805
sensor,1979-06-24 09:12,1350,17.983333333333334,23.999834105633383,Core_ZN,3554.387141215947,0.5923978568693244,531.6371705748982,,,23.999834105633383,23.99991332883603,23.999807091594914,23.9999140665601,23.999933292769697
sensor,1979-06-24 09:23,1351,18.166666666666668,23.999817213908543,Core_ZN,3589.3078666410333,0.5982179777735055,532.2353885526717,,,23.999817213908543,23.999898959541174,23.999802585352786,23.999901010501958,23.999926304249787
sensor,1979-06-24 09:32,1352,18.35,23.99980241743401,Core_ZN,3621.2813208441676,0.6035468868073612,532.8389354394791,,,23.99980241743401,23.99988552072542,23.99980205654314,23.999889064267517,23.9999200005632
sensor,1979-06-24 09:42,1353,18.53333333333333,23.999789319718168,Core_ZN,3644.547253899722,0.6074245423166202,533.4463599817957,,,23.999789319718168,23.999873635099444,23.99980853999318,23.999878754329103,23.999914524812603
sensor,1979-06-24 09:53,1354,18.716666666666665,23.999726648154983,Core_ZN,3664.113246413733,0.6106855410689555,534.0570455228647,,,23.999726648154983,23.999835877783568,23.999795355685656,23.999845071023636,23.999895601402642
sensor,1979-06-24 09:65,1355,18.9,23.99960090293825,Core_ZN,3682.4054993012082,0.6137342498835346,534.6707797727482,,,23.99960090293825,23.999754819334065,23.99975049195252,23.99977169483391,23.999852179740053
sensor,1979-06-24 10:15,1356,18.983333333333334,23.99955788265264,Core_ZN,3689.5473844886556,0.6149245640814426,535.2857043368297,,,23.99955788265264,23.99971380656352,23.999709071014443,23.9997342157179,23.99982317977816
sensor,1979-06-24 10:25,1357,19.066666666666666,23.999532198879347,Core_ZN,3697.1807607822316,0.6161967934637053,535.9019011302934,,,23.999532198879347,23.999697631573426,23.999714927504233,23.999722958122163,23.999814766166907
sensor,1979-06-24 10:30,1358,19.15,23.999278434606964,Core_ZN,3703.2775940470538,0.6172129323411756,536.5191140626346,,,23.999278434606964,23.999535591755844,23.99962668707026,23.999577654089926,23.999729803099417
sensor,1979-06-24 10:40,1359,19.23333333333333,23.999191185880054,Core_ZN,3717.945399724907,0.6196575666208178,537.1387716292554,,,23.999191185880054,23.999471242634918,23.999581124739514,23.99951859640547,23.99968837013614
sensor,1979-06-24 10:50,1360,19.316666666666666,23.999162423518648,Core_ZN,3735.151781212545,0.6225252968687575,537.7612969261241,,,23.999162423518648,23.99944259047633,23.999573620781817,23.999494973410904,23.999671591508868
sensor,1979-06-24 10:65,1361,19.4,23.999476694148267,Core_ZN,3760.0387940425385,0.6266731323404231,538.3879700584646,,,23.999476694148267,23.999629423373552,23.999748154879125,23.999680535300683,23.999783352284627
sensor,1979-06-24 11:15,1362,19.6,23.99965022835527,Core_ZN,3571.861239882513,0.5953102066470854,538.9832802651117,,,23.99965022835527,23.999764706878665,23.999837916358473,23.999804635515844,23.99987451598897
sensor,1979-06-24 11:20,1363,19.8,23.999483944732596,Core_ZN,3604.526609079272,0.6007544348465452,539.5840346999582,,,23.999483944732596,23.99965761176836,23.999793729755897,23.999720699789442,23.999841966719405
sensor,1979-06-24 11:30,1364,20.0,23.99943991226526,Core_ZN,3644.327811215687,0.6073879685359478,540.1914226684942,,,23.99943991226526,23.99965653024206,23.99979202702795,23.99972138171563,23.99984852455101
sensor,1979-06-24 11:45,1365,20.200000000000003,23.999616531027932,Core_ZN,3672.3820886277517,0.6120636814379585,540.8034863499321,,,23.999616531027932,23.999726652217408,23.999833950323442,23.999783914068253,23.99986041250354
sensor,1979-06-24 11:55,1366,20.4,23.999636836540702,Core_ZN,3703.9218248508414,0.6173203041418068,541.4208066540739,,,23.999636836540702,23.999756538973763,23.99985149705026,23.999808587428173,23.999878808909607
sensor,1979-06-24 11:63,1367,20.6,23.999727300465796,Core_ZN,3735.6404891905922,0.622606748198432,542.0434134022723,,,23.999727300465796,23.99980280525445,23.99988096184796,23.999846842691362,23.999897802298456
sensor,1979-06-24 12:13,1368,20.6,23.999613334636486,Core_ZN,3970.68454459093,0.6617807574318216,542.7051941597042,,,23.999613334636486,23.999723879260934,23.999823127761836,23.999774367095995,23.99984777733619
sensor,1979-06-24 12:23,1369,20.6,23.999597314788065,Core_ZN,3985.2991695378814,0.6642165282563135,543.3694106879606,,,23.999597314788065,23.999708371979803,23.99980970277484,23.999760262034023,23.99983847051719
sensor,1979-06-24 12:33,1370,20.6,23.999587933425694,Core_ZN,3996.662072650292,0.6661103454417153,544.0355210334022,,,23.999587933425694,23.9996994585346,23.999803843755636,23.99975289353407,23.999834540002816
sensor,1979-06-24 12:45,1371,20.6,23.99941523287343,Core_ZN,4005.3968777579908,0.6675661462929985,544.7030871796952,,,23.99941523287343,23.999577050813613,23.999740182341192,23.999648719134612,23.99976822694949
sensor,1979-06-24 12:55,1372,20.6,23.999401001361136,Core_ZN,4012.1857894395857,0.6686976315732642,545.3717848112685,,,23.999401001361136,23.999573957673796,23.99972290960674,23.999639520162212,23.999763298410144
sensor,1979-06-24 12:60,1373,20.6,23.999081427943374,Core_ZN,4019.306120018045,0.6698843533363408,546.0416691646049,,,23.999081427943374,23.999373410969852,23.999616946873566,23.999459131291133,23.999664628621105
sensor,1979-06-24 13:10,1374,20.6,23.999017159702234,Core_ZN,4031.0828097948634,0.6718471349658106,546.7135162995706,,,23.999017159702234,23.999340647950895,23.99958560169264,23.999423178182685,23.99963629554703
sensor,1979-06-24 13:20,1375,20.6,23.99899451638124,Core_ZN,4041.460556350701,0.6735767593917835,547.3870930589625,,,23.99899451638124,23.999326613255285,23.999573880376246,23.99940491407499,23.999613571485018
sensor,1979-06-24 13:30,1376,20.6,23.999037651385017,Core_ZN,4056.524838652014,0.676087473108669,548.0631805320711,,,23.999037651385017,23.999318315913744,23.999568719416843,23.99939177344912,23.999597133817673
sensor,1979-06-24 13:40,1377,20.6,23.99904292102018,Core_ZN,4073.58694747281,0.678931157912135,548.7421116899833,,,23.99904292102018,23.99931206037753,23.999565825086126,23.999380547297623,23.999573094668666
sensor,1979-06-24 13:50,1378,20.6,23.999040128781566,Core_ZN,4092.13833756508,0.6820230562608467,549.4241347462441,,,23.999040128781566,23.999306919576416,23.999563844786906,23.999370390818214,23.999542453485677
sensor,1979-06-24 13:60,1379,20.6,23.999035730770608,Core_ZN,4113.7038727480885,0.6856173121246814,550.1097520583688,,,23.999035730770608,23.99930001934042,23.999562328950827,23.99936106556102,23.999506256582364
sensor,1979-06-24 14:10,1380,20.6,23.99902128214777,Core_ZN,4138.811425211843,0.6898019042019738,550.7995539625708,,,23.99902128214777,23.999284693319385,23.999553589889416,23.999343022022924,23.999458458918248
sensor,1979-06-24 14:20,1381,20.6,23.99902627226869,Core_ZN,4165.7738369401295,0.6942956394900215,551.4938496020609,,,23.99902627226869,23.99928789429144,23.999550897513398,23.999341919595665,23.999415093913427
sensor,1979-06-24 14:30,1382,20.6,23.99903647915667,Core_ZN,4194.421661494161,0.6990702769156935,552.1929198789766,,,23.99903647915667,23.99929392267969,23.999550019357546,23.999343765854988,23.999372047828036
sensor,1979-06-24 14:40,1383,20.6,23.99904354085825,Core_ZN,4221.519531253909,0.7035865885423181,552.8965064675189,,,23.99904354085825,23.999299887681172,23.999549815405608,23.999345744111537,23.999330438750818
sensor,1979-06-24 14:50,1384,20.6,23.999048573786,Core_ZN,4248.42736212541,0.7080712270209016,553.6045776945398,,,23.999048573786,23.999304647729325,23.99954982102699,23.999347191722972,23.999290876456406
sensor,1979-06-24 14:60,1385,20.6,23.999052039635593,Core_ZN,4276.545027817793,0.7127575046362988,554.3173351991761,,,23.999052039635593,23.999308918428806,23.999550285070228,23.99934860180353,23.9992502687282
sensor,1979-06-24 15:10,1386,20.6,23.999066783224034,Core_ZN,4299.264617217956,0.7165441028696593,555.0338793020458,,,23.999066783224034,23.999323513180062,23.999560402480302,23.99936162488228,23.999221667179544
sensor,1979-06-24 15:25,1387,20.6,23.999333965814508,Core_ZN,4314.614457040696,0.7191024095067826,555.7529817115526,,,23.999333965814508,23.999502640105536,23.99965530778796,23.999528293383577,23.999268276744914
sensor,1979-06-24 15:35,1388,20.6,23.999357101820912,Core_ZN,4328.478566891426,0.7214130944819044,556.4743948060345,,,23.999357101820912,23.99953015938236,23.999685345695227,23.99955720735915,23.999353879422095
sensor,1979-06-24 15:43,1389,20.6,23.999507143165715,Core_ZN,4336.757233603392,0.722792872267232,557.1971876783017,,,23.999507143165715,23.999627796257506,23.999742633728882,23.99964835089236,23.999430550636177
sensor,1979-06-24 15:53,1390,20.6,23.99952063862977,Core_ZN,4343.685795015415,0.7239476325025691,557.9211353108043,,,23.99952063862977,23.999644517473506,23.999763412970367,23.99966601002524,23.999492474698414
sensor,1979-06-24 15:63,1391,20.6,23.999514835649407,Core_ZN,4348.80797337567,0.7248013288959451,558.6459366397003,,,23.999514835649407,23.99964056082921,23.999764635046976,23.999662651414383,23.999496435715045
sensor,1979-06-24 16:13,1392,20.6,23.999810278680247,Core_ZN,3761.347703774313,0.6268912839623855,559.2728279236627,,,23.999810278680247,23.99985254324003,23.999941144461182,23.99986385611529,23.999701496751186
sensor,1979-06-24 16:23,1393,20.6,23.999794926042007,Core_ZN,3704.2781031131058,0.6173796838521842,559.8902076075149,,,23.999794926042007,23.99983609590938,24.000125240438784,23.99985136554755,23.99967409522341
sensor,1979-06-24 16:33,1394,20.6,23.99983820825856,Core_ZN,3672.546941273218,0.6120911568788696,560.5022987643937,,,23.99983820825856,23.999877605099176,24.000138324004272,23.999890277545845,23.999780021549185
sensor,1979-06-24 16:43,1395,20.6,23.999850527424886,Core_ZN,3644.5016254227057,0.6074169375704509,561.1097157019641,,,23.999850527424886,23.999888448550966,24.000104710193362,23.999900166287503,23.99980553840977
sensor,1979-06-24 16:53,1396,20.6,23.999858954222436,Core_ZN,3620.159878051988,0.6033599796753313,561.7130756816395,,,23.999858954222436,23.99989584312715,24.000070445542335,23.999906713168475,23.999821043623612
sensor,1979-06-24 16:63,1397,20.6,23.999865553071967,Core_ZN,3601.9314707107574,0.6003219117851262,562.3133975934246,,,23.999865553071967,23.999901873106573,24.00003915665833,23.999909527522725,23.99983366817651
sensor,1979-06-24 17:13,1398,20.5,23.999913317138038,Core_ZN,3392.5756483145988,0.5654292747190998,562.8788268681437,,,23.999913317138038,24.000102340981385,24.000022921619262,24.00010051126008,23.999883515037716
sensor,1979-06-24 17:23,1399,20.400000000000002,23.999923601049105,Core_ZN,3344.3640609833074,0.5573940101638846,563.4362208783076,,,23.999923601049105,24.000087404968223,23.999992986010835,24.00008628051432,24.000131644533408
sensor,1979-06-24 17:33,1400,20.3,23.999930927939715,Core_ZN,3310.2190934470264,0.551703182241171,563.9879240605488,,,23.999930927939715,24.00003670591072,23.999964498438136,24.00003324349831,24.00004733671093
sensor,1979-06-24 17:43,1401,20.2,24.000035233385987,Core_ZN,3276.115827423013,0.5460193045705022,564.5339433651193,,,24.000035233385987,24.000029998302637,23.999975291883338,24.000026132813144,24.000042477762857
sensor,1979-06-24 17:53,1402,20.1,24.000056816361816,Core_ZN,3242.2224594194813,0.5403704099032469,565.0743137750226,,,24.000056816361816,24.00001580379437,23.999976824163884,24.000009079397525,24.0000158563118
sensor,1979-06-24 17:63,1403,20.0,24.00004395035908,Core_ZN,3207.3221550068333,0.5345536925011388,565.6088674675237,,,24.00004395035908,24.00000244517129,23.999977721425026,23.999992171991828,23.999989788793524
sensor,1979-06-24 18:13,1404,19.71666666666667,24.000027066740632,Core_ZN,3151.199361596161,0.5251998935993601,566.1340673611231,,,24.000027066740632,23.99998825697886,23.99997748206557,23.99997345256433,23.999961764390726
sensor,1979-06-24 18:23,1405,19.433333333333337,24.000012095444934,Core_ZN,3095.7038541395286,0.515950642356588,566.6500180034798,,,24.000012095444934,23.999975525957705,23.999977539450484,23.99995703113519,23.999944388860115
sensor,1979-06-24 18:33,1406,19.15,23.99999651625209,Core_ZN,3042.5969843679504,0.5070994973946583,567.1571175008744,,,23.99999651625209,23.99996883332978,23.999977739053275,23.99995131229356,23.99993940629451
sensor,1979-06-24 18:43,1407,18.866666666666667,23.99998168657818,Core_ZN,2985.9596528641187,0.49765994214401976,567.6547774430184,,,23.99998168657818,23.99996845696004,23.99997810923458,23.999950848581978,23.99993943844336
sensor,1979-06-24 18:53,1408,18.583333333333336,23.999968017929667,Core_ZN,2927.4408089624308,0.48790680149373844,568.1426842445121,,,23.999968017929667,23.99996964427715,23.999978657248995,23.999951410169214,23.999941183421267
sensor,1979-06-24 18:63,1409,18.3,23.999955668671817,Core_ZN,2863.4493410424525,0.47724155684040875,568.6199258013526,,,23.999955668671817,23.99997143493472,23.999979489688208,23.99995325387958,23.99994492305528
sensor,1979-06-24 19:13,1410,17.75,23.99995853661507,Core_ZN,2735.1918058812303,0.455865300980205,569.0757911023328,,,23.99995853661507,23.99997905633014,23.999984470181026,23.999963224325146,23.999956041888847
sensor,1979-06-24 19:23,1411,17.200000000000003,23.99995977896679,Core_ZN,2635.3205501959587,0.4392200916993264,569.5150111940321,,,23.99995977896679,23.999983141830363,23.999986758272694,23.99997029321731,23.999963334586475
sensor,1979-06-24 19:33,1412,16.65,23.999962334574622,Core_ZN,2522.4009383449215,0.42040015639082023,569.9354113504229,,,23.999962334574622,23.99998733129684,23.99998901140524,23.999979966143215,23.999972118522734
sensor,1979-06-24 19:43,1413,16.1,23.999964978845906,Core_ZN,2437.479034487846,0.40624650574797433,570.3416578561709,,,23.999964978845906,24.007748211226783,23.999990876619943,23.9999847182345,23.999976827191873
sensor,1979-06-24 19:53,1414,15.549999999999999,23.99996737585388,Core_ZN,2383.851232672556,0.39730853877875927,570.7389663949497,,,23.99996737585388,23.965973460263168,23.999992547491445,24.004697357757596,23.999980257028543
sensor,1979-06-24 19:63,1415,15.0,23.999953216121277,Core_ZN,2336.5961312550917,0.3894326885425153,571.1283990834922,,,23.999953216121277,23.88407963383547,23.999984973528214,23.968582216509596,23.999966051921536
sensor,1979-06-24 20:13,1416,14.633333333333333,24.00349444750109,Core_ZN,2308.859147751358,0.3848098579585596,571.5132089414508,,,24.00349444750109,23.803265692389395,23.999995629632924,23.9091562970204,23.99998364917211
sensor,1979-06-24 20:23,1417,14.26666666666667,23.977316871053056,Core_ZN,2294.078703651941,0.3823464506086568,571.8955553920595,,,23.977316871053056,23.726355144656395,23.999997732964836,23.839559541322828,23.999987075025764
sensor,1979-06-24 20:33,1418,13.9,23.931596888035894,Core_ZN,2280.248119309303,0.3800413532182172,572.2755967452777,,,23.931596888035894,23.6512305274579,23.99999894274382,23.767287180654755,23.99998894239458
sensor,1979-06-24 20:43,1419,13.533333333333335,23.87854223532801,Core_ZN,2267.4300970009613,0.3779050161668268,572.6535017614444,,,23.87854223532801,23.577260636298234,23.999999979859744,23.6949023045863,23.999990463671743
sensor,1979-06-24 20:53,1420,13.166666666666668,23.822271110661386,Core_ZN,2255.139479245314,0.37585657987421894,573.0293583413187,,,23.822271110661386,23.50429005906544,24.00000099153815,23.623155652629023,23.999991850401926
sensor,1979-06-24 20:65,1421,12.8,23.762501944357705,Core_ZN,2246.622815605451,0.37443713593424177,573.403795477253,,,23.762501944357705,23.42921630713275,24.017103759078786,23.550072869892926,23.99997213237863
sensor,1979-06-24 21:15,1422,12.516666666666667,23.736238740777896,Core_ZN,4.038461538461539e-09,6.730769230769232e-13,573.4037954772537,,,23.736238740777896,23.422129403450267,23.866278057681257,23.538624235779153,24.010788938714576
sensor,1979-06-24 21:25,1423,12.233333333333334,23.702963014751013,Core_ZN,4.038461538461539e-09,6.730769230769232e-13,573.4037954772543,,,23.702963014751013,23.39396698391885,23.7680241185867,23.510139853679988,23.987429532650815
sensor,1979-06-24 21:35,1424,11.95,23.664299505593995,Core_ZN,4.038461538461539e-09,6.730769230769232e-13,573.403795477255,,,23.664299505593995,23.350343917911854,23.705244925983532,23.46851705816686,23.949761414332265
sensor,1979-06-24 21:45,1425,11.666666666666668,23.625127562147405,Core_ZN,4.038461538461539e-09,6.730769230769232e-13,573.4037954772557,,,23.625127562147405,23.303537523310762,23.651777316385726,23.424451602716566,23.909120910257577
sensor,1979-06-24 21:55,1426,11.383333333333333,23.586163188179533,Core_ZN,4.038461538461539e-09,6.730769230769232e-13,573.4037954772564,,,23.586163188179533,23.25611697827629,23.601467435418684,23.380170768286167,23.867650848527628
sensor,1979-06-24 21:65,1427,11.1,23.54753525498778,Core_ZN,4.038461538461539e-09,6.730769230769232e-13,573.4037954772571,,,23.54753525498778,23.208766436375786,23.552432706359504,23.336226120312915,23.82585804784337
sensor,1979-06-24 22:15,1428,10.916666666666666,23.503732980007097,Core_ZN,4.038461538461539e-09,6.730769230769232e-13,573.4037954772577,,,23.503732980007097,23.156619862812022,23.49919860933081,23.28740395017381,23.779045112679274
sensor,1979-06-24 22:25,1429,10.733333333333334,23.463125077788398,Core_ZN,4.038461538461539e-09,6.730769230769232e-13,573.4037954772584,,,23.463125077788398,23.107821611730785,23.44957383775843,23.24191598311814,23.73529689194355
sensor,1979-06-24 22:35,1430,10.55,23.42624760716636,Core_ZN,4.038461538461539e-09,6.730769230769232e-13,573.4037954772591,,,23.42624760716636,23.06249369051574,23.40328224019833,23.19995983518474,23.694369940447054
sensor,1979-06-24 22:45,1431,10.366666666666667,23.391191860092317,Core_ZN,4.038461538461539e-09,6.730769230769232e-13,573.4037954772598,,,23.391191860092317,23.01875365393188,23.35842959233529,23.159651700520186,23.65441509698328
sensor,1979-06-24 22:55,1432,10.183333333333334,23.357072314671424,Core_ZN,4.038461538461539e-09,6.730769230769232e-13,573.4037954772605,,,23.357072314671424,22.975799048013727,23.314279224746038,23.120173332683898,23.61473408878996
sensor,1979-06-24 22:65,1433,10.0,23.32352601807471,Core_ZN,4.038461538461539e-09,6.730769230769232e-13,573.4037954772612,,,23.32352601807471,22.933318764396255,23.270560614166737,23.081196904138515,23.575078519551013
sensor,1979-06-24 23:10,1434,9.9,23.271304840817407,Core_ZN,4.038461538461539e-09,6.730769230769232e-13,573.4037954772618,,,23.271304840817407,22.871947904185202,23.208747085738217,23.02373906869435,23.517957684297954
sensor,1979-06-24 23:20,1435,9.8,23.23753172847233,Core_ZN,4.038461538461539e-09,6.730769230769232e-13,573.4037954772625,,,23.23753172847233,22.831079735381586,23.167278029129882,22.985967501411164,23.479851316378383
sensor,1979-06-24 23:30,1436,9.7,23.20741384363486,Core_ZN,4.038461538461539e-09,6.730769230769232e-13,573.4037954772632,,,23.20741384363486,22.79347143470665,23.128572338663574,22.951424816333343,23.44406517730445
sensor,1979-06-24 23:40,1437,9.600000000000001,23.178790095212893,Core_ZN,4.038461538461539e-09,6.730769230769232e-13,573.4037954772639,,,23.178790095212893,22.757184035704793,23.0909762116392,22.91815975808951,23.411909859597305
sensor,1979-06-24 23:50,1438,9.5,23.150892378997536,Core_ZN,4.038461538461539e-09,6.730769230769232e-13,573.4037954772646,,,23.150892378997536,22.721563555258797,23.051144642698564,22.885519618589917,23.377862005490105
sensor,1979-06-24 23:60,1439,9.4,23.1234034882419,Core_ZN,4.038461538461539e-09,6.730769230769232e-13,573.4037954772652,,,23.1234034882419,22.686331164843278,23.013759498938327,22.853236475285133,23.343640992006296
sensor,1979-06-25 00:10,1440,9.133333333333333,23.088621264162423,Core_ZN,4.038461538461539e-09,6.730769230769232e-13,573.4037954772659,,,23.088621264162423,22.641922144463514,22.96749531429577,22.812490505219436,23.29991209679214
sensor,1979-06-25 00:20,1441,8.866666666666667,23.051340985804657,Core_ZN,4.038461538461539e-09,6.730769230769232e-13,573.4037954772666,,,23.051340985804657,22.595026682122118,22.919052685753982,22.769312134172118,23.253728936217705
sensor,1979-06-25 00:30,1442,8.6,23.0127627343136,Core_ZN,4.038461538461539e-09,6.730769230769232e-13,573.4037954772673,,,23.0127627343136,22.547708520199727,22.87247964803882,22.724794909114028,23.206099669110056
sensor,1979-06-25 00:40,1443,8.333333333333332,22.97320467501603,Core_ZN,4.038461538461539e-09,6.730769230769232e-13,573.403795477268,,,22.97320467501603,22.500016392630833,22.82266153493167,22.679202495750804,23.154590504725917
sensor,1979-06-25 00:50,1444,8.066666666666666,22.933049807015713,Core_ZN,4.038461538461539e-09,6.730769230769232e-13,573.4037954772687,,,22.933049807015713,22.45192758849874,22.771597920773655,22.632820610389196,23.103708417074447
sensor,1979-06-25 00:60,1445,7.8,22.893201210368293,Core_ZN,4.038461538461539e-09,6.730769230769232e-13,573.4037954772693,,,22.893201210368293,22.40342467267486,22.719941769460238,22.586592967446546,23.052237004477654
sensor,1979-06-25 01:10,1446,7.7,22.8607447408684,Core_ZN,4.038461538461539e-09,6.730769230769232e-13,573.40379547727,,,22.8607447408684,22.363755522510584,22.677921218888386,22.548884329691735,23.00955576589459
sensor,1979-06-25 01:20,1447,7.6,22.830368438680363,Core_ZN,4.038461538461539e-09,6.730769230769232e-13,573.4037954772707,,,22.830368438680363,22.325939180489883,22.63443118124264,22.513053232170186,22.971883185729116
sensor,1979-06-25 01:30,1448,7.5,22.800800220375976,Core_ZN,4.038461538461539e-09,6.730769230769232e-13,573.4037954772714,,,22.800800220375976,22.288908908747903,22.594309223513655,22.477966898418067,22.93199512897842
sensor,1979-06-25 01:40,1449,7.4,22.771609309681093,Core_ZN,4.038461538461539e-09,6.730769230769232e-13,573.4037954772721,,,22.771609309681093,22.252317469159273,22.554911248360103,22.443258293111747,22.891949854255035
sensor,1979-06-25 01:50,1450,7.3,22.742627843054127,Core_ZN,4.038461538461539e-09,6.730769230769232e-13,573.4037954772728,,,22.742627843054127,22.21602572281134,22.515930286783995,22.40877991531838,22.85175192952113
sensor,1979-06-25 01:60,1451,7.2,22.713771072507225,Core_ZN,4.038461538461539e-09,6.730769230769232e-13,573.4037954772734,,,22.713771072507225,22.179953085617363,22.47723484469429,22.374448417248228,22.81146270038158
sensor,1979-06-25 02:10,1452,7.2,22.689360052385908,Core_ZN,4.038461538461539e-09,6.730769230769232e-13,573.4037954772741,,,22.689360052385908,22.148058494684175,22.442938492117804,22.344178156118737,22.77598836173257
sensor,1979-06-25 02:20,1453,7.200000000000001,22.666267626896477,Core_ZN,4.038461538461539e-09,6.730769230769232e-13,573.4037954772748,,,22.666267626896477,22.117240689915242,22.40969792941757,22.314930992524737,22.7416696880971
sensor,1979-06-25 02:30,1454,7.2,22.643784556574342,Core_ZN,4.038461538461539e-09,6.730769230769232e-13,573.4037954772755,,,22.643784556574342,22.08700787181684,22.377049020152622,22.286195527064272,22.70791114942341
sensor,1979-06-25 02:40,1455,7.2,22.621655245425575,Core_ZN,4.038461538461539e-09,6.730769230769232e-13,573.4037954772762,,,22.621655245425575,22.057175268005786,22.344816388890898,22.257786065886528,22.674509207572285
sensor,1979-06-25 02:50,1456,7.199999999999999,22.599771092629087,Core_ZN,4.038461538461539e-09,6.730769230769232e-13,573.4037954772768,,,22.599771092629087,22.027657617937756,22.312916772376642,22.22961930880552,22.64137253909827
sensor,1979-06-25 02:60,1457,7.2,22.5780725372249,Core_ZN,4.038461538461539e-09,6.730769230769232e-13,573.4037954772775,,,22.5780725372249,21.99840112323146,22.284642042284393,22.20164466892066,22.608444232942553
sensor,1979-06-25 03:10,1458,7.116666666666667,22.55277881372983,Core_ZN,4.038461538461539e-09,6.730769230769232e-13,573.4037954772782,,,22.55277881372983,21.96474372973296,22.245924399356156,22.16948990258681,22.570912308877354
sensor,1979-06-25 03:20,1459,7.033333333333334,22.526482725735136,Core_ZN,4.038461538461539e-09,6.730769230769232e-13,573.4037954772789,,,22.526482725735136,21.93015307419393,22.20876255283171,22.136377654440707,22.5324667207857
sensor,1979-06-25 03:30,1460,6.95,22.499721783063485,Core_ZN,4.038461538461539e-09,6.730769230769232e-13,573.4037954772796,,,22.499721783063485,21.895102623224602,22.171352394096658,22.102772401986464,22.49354136971813
sensor,1979-06-25 03:40,1461,6.866666666666667,22.47266944338843,Core_ZN,4.038461538461539e-09,6.730769230769232e-13,573.4037954772803,,,22.47266944338843,21.85974686044694,22.13371352599101,22.068825078014804,22.454273453101713
sensor,1979-06-25 03:50,1462,6.783333333333333,22.445385004592886,Core_ZN,4.038461538461539e-09,6.730769230769232e-13,573.4037954772809,,,22.445385004592886,21.824141852266912,22.095854894112765,22.034591278289337,22.4147135095711
sensor,1979-06-25 03:60,1463,6.7,22.417894638126523,Core_ZN,4.038461538461539e-09,6.730769230769232e-13,573.4037954772816,,,22.417894638126523,21.788318001684356,22.057794979951876,22.000101351208027,22.374891855632736
sensor,1979-06-25 04:10,1464,6.783333333333334,22.409084968502853,Core_ZN,4.038461538461539e-09,6.730769230769232e-13,573.4037954772823,,,22.409084968502853,21.772993012678075,22.03997368172753,21.985560808560834,22.355545437427896
sensor,1979-06-25 04:20,1465,6.866666666666667,22.398977190727365,Core_ZN,4.038461538461539e-09,6.730769230769232e-13,573.403795477283,,,22.398977190727365,21.75521429432956,22.019425242676,21.968520109711275,22.333540839052446
sensor,1979-06-25 04:30,1466,6.95,22.38762970921441,Core_ZN,4.038461538461539e-09,6.730769230769232e-13,573.4037954772837,,,22.38762970921441,21.74950553203068,22.1045061873656,22.014566287179147,22.32239246015607
sensor,1979-06-25 04:40,1467,7.033333333333333,22.379059678360502,Core_ZN,4.038461538461539e-09,6.730769230769232e-13,573.4037954772843,,,22.379059678360502,21.746052601603772,22.23804436580391,22.079256051664885,22.3100710629954
sensor,1979-06-25 04:50,1468,7.116666666666666,22.374658854720426,Core_ZN,4.038461538461539e-09,6.730769230769232e-13,573.403795477285,,,22.374658854720426,21.74622684871535,22.39633136374255,22.15046007971459,22.303571418611593
sensor,1979-06-25 04:60,1469,7.2,22.374241115301327,Core_ZN,4.038461538461539e-09,6.730769230769232e-13,573.4037954772857,,,22.374241115301327,21.750963897862345,22.562369191829198,22.2188006293521,22.301087922806033
sensor,1979-06-25 05:13,1470,7.949999999999999,22.93974090051521,Core_ZN,2288.4280409043126,0.38140467348405205,573.7852001507698,,,22.93974090051521,22.23778086731449,23.292156347224868,22.765563119866354,22.904260595136783
sensor,1979-06-25 05:25,1471,8.7,23.493429010778513,Core_ZN,2395.2665648506472,0.39921109414177447,574.1844112449115,,,23.493429010778513,22.68784009812999,23.891117589742997,23.303605871643285,23.464529017432593
sensor,1979-06-25 05:33,1472,9.45,23.76913196987681,Core_ZN,2286.702522281481,0.38111708704691344,574.5655283319585,,,23.76913196987681,22.94057482332166,23.990699687761868,23.58257166638406,23.75033217544
sensor,1979-06-25 05:43,1473,10.2,23.95899680961664,Core_ZN,2316.2710303333106,0.3860451717222184,574.9515735036807,,,23.95899680961664,23.134158581690077,23.99908100102291,23.78907080995814,23.96459679808089
sensor,1979-06-25 05:53,1474,10.95,23.998570485080045,Core_ZN,2380.625312316111,0.39677088538601846,575.3483443890667,,,23.998570485080045,23.277096032548368,23.99994265599529,23.9399754141195,23.99814372556975
sensor,1979-06-25 05:63,1475,11.7,23.99995361812325,Core_ZN,2437.2431231385126,0.40620718718975213,575.7545515762565,,,23.99995361812325,23.393965361312233,23.99998762301215,23.998024827421645,23.9998963298292
sensor,1979-06-25 06:12,1476,12.433333333333334,23.67657674880211,Core_ZN,2283.8316532364847,0.3806386088727474,576.1351901851293,,,23.67657674880211,23.079331614457786,24.00006425816146,23.658060191459633,23.75997238832086
sensor,1979-06-25 06:22,1477,13.166666666666668,23.43004440225352,Core_ZN,2311.5983205699813,0.3852663867616635,576.520456571891,,,23.43004440225352,22.8521809581576,24.000056947442694,23.428156972779053,23.636598837438314
sensor,1979-06-25 06:32,1478,13.9,23.37532295748954,Core_ZN,2339.9889587055786,0.38999815978426305,576.9104547316753,,,23.37532295748954,22.84029407002871,24.000070448866985,23.382810651676845,23.66507365858504
sensor,1979-06-25 06:42,1479,14.633333333333335,23.413046575253603,Core_ZN,2365.8047257530634,0.3943007876255105,577.3047555193008,,,23.413046575253603,22.921208894397928,24.00008353548861,23.40963032239932,23.75240308871429
sensor,1979-06-25 06:52,1480,15.366666666666667,23.494677035060484,Core_ZN,2390.869517552965,0.3984782529254942,577.7032337722263,,,23.494677035060484,23.04347014180568,24.00009667813027,23.474431789723972,23.86667397230752
sensor,1979-06-25 06:62,1481,16.1,23.6020340117375,Core_ZN,2428.150368305443,0.40469172805090714,578.1079255002772,,,23.6020340117375,23.189266748318463,24.00010916872202,23.55968102798122,23.981883504162425
sensor,1979-06-25 07:12,1482,16.85,23.96874255264994,Core_ZN,2942.8750485565242,0.49047917475942066,578.5984046750367,,,23.96874255264994,23.74812236834203,24.000116292964453,23.948143369870035,23.99931253142495
sensor,1979-06-25 07:22,1483,17.6,23.99938004530206,Core_ZN,3130.172768072045,0.5216954613453408,579.120100136382,,,23.99938004530206,23.994323565906903,24.00010514153705,23.998842819040593,24.000037655885144
sensor,1979-06-25 07:32,1484,18.35,24.000027452220394,Core_ZN,3299.8458827693016,0.5499743137948836,579.6700744501769,,,24.000027452220394,23.99998625709693,24.000099823286178,24.00010652396252,24.000141891748495
sensor,1979-06-25 07:42,1485,19.1,24.00002549892639,Core_ZN,3462.6712013341303,0.5771118668890216,580.2471863170659,,,24.00002549892639,24.00004490586265,24.000117585415374,24.000052089785285,24.000044299640187
sensor,1979-06-25 07:52,1486,19.85,24.000008115136957,Core_ZN,3625.5971701316143,0.6042661950219357,580.8514525120879,,,24.000008115136957,24.000039347077887,24.000114576015775,24.000040975164723,24.000005399057066
sensor,1979-06-25 07:62,1487,20.6,23.999989818862716,Core_ZN,3788.035466477982,0.6313392444129969,581.4827917565009,,,23.999989818862716,24.000029462458684,24.000043319432816,24.000029565852664,23.999996733904705
sensor,1979-06-25 08:12,1488,20.96666666666667,23.999960485766003,Core_ZN,3894.8005044666957,0.6491334174111159,582.131925173912,,,23.999960485766003,24.000008096283786,23.99994902039986,24.000006700535813,23.99998315631855
sensor,1979-06-25 08:22,1489,21.333333333333336,23.999932473397138,Core_ZN,3995.065968794533,0.6658443281324221,582.7977695020444,,,23.999932473397138,23.999987479307627,23.9999005410218,23.999985402659053,23.999970401817645
sensor,1979-06-25 08:32,1490,21.700000000000003,23.999907207207862,Core_ZN,4089.550127166933,0.6815916878611554,583.4793611899055,,,23.999907207207862,23.999967791774264,23.99986323325079,23.999965304110127,23.999958209741404
sensor,1979-06-25 08:42,1491,22.066666666666666,23.999884370984553,Core_ZN,4182.178428013881,0.6970297380023134,584.1763909279078,,,23.999884370984553,23.999949028946663,23.999834068623073,23.999946426609196,23.999946653919075
sensor,1979-06-25 08:52,1492,22.433333333333334,23.99986378793496,Core_ZN,4266.273949134525,0.7110456581890874,584.8874365860969,,,23.99986378793496,23.999931269016272,23.999815567595977,23.999928851168793,23.999935824741126
sensor,1979-06-25 08:62,1493,22.8,23.999845361956194,Core_ZN,4344.961927143032,0.7241603211905053,585.6115969072874,,,23.999845361956194,23.999914533966564,23.99980413000839,23.99991262152171,23.999925758586933
sensor,1979-06-25 09:12,1494,23.066666666666666,23.99982749786372,Core_ZN,4403.860809152934,0.7339768015254889,586.3455737088129,,,23.99982749786372,23.999897285547235,23.999794983147837,23.999896479445393,23.999915814218767
sensor,1979-06-25 09:22,1495,23.333333333333336,23.999811439835476,Core_ZN,4458.3569661979955,0.7430594943663326,587.0886332031793,,,23.999811439835476,23.99988130133621,23.99979101046924,23.99988208416896,23.99990694282312
sensor,1979-06-25 09:32,1496,23.6,23.999797602407504,Core_ZN,4508.643077453176,0.7514405129088627,587.8400737160881,,,23.999797602407504,23.999866501898524,23.999790785680904,23.999869153372632,23.999898930780407
sensor,1979-06-25 09:42,1497,23.866666666666667,23.999785581069514,Core_ZN,4553.958578583332,0.7589930964305553,588.5990668125187,,,23.999785581069514,23.999852754893066,23.999794810342387,23.99985781877237,23.99989171889132
sensor,1979-06-25 09:52,1498,24.133333333333333,23.999775098933043,Core_ZN,4597.194504058831,0.7661990840098052,589.3652658965285,,,23.999775098933043,23.999840096637755,23.999799842368773,23.99984758311041,23.9998852233335
sensor,1979-06-25 09:62,1499,24.4,23.999765939627153,Core_ZN,4638.708052313675,0.7731180087189458,590.1383839052475,,,23.999765939627153,23.999827734123524,23.999806119894636,23.999838334604853,23.999879372222463
sensor,1979-06-25 10:12,1500,24.599999999999998,23.999708393344445,Core_ZN,4672.113674493322,0.7786856124155537,590.917069517663,,,23.999708393344445,23.99977703486375,23.999786169197442,23.999796673279292,23.999848453890593
sensor,1979-06-25 10:23,1501,24.800000000000004,23.999697914245388,Core_ZN,4706.290026675188,0.7843816711125312,591.7014511887755,,,23.999697914245388,23.999766924120536,23.999788287999245,23.99979116371814,23.999846010605886
sensor,1979-06-25 10:32,1502,25.0,23.999691341786043,Core_ZN,4739.398595263234,0.7898997658772056,592.4913509546527,,,23.999691341786043,23.999757377665222,23.999798459180063,23.999786257002942,23.999842790830215
sensor,1979-06-25 10:43,1503,25.200000000000003,23.999596903122683,Core_ZN,4769.974901409747,0.7949958169016245,593.2863467715543,,,23.999596903122683,23.999672884059763,23.999771340911124,23.99971876267331,23.999793167920977
sensor,1979-06-25 10:53,1504,25.400000000000002,23.999588325629503,Core_ZN,4802.379996786076,0.8003966661310127,594.0867434376854,,,23.999588325629503,23.9996702135487,23.999765861404352,23.99971553362961,23.999792768259447
sensor,1979-06-25 10:65,1505,25.6,23.99941986710327,Core_ZN,4844.652845956853,0.8074421409928088,594.8941855786783,,,23.99941986710327,23.999526079877327,23.999707353982455,23.999597082866202,23.99970791294075
sensor,1979-06-25 11:15,1506,25.783333333333335,23.999579683219554,Core_ZN,4628.596778216035,0.771432796369339,595.6656183750476,,,23.999579683219554,23.99967161175243,23.99978911669745,23.999726302674837,23.999808509859076
sensor,1979-06-25 11:25,1507,25.96666666666667,23.999583319046074,Core_ZN,4653.400271651023,0.7755667119418371,596.4411850869894,,,23.999583319046074,23.999689610888957,23.999805499307698,23.99974393570055,23.99982494878538
sensor,1979-06-25 11:35,1508,26.15,23.999581495704014,Core_ZN,4681.671585619712,0.7802785976032852,597.2214636845928,,,23.999581495704014,23.999692664392043,23.999809774580264,23.99974725842648,23.999827522084367
sensor,1979-06-25 11:45,1509,26.333333333333332,23.999579930073637,Core_ZN,4711.841297711185,0.7853068829518641,598.0067705675447,,,23.999579930073637,23.99969360257112,23.9998120296002,23.99974870801241,23.999828038406875
sensor,1979-06-25 11:55,1510,26.516666666666666,23.999587002249683,Core_ZN,4726.823924569741,0.7878039874282902,598.794574554973,,,23.999587002249683,23.999706043254584,23.99982116965106,23.999758286894057,23.999834325454852
sensor,1979-06-25 11:65,1511,26.7,23.999583843632433,Core_ZN,4759.355969124134,0.7932259948540223,599.587800549827,,,23.999583843632433,23.99970517554241,23.999821011929114,23.999757361464972,23.999834387678696
sensor,1979-06-25 12:10,1512,26.6,23.999283907227273,Core_ZN,4995.042050136276,0.832507008356046,600.420307558183,,,23.999283907227273,23.999527536285466,23.999747658479784,23.999602785859775,23.999760091644173
sensor,1979-06-25 12:20,1513,26.5,23.999043792263038,Core_ZN,4995.060028935568,0.8325100048225946,601.2528175630056,,,23.999043792263038,23.999332298442408,23.999596221876793,23.999417982552206,23.999627523319212
sensor,1979-06-25 12:30,1514,26.4,23.998975685338717,Core_ZN,4988.412149187093,0.8314020248645155,602.08421958787,,,23.998975685338717,23.99926596536681,23.999542942477365,23.999353553102015,23.999581744138275
sensor,1979-06-25 12:45,1515,26.299999999999997,23.999276875904837,Core_ZN,4973.14278079032,0.8288571301317199,602.9130767180018,,,23.999276875904837,23.99943217372931,23.999626124613698,23.999504660672883,23.999651791606148
sensor,1979-06-25 12:55,1516,26.200000000000003,23.999310727133935,Core_ZN,4956.635195560101,0.8261058659266834,603.7391825839285,,,23.999310727133935,23.999464232905787,23.99964737448852,23.99953045004443,23.999680427759596
sensor,1979-06-25 12:63,1517,26.1,23.999472428116906,Core_ZN,4937.09581056516,0.82284930176086,604.5620318856893,,,23.999472428116906,23.99957451587534,23.99970960205421,23.999626623083593,23.99973531984232
sensor,1979-06-25 13:13,1518,26.01666666666667,23.999508726697286,Core_ZN,4935.873716201015,0.8226456193668358,605.3846775050562,,,23.999508726697286,23.999616922792473,23.999739294864384,23.999661814590276,23.999756357471988
sensor,1979-06-25 13:25,1519,25.933333333333337,23.999328701542247,Core_ZN,4936.379583430199,0.8227299305716997,606.2074074356278,,,23.999328701542247,23.999477844003188,23.999644636842476,23.999526622691594,23.999639963020176
sensor,1979-06-25 13:35,1520,25.85,23.99937737109925,Core_ZN,4940.726128015918,0.8234543546693197,607.0308617902972,,,23.99937737109925,23.999508723891413,23.99966000253249,23.999554051752604,23.999648247748453
sensor,1979-06-25 13:40,1521,25.766666666666666,23.999044432954086,Core_ZN,4951.323641556324,0.8252206069260539,607.8560823972233,,,23.999044432954086,23.999285205781504,23.999537467936694,23.999337887698967,23.99950106617374
sensor,1979-06-25 13:50,1522,25.683333333333337,23.999014553195906,Core_ZN,4962.386451498878,0.8270644085831462,608.6831468058065,,,23.999014553195906,23.999260860037683,23.99950893410043,23.99931032993553,23.99945771832761
sensor,1979-06-25 13:60,1523,25.6,23.99901566817783,Core_ZN,4978.046607886066,0.8296744346476776,609.5128212404542,,,23.99901566817783,23.99926181047277,23.999500010840777,23.999308610672788,23.999422978195902
sensor,1979-06-25 14:10,1524,25.683333333333337,23.999027547586323,Core_ZN,5019.627256105824,0.8366045426843041,610.3494257831385,,,23.999027547586323,23.99927097657105,23.999501198316867,23.99931656267366,23.99939348972303
sensor,1979-06-25 14:20,1525,25.76666666666667,23.999023856533274,Core_ZN,5061.986749404286,0.8436644582340476,611.1930902413725,,,23.999023856533274,23.999266114229528,23.999499942462613,23.999311744693486,23.999357468526178
sensor,1979-06-25 14:30,1526,25.85,23.999020021818872,Core_ZN,5105.085379064406,0.8508475631774011,612.0439378045498,,,23.999020021818872,23.99925890549616,23.999498168426726,23.999304478112002,23.999318849018415
sensor,1979-06-25 14:40,1527,25.933333333333334,23.999013656306847,Core_ZN,5146.216884834496,0.8577028141390827,612.9016406186889,,,23.999013656306847,23.99925230295958,23.999496642276647,23.99929739372003,23.99928080073707
sensor,1979-06-25 14:55,1528,26.01666666666667,23.999332847856316,Core_ZN,5183.659425108637,0.8639432375181061,613.7655838562071,,,23.999332847856316,23.999471155858686,23.999618218359437,23.99950115505053,23.99936160290232
sensor,1979-06-25 14:65,1529,26.1,23.999375269508853,Core_ZN,5223.504597268592,0.8705840995447653,614.6361679557518,,,23.999375269508853,23.999500661223507,23.999648114074205,23.999531670484274,23.99940962268436
sensor,1979-06-25 15:15,1530,26.01666666666667,23.999375214544393,Core_ZN,5233.522711245986,0.8722537852076644,615.5084217409595,,,23.999375214544393,23.999499562493384,23.99965177011689,23.9995308106919,23.999397764313805
sensor,1979-06-25 15:25,1531,25.933333333333337,23.999351459726256,Core_ZN,5240.294772004539,0.8733824620007564,616.3818042029603,,,23.999351459726256,23.99949592254786,23.99965187013835,23.999527221211135,23.99938428632023
sensor,1979-06-25 15:35,1532,25.85,23.99934035592318,Core_ZN,5243.476200937263,0.8739127001562104,617.2557169031165,,,23.99934035592318,23.999492506501234,23.999651714322763,23.999523887394545,23.999372456196035
sensor,1979-06-25 15:45,1533,25.766666666666666,23.99933285469777,Core_ZN,5245.826531188063,0.8743044218646772,618.1300213249812,,,23.99933285469777,23.99948911644458,23.99965162438111,23.999520768565716,23.9993621592832
sensor,1979-06-25 15:53,1534,25.683333333333337,23.999496686711343,Core_ZN,5245.58141752097,0.8742635695868282,619.004284894568,,,23.999496686711343,23.99960047711543,23.999978140395243,23.999624622098082,23.999452925791836
sensor,1979-06-25 15:63,1535,25.6,23.999510261913386,Core_ZN,5245.337883904247,0.8742229806507078,619.8785078752187,,,23.999510261913386,23.999617965247257,23.99999464433818,23.999642611269245,23.999492041697405
sensor,1979-06-25 16:13,1536,25.5,23.99975249273468,Core_ZN,4588.805823449729,0.7648009705749549,620.6433088457936,,,23.99975249273468,23.99980440378433,24.000063684387534,23.99982112374758,23.999697502761983
sensor,1979-06-25 16:23,1537,25.400000000000002,23.999796186630988,Core_ZN,4508.346761379071,0.7513911268965117,621.3946999726901,,,23.999796186630988,23.999828913228736,24.000027411114875,23.99984512593165,23.99974666902743
sensor,1979-06-25 16:33,1538,25.3,23.999811705925573,Core_ZN,4457.098815415645,0.742849802569274,622.1375497752593,,,23.999811705925573,23.999841025712463,23.999976938287737,23.999909588219467,23.99976654601752
sensor,1979-06-25 16:43,1539,25.2,23.999821879705934,Core_ZN,4408.623786919868,0.7347706311533112,622.8723204064127,,,23.999821879705934,24.000006490488545,23.999931491658405,24.000010278469404,23.999928101144235
sensor,1979-06-25 16:53,1540,25.1,23.99982975803219,Core_ZN,4365.681702825437,0.7276136171375729,623.5999340235502,,,23.99982975803219,23.999979916783154,23.999915182353597,23.99998379867864,23.999985325342205
sensor,1979-06-25 16:63,1541,25.0,23.99983600509399,Core_ZN,4328.788238922165,0.7214647064870274,624.3213987300372,,,23.99983600509399,23.99994819196673,23.999914609006687,23.999949318547852,23.9999505019021
sensor,1979-06-25 17:13,1542,24.81666666666667,23.999980150988236,Core_ZN,4089.655169072258,0.6816091948453763,625.0030079248826,,,23.999980150988236,23.999933475657173,23.999923343296405,23.999930495469062,23.99990399014823
sensor,1979-06-25 17:23,1543,24.633333333333333,24.00001130291051,Core_ZN,4027.295852744275,0.6712159754573791,625.6742239003399,,,24.00001130291051,23.999934357353695,23.999949104558233,23.999931789854337,23.99991410856287
sensor,1979-06-25 17:33,1544,24.45,23.999990510984514,Core_ZN,3983.193686075674,0.6638656143459456,626.3380895146859,,,23.999990510984514,23.99993270837878,23.999952788595238,23.999927893619642,23.999903680332064
sensor,1979-06-25 17:43,1545,24.266666666666666,23.99996890243354,Core_ZN,3937.1313401485554,0.6561885566914258,626.9942780713773,,,23.99996890243354,23.999935047468327,23.999954879780727,23.99992674744589,23.99990388684256
sensor,1979-06-25 17:53,1546,24.083333333333336,23.999948417877658,Core_ZN,3890.7147058038404,0.6484524509673066,627.6427305223446,,,23.999948417877658,23.999937374884773,23.999956649916214,23.999926114235574,23.99990555869436
sensor,1979-06-25 17:63,1547,23.9,23.99993530180357,Core_ZN,3844.012792133889,0.6406687986889814,628.2833993210336,,,23.99993530180357,23.99993952252637,23.999958206891897,23.99992634552502,23.999907870497267
sensor,1979-06-25 18:13,1548,23.616666666666667,23.999933266280514,Core_ZN,3783.7368790723817,0.6306228131787303,628.9140221342124,,,23.999933266280514,23.99994160232678,23.99995953737838,23.999926971640885,23.99991059586771
sensor,1979-06-25 18:23,1549,23.333333333333332,23.99993586467437,Core_ZN,3721.9993078488314,0.6203332179748052,629.5343553521872,,,23.99993586467437,23.999943779565086,23.999960860386253,23.99992804918568,23.99991389655297
sensor,1979-06-25 18:33,1550,23.049999999999997,23.99993718118894,Core_ZN,3660.3990725215153,0.6100665120869192,630.1444218642741,,,23.99993718118894,23.99994597934109,23.99996213350395,23.999929592808922,23.99991760182902
sensor,1979-06-25 18:43,1551,22.766666666666666,23.99993824630524,Core_ZN,3595.6020242970694,0.5992670040495115,630.7436888683236,,,23.99993824630524,23.99994827473488,23.999963379161223,23.99993191467649,23.999922059826652
sensor,1979-06-25 18:53,1552,22.48333333333333,23.99993934015596,Core_ZN,3525.4655544117186,0.5875775924019531,631.3312664607256,,,23.99993934015596,23.99995083898262,23.999964737867355,23.99993504192983,23.9999274525086
sensor,1979-06-25 18:63,1553,22.2,23.999940524167265,Core_ZN,3453.5215034677194,0.5755869172446199,631.9068533779703,,,23.999940524167265,23.99995332316214,23.999966075383377,23.999938616281145,23.999933324712124
sensor,1979-06-25 19:13,1554,21.733333333333334,23.99994759102188,Core_ZN,3315.714225238755,0.5526190375397924,632.45947241551,,,23.99994759102188,23.99996064314213,23.99997124170192,23.999947904476855,23.99994476241224
sensor,1979-06-25 19:23,1555,21.266666666666666,23.999949877707337,Core_ZN,3209.63865075615,0.534939775126025,632.9944121906361,,,23.999949877707337,23.999964496767888,23.999973554329074,23.99995390335058,23.999952175376375
sensor,1979-06-25 19:33,1556,20.799999999999997,23.999952220408765,Core_ZN,3090.868931099406,0.515144821849901,633.509557012486,,,23.999952220408765,23.99996836695055,23.9999757081281,23.99996240738143,23.999960416112316
sensor,1979-06-25 19:43,1557,20.333333333333332,23.99995463991852,Core_ZN,3001.441404746478,0.500240234124413,634.0097972466103,,,23.99995463991852,23.99997146431543,23.99997751224638,23.999966937736414,23.999964746037865
sensor,1979-06-25 19:53,1558,19.866666666666667,23.999956839142854,Core_ZN,2923.8433418448994,0.4873072236408165,634.4971044702512,,,23.999956839142854,23.999974171011864,23.999979126634962,23.999970286424066,23.999967728529754
sensor,1979-06-25 19:63,1559,19.4,23.999937307068528,Core_ZN,2852.610471241305,0.4754350785402175,634.9725395487915,,,23.999937307068528,23.999962052707986,23.99996066611517,23.999956151868304,23.99994346174317
sensor,1979-06-25 20:13,1560,19.133333333333333,23.999954891673696,Core_ZN,2807.4387053259666,0.46790645088766103,635.4404459996791,,,23.999954891673696,23.999976935886316,23.999981253348423,23.99997352129284,23.999971428575222
sensor,1979-06-25 20:23,1561,18.866666666666667,23.999963058291655,Core_ZN,2764.931180161156,0.46082186336019265,635.9012678630393,,,23.999963058291655,23.999981069751332,23.99998512527927,23.999978263705593,23.99997723281136
sensor,1979-06-25 20:33,1562,18.6,23.9999672710095,Core_ZN,2726.1539629277336,0.4543589938212889,636.3556268568606,,,23.9999672710095,23.999983979111473,23.99998707455325,23.99998152767063,23.9999803367921
sensor,1979-06-25 20:45,1563,18.333333333333336,23.999944612210143,Core_ZN,2689.4274381991636,0.4482379063665272,636.8038647632271,,,23.999944612210143,23.999971675143392,23.999964529841204,23.999966992195304,23.99995330856155
sensor,1979-06-25 20:55,1564,18.066666666666666,23.999962763839264,Core_ZN,2654.638384479967,0.4424397307466612,637.2463044939738,,,23.999962763839264,23.99998352586436,23.999983405414408,23.99998077535868,23.99997686641381
sensor,1979-06-25 20:65,1565,17.8,23.999967461545403,Core_ZN,2621.250639526071,0.4368751065876785,637.6831796005614,,,23.999967461545403,23.99998680625557,23.99998797192214,23.99998446876639,23.99998256149793
sensor,1979-06-25 21:15,1566,17.616666666666667,24.113369522534022,Core_ZN,4.038461538461539e-09,6.730769230769232e-13,637.6831796005621,,,24.113369522534022,24.0601525996411,24.255299570664157,24.100670319733645,24.397866145022725
sensor,1979-06-25 21:25,1567,17.433333333333337,24.17366033669593,Core_ZN,4.038461538461539e-09,6.730769230769232e-13,637.6831796005628,,,24.17366033669593,24.07942619883555,24.372385727440758,24.144577439836894,24.58032054021024
sensor,1979-06-25 21:35,1568,17.25,24.1879608174776,Core_ZN,4.038461538461539e-09,6.730769230769232e-13,637.6831796005634,,,24.1879608174776,24.070359667093832,24.40068639131105,24.14669697754445,24.63504737580083
sensor,1979-06-25 21:45,1569,17.066666666666666,24.18507538313008,Core_ZN,4.038461538461539e-09,6.730769230769232e-13,637.6831796005641,,,24.18507538313008,24.052497019922267,24.401925472998656,24.13532101706656,24.651726470000362
sensor,1979-06-25 21:55,1570,16.883333333333333,24.17479168603802,Core_ZN,4.038461538461539e-09,6.730769230769232e-13,637.6831796005648,,,24.17479168603802,24.031464456513227,24.392402234521395,24.118903718802972,24.652897505650166
sensor,1979-06-25 21:65,1571,16.7,24.161087715694904,Core_ZN,4.038461538461539e-09,6.730769230769232e-13,637.6831796005655,,,24.161087715694904,24.00908455978478,24.377862577702295,24.10037581564009,24.646844196135955
sensor,1979-06-25 22:15,1572,16.416666666666664,24.133127741770974,Core_ZN,4.038461538461539e-09,6.730769230769232e-13,637.6831796005662,,,24.133127741770974,23.973105197588964,24.347620423298313,24.068195856143646,24.623806457831925
sensor,1979-06-25 22:25,1573,16.133333333333333,24.102002269073953,Core_ZN,4.038461538461539e-09,6.730769230769232e-13,637.6831796005669,,,24.102002269073953,23.934851479529364,24.313958034387234,24.033646654748264,24.596405981742656
sensor,1979-06-25 22:35,1574,15.85,24.071639528968298,Core_ZN,4.038461538461539e-09,6.730769230769232e-13,637.6831796005675,,,24.071639528968298,23.89753647445018,24.280233777310677,24.000001316363708,24.56814745842383
sensor,1979-06-25 22:45,1575,15.566666666666666,24.04156031153655,Core_ZN,4.038461538461539e-09,6.730769230769232e-13,637.6831796005682,,,24.04156031153655,23.86033307215387,24.24577308899699,23.966471841175558,24.538543705615922
sensor,1979-06-25 22:55,1576,15.283333333333333,24.011403070645663,Core_ZN,4.038461538461539e-09,6.730769230769232e-13,637.6831796005689,,,24.011403070645663,23.822812866830553,24.2103128674636,23.932630530550913,24.50739807247997
sensor,1979-06-25 22:60,1577,15.0,23.974741610275128,Core_ZN,4.038461538461539e-09,6.730769230769232e-13,637.6831796005696,,,23.974741610275128,23.777252242297205,24.16665653131411,23.89143746787567,24.468374204822272
sensor,1979-06-25 23:10,1578,14.816666666666666,23.932396672122103,Core_ZN,4.038461538461539e-09,6.730769230769232e-13,637.6831796005703,,,23.932396672122103,23.728924843683153,24.120206245620015,23.84625094432651,24.425543931791253
sensor,1979-06-25 23:20,1579,14.633333333333335,23.901098564209416,Core_ZN,4.038461538461539e-09,6.730769230769232e-13,637.683179600571,,,23.901098564209416,23.692198262602503,24.084778474910514,23.8124008267038,24.393158441886012
sensor,1979-06-25 23:35,1580,14.45,23.879064214773592,Core_ZN,4.038461538461539e-09,6.730769230769232e-13,637.6831796005716,,,23.879064214773592,23.66524791881001,24.058157256382724,23.78773123893239,24.368710094837475
sensor,1979-06-25 23:45,1581,14.266666666666666,23.852390978663887,Core_ZN,4.038461538461539e-09,6.730769230769232e-13,637.6831796005723,,,23.852390978663887,23.632526734296917,24.025601593690077,23.757755608045844,24.338564806025037
sensor,1979-06-25 23:55,1582,14.083333333333334,23.82629781141562,Core_ZN,4.038461538461539e-09,6.730769230769232e-13,637.683179600573,,,23.82629781141562,23.600290830908254,23.993164737048254,23.728209150362723,24.308235371752595
sensor,1979-06-25 23:65,1583,13.9,23.800261321282314,Core_ZN,4.038461538461539e-09,6.730769230769232e-13,637.6831796005737,,,23.800261321282314,23.56808226178275,23.96048375396827,23.698674879458487,24.277416854727903
sensor,1979-06-26 00:15,1584,13.8,23.777209509103017,Core_ZN,4.038461538461539e-09,6.730769230769232e-13,637.6831796005744,,,23.777209509103017,23.538387408817194,23.93020015410638,23.671491576250435,24.248660582684067
sensor,1979-06-26 00:20,1585,13.700000000000001,23.751622327251486,Core_ZN,4.038461538461539e-09,6.730769230769232e-13,637.683179600575,,,23.751622327251486,23.50441249308957,23.895368798961574,23.640387612947595,24.21530235204707
sensor,1979-06-26 00:30,1586,13.600000000000001,23.730971907467975,Core_ZN,4.038461538461539e-09,6.730769230769232e-13,637.6831796005757,,,23.730971907467975,23.476341224167417,23.866278781127725,23.614672674593752,24.187171515674837
sensor,1979-06-26 00:40,1587,13.5,23.710439627195175,Core_ZN,4.038461538461539e-09,6.730769230769232e-13,637.6831796005764,,,23.710439627195175,23.448275159656387,23.83706167165612,23.588914974459666,24.15869202503554
sensor,1979-06-26 00:50,1588,13.4,23.689892225018596,Core_ZN,4.038461538461539e-09,6.730769230769232e-13,637.6831796005771,,,23.689892225018596,23.42012424613097,23.807653097093386,23.563028320900703,24.12981652377553
sensor,1979-06-26 00:60,1589,13.3,23.669260211868586,Core_ZN,4.038461538461539e-09,6.730769230769232e-13,637.6831796005778,,,23.669260211868586,23.391836836740293,23.77801817877337,23.5369647096639,24.102234934710733
sensor,1979-06-26 01:10,1590,13.216666666666667,23.649244164718166,Core_ZN,4.038461538461539e-09,6.730769230769232e-13,637.6831796005785,,,23.649244164718166,23.364757273957565,23.749521712591083,23.511879412599132,24.07262463228976
sensor,1979-06-26 01:20,1591,13.133333333333336,23.62934219408127,Core_ZN,4.038461538461539e-09,6.730769230769232e-13,637.6831796005791,,,23.62934219408127,23.337910374666247,23.721149776120324,23.48693140037661,24.043991469207313
sensor,1979-06-26 01:30,1592,13.05,23.609395664542244,Core_ZN,4.038461538461539e-09,6.730769230769232e-13,637.6831796005798,,,23.609395664542244,23.31107859204081,23.69271611139183,23.461923219836024,24.01527097621635
sensor,1979-06-26 01:40,1593,12.966666666666669,23.589338213294216,Core_ZN,4.038461538461539e-09,6.730769230769232e-13,637.6831796005805,,,23.589338213294216,23.284179567291943,23.664155661167477,23.436782177275344,23.986308049862764
sensor,1979-06-26 01:50,1594,12.883333333333335,23.569136150645367,Core_ZN,4.038461538461539e-09,6.730769230769232e-13,637.6831796005812,,,23.569136150645367,23.257171773609986,23.635437482489184,23.41147307835511,23.95706082856413
sensor,1979-06-26 01:60,1595,12.8,23.54876849623383,Core_ZN,4.038461538461539e-09,6.730769230769232e-13,637.6831796005819,,,23.54876849623383,23.230028484726475,23.606542083652585,23.38597427241218,23.927515807603132
sensor,1979-06-26 02:10,1596,12.700000000000001,23.527395498132044,Core_ZN,4.038461538461539e-09,6.730769230769232e-13,637.6831796005825,,,23.527395498132044,23.201861554753894,23.57655797825254,23.35944237636118,23.896761058822936
sensor,1979-06-26 02:20,1597,12.600000000000001,23.50553412675168,Core_ZN,4.038461538461539e-09,6.730769230769232e-13,637.6831796005832,,,23.50553412675168,23.17326020905005,23.546127627805838,23.33243813982104,23.867454770257027
sensor,1979-06-26 02:30,1598,12.5,23.483330549213413,Core_ZN,4.038461538461539e-09,6.730769230769232e-13,637.6831796005839,,,23.483330549213413,23.144345908598368,23.513557586757493,23.305084677457558,23.836171947902713
sensor,1979-06-26 02:40,1599,12.4,23.460831738098776,Core_ZN,4.038461538461539e-09,6.730769230769232e-13,637.6831796005846,,,23.460831738098776,23.11515065959545,23.48197416162856,23.27741639232477,23.804353435594795
sensor,1979-06-26 02:50,1600,12.299999999999999,23.438054006242876,Core_ZN,4.038461538461539e-09,6.730769230769232e-13,637.6831796005853,,,23.438054006242876,23.08568380685043,23.450308739801404,23.2494450315723,23.77211325835644
sensor,1979-06-26 02:60,1601,12.2,23.415004879547986,Core_ZN,4.038461538461539e-09,6.730769230769232e-13,637.683179600586,,,23.415004879547986,23.055949819283878,23.418425803516264,23.22117735030152,23.739491472179765
sensor,1979-06-26 03:10,1602,12.116666666666665,23.392524987709976,Core_ZN,4.038461538461539e-09,6.730769230769232e-13,637.6831796005866,,,23.392524987709976,23.027076190829415,23.387410840631826,23.19363770921237,23.70767041226282
sensor,1979-06-26 03:20,1603,12.033333333333335,23.37008407009638,Core_ZN,4.038461538461539e-09,6.730769230769232e-13,637.6831796005873,,,23.37008407009638,22.998288502466632,23.35645266983706,23.16613403349962,23.67581817050333
sensor,1979-06-26 03:30,1604,11.95,23.34753420676588,Core_ZN,4.038461538461539e-09,6.730769230769232e-13,637.683179600588,,,23.34753420676588,22.969428078832042,23.32756645947013,23.13851958408344,23.643801012479635
sensor,1979-06-26 03:40,1605,11.866666666666667,23.324825200262175,Core_ZN,4.038461538461539e-09,6.730769230769232e-13,637.6831796005887,,,23.324825200262175,22.940444985065817,23.296940056100667,23.110750869876263,23.609389888841775
sensor,1979-06-26 03:50,1606,11.783333333333333,23.301935092255007,Core_ZN,4.038461538461539e-09,6.730769230769232e-13,637.6831796005894,,,23.301935092255007,22.9113161184477,23.265954729592654,23.082809508293764,23.576343446195853
sensor,1979-06-26 03:60,1607,11.7,23.278855047903352,Core_ZN,4.038461538461539e-09,6.730769230769232e-13,637.68317960059,,,23.278855047903352,22.8820303557711,23.234755984779042,23.054688438581575,23.54332874076723
sensor,1979-06-26 04:10,1608,11.7,23.270563013562313,Core_ZN,4.038461538461539e-09,6.730769230769232e-13,637.6831796005907,,,23.270563013562313,22.868242264099198,23.218780031371217,23.04163764417626,23.525618767955194
sensor,1979-06-26 04:20,1609,11.7,23.26086605316944,Core_ZN,4.038461538461539e-09,6.730769230769232e-13,637.6831796005914,,,23.26086605316944,22.851837266558096,23.199780239926664,23.025848910974222,23.504850717214012
sensor,1979-06-26 04:30,1610,11.7,23.24980263264016,Core_ZN,4.038461538461539e-09,6.730769230769232e-13,637.6831796005921,,,23.24980263264016,22.846163961925026,23.3056246657162,23.082264381390416,23.4934352517577
sensor,1979-06-26 04:40,1611,11.7,23.241448597379364,Core_ZN,4.038461538461539e-09,6.730769230769232e-13,637.6831796005928,,,23.241448597379364,22.842791239097373,23.436347157279517,23.14778751382669,23.483920904076466
sensor,1979-06-26 04:50,1612,11.7,23.237071847850427,Core_ZN,4.038461538461539e-09,6.730769230769232e-13,637.6831796005935,,,23.237071847850427,22.843587166396453,23.590564843002248,23.218854382073552,23.47794498863252
sensor,1979-06-26 04:60,1613,11.7,23.236461632508288,Core_ZN,4.038461538461539e-09,6.730769230769232e-13,637.6831796005941,,,23.236461632508288,22.85157792802032,23.755800215789378,23.29168577679238,23.477812902687837
sensor,1979-06-26 05:13,1614,12.15,23.748916930057078,Core_ZN,2446.6014357380463,0.407766905956341,638.0909465065505,,,23.748916930057078,23.307125672368137,23.985628370152632,23.798654983840528,23.94277969759999
sensor,1979-06-26 05:25,1615,12.600000000000001,23.971294724387633,Core_ZN,2614.385742608037,0.4357309571013395,638.5266774636518,,,23.971294724387633,23.743071447735254,23.997080806941803,23.973941859502233,23.98804728014231
sensor,1979-06-26 05:33,1616,13.05,23.99845269393497,Core_ZN,2663.1875279032156,0.44386458798386924,638.9705420516357,,,23.99845269393497,23.942451546659996,23.999742849369333,23.99847195579609,23.998954445144797
sensor,1979-06-26 05:43,1617,13.5,23.999903175698506,Core_ZN,2719.6428245583797,0.4532738040930633,639.4238158557288,,,23.999903175698506,23.99663985849116,23.999962515886153,23.99989593087009,23.999891772193678
sensor,1979-06-26 05:53,1618,13.95,23.99998911470024,Core_ZN,2761.0095797561953,0.46016826329269916,639.8839841190214,,,23.99998911470024,23.99979784771203,23.99998098574671,23.999988643791607,23.999984726554164
sensor,1979-06-26 05:63,1619,14.4,23.99999679217935,Core_ZN,2799.326382847493,0.4665543971412488,640.3505385161627,,,23.99999679217935,23.999991812103165,23.999992651719563,23.999997211530808,23.99999613885275
sensor,1979-06-26 06:13,1620,15.233333333333333,23.968465555455005,Core_ZN,2416.5152588080527,0.40275254313467546,640.7532910592973,,,23.968465555455005,23.85676873061774,24.000076177934222,24.000027109915614,24.000001043744376
sensor,1979-06-26 06:23,1621,16.066666666666666,23.99329654974663,Core_ZN,2489.623518649303,0.41493725310821716,641.1682283124055,,,23.99329654974663,23.816119226808993,24.00008165141743,24.000029179855545,24.00000397315936
sensor,1979-06-26 06:33,1622,16.9,23.99978083075426,Core_ZN,2560.8278819179804,0.4268046469863301,641.5950329593918,,,23.99978083075426,23.896163438877224,24.00009424418503,24.000031901662545,24.000007185247924
sensor,1979-06-26 06:42,1623,17.733333333333334,24.000040396484533,Core_ZN,2661.287140869482,0.4435478568115803,642.0385808162034,,,24.000040396484533,23.99417628898484,24.00015700667301,24.000042379185466,24.000025048943705
sensor,1979-06-26 06:52,1624,18.566666666666666,24.000057213800748,Core_ZN,2760.8532566459994,0.4601422094409999,642.4987230256444,,,24.000057213800748,23.999881563614373,24.000117341605655,24.000035163584016,24.000017498039767
sensor,1979-06-26 06:62,1625,19.4,24.000085630712995,Core_ZN,2863.3588400752988,0.47722647334588314,642.9759494989903,,,24.000085630712995,24.000039673130836,24.00012447631598,24.000051458898806,24.000038520583416
sensor,1979-06-26 07:12,1626,19.866666666666667,24.000059954683266,Core_ZN,3614.9783339883293,0.6024963889980548,643.5784458879883,,,24.000059954683266,24.00013383632275,24.000103828557865,24.000151606924206,24.000142471472586
sensor,1979-06-26 07:22,1627,20.333333333333332,24.000020481149043,Core_ZN,3779.528190261617,0.6299213650436029,644.208367253032,,,24.000020481149043,24.000057449753967,24.000072471384208,24.00008051875433,24.000041466151785
sensor,1979-06-26 07:32,1628,20.799999999999997,23.999985685395547,Core_ZN,3922.002929100026,0.6536671548500043,644.862034407882,,,23.999985685395547,24.000030102621412,24.00008933365125,24.000030120075976,23.999994784016334
sensor,1979-06-26 07:42,1629,21.266666666666666,23.99995295135938,Core_ZN,4065.7783705188485,0.6776297284198081,645.5396641363018,,,23.99995295135938,24.000003306069964,24.000094865147354,24.000002201004698,23.999975741806907
sensor,1979-06-26 07:52,1630,21.733333333333334,23.999922188794717,Core_ZN,4198.8908598301705,0.6998151433050284,646.2394792796068,,,23.999922188794717,23.999977321632592,23.99997062411755,23.999975988198656,23.99995865436933
sensor,1979-06-26 07:62,1631,22.2,23.999900442854106,Core_ZN,4322.567656757625,0.7204279427929374,646.9599072223998,,,23.999900442854106,23.999972514958653,23.99993663882271,23.99997224918232,23.999961159274775
sensor,1979-06-26 08:12,1632,22.483333333333334,23.99983238271905,Core_ZN,4415.2310156244275,0.7358718359374046,647.6957790583372,,,23.99983238271905,23.99990759885002,23.999807145319295,23.999906370364,23.999907592478905
sensor,1979-06-26 08:23,1633,22.766666666666666,23.999801826604624,Core_ZN,4499.582563581004,0.7499304272635007,648.4457094856007,,,23.999801826604624,23.99988159497868,23.999764836683227,23.999880720409113,23.99989117422245
sensor,1979-06-26 08:32,1634,23.049999999999997,23.999776815950597,Core_ZN,4576.324328855051,0.7627207214758418,649.2084302070765,,,23.999776815950597,23.99985898087079,23.999736863761623,23.99985871968513,23.999878145957197
sensor,1979-06-26 08:42,1635,23.333333333333332,23.9997552089435,Core_ZN,4645.757282383176,0.774292880397196,649.9827230874737,,,23.9997552089435,23.999838404229926,23.999718491058864,23.999838904232462,23.999866717999666
sensor,1979-06-26 08:53,1636,23.616666666666667,23.999736408741406,Core_ZN,4705.670616501718,0.7842784360836196,650.7670015235573,,,23.999736408741406,23.999819896513937,23.999710071083783,23.999821271251825,23.99985699296602
sensor,1979-06-26 08:62,1637,23.9,23.999720096697853,Core_ZN,4759.73799577131,0.793289665961885,651.5602911895191,,,23.999720096697853,23.999803285148317,23.999707114088753,23.99980567913618,23.99984817752693
sensor,1979-06-26 09:12,1638,24.266666666666666,23.99972281132899,Core_ZN,4830.904372378567,0.8051507287297612,652.365441918249,,,23.99972281132899,23.99980432431604,23.999725292755844,23.999808121974112,23.999849705338505
sensor,1979-06-26 09:23,1639,24.633333333333333,23.999723547637732,Core_ZN,4902.275738998495,0.8170459564997492,653.1824878747487,,,23.999723547637732,23.9998037805033,23.999739826402553,23.99980918133297,23.999849875967662
sensor,1979-06-26 09:32,1640,25.0,23.99972404816367,Core_ZN,4973.524884290732,0.8289208140484554,654.0114086887972,,,23.99972404816367,23.999802453922296,23.999752631853703,23.999809562756717,23.999849528612355
sensor,1979-06-26 09:42,1641,25.366666666666667,23.99972413882655,Core_ZN,5044.256801397049,0.840709466899508,654.8521181556968,,,23.99972413882655,23.99980060702944,23.999763928300176,23.999809551459755,23.999848955133995
sensor,1979-06-26 09:53,1642,25.733333333333334,23.99972379752233,Core_ZN,5115.338877250083,0.8525564795416805,655.7046746352385,,,23.99972379752233,23.999799699125923,23.999774508705492,23.9998093180443,23.999848050958935
sensor,1979-06-26 09:62,1643,26.1,23.999723067214145,Core_ZN,5187.58979695872,0.8645982994931201,656.5692729347315,,,23.999723067214145,23.999796843589976,23.999784627660077,23.999809130693684,23.99984683262272
sensor,1979-06-26 10:12,1644,26.28333333333334,23.999709702325653,Core_ZN,5225.269395009845,0.8708782325016406,657.4401511672332,,,23.999709702325653,23.999778808419375,23.99978291288688,23.999795841806595,23.999838283727215
sensor,1979-06-26 10:23,1645,26.46666666666667,23.999692633661507,Core_ZN,5262.792178638945,0.8771320297731575,658.3172831970064,,,23.999692633661507,23.999762686216016,23.99978522760869,23.999784815204602,23.999831491862345
sensor,1979-06-26 10:32,1646,26.65,23.9996802787242,Core_ZN,5297.956060850619,0.8829926768084364,659.2002758738148,,,23.9996802787242,23.99974794896666,23.999789580084986,23.999775311689554,23.999825668675175
sensor,1979-06-26 10:42,1647,26.833333333333336,23.999670340985304,Core_ZN,5333.078370437362,0.8888463950728935,660.0891222688876,,,23.999670340985304,23.999734589259756,23.999794948391884,23.999766718120007,23.99982035265003
sensor,1979-06-26 10:53,1648,27.016666666666666,23.999576303388068,Core_ZN,5369.233561644426,0.8948722602740711,660.9839945291617,,,23.999576303388068,23.99965364395838,23.999767931780035,23.99970147517453,23.999774034726972
sensor,1979-06-26 10:63,1649,27.2,23.999553463231585,Core_ZN,5415.619892327872,0.9026033153879786,661.8865978445497,,,23.999553463231585,23.999632096770227,23.999741183084538,23.999683042393166,23.99976054862225
sensor,1979-06-26 11:13,1650,27.383333333333333,23.99967273166292,Core_ZN,5199.872825851584,0.8666454709752639,662.753243315525,,,23.99967273166292,23.999732828879043,23.999821129295675,23.999777452658932,23.999836996692277
sensor,1979-06-26 11:23,1651,27.56666666666667,23.999677127617886,Core_ZN,5230.561223894926,0.8717602039824877,663.6250035195075,,,23.999677127617886,23.999748529944856,23.99983808216442,23.999792460091847,23.999849521591013
sensor,1979-06-26 11:33,1652,27.75,23.99967792545453,Core_ZN,5266.06036780696,0.8776767279678267,664.5026802474753,,,23.99967792545453,23.999754552999086,23.99984360384614,23.999798326656062,23.999853069711868
sensor,1979-06-26 11:45,1653,27.933333333333337,23.99955066446706,Core_ZN,5300.562674118862,0.8834271123531435,665.3861073598284,,,23.99955066446706,23.999651800736686,23.999787015305238,23.999714386768794,23.999788121711134
sensor,1979-06-26 11:55,1654,28.116666666666667,23.99955076275392,Core_ZN,5334.088622293573,0.8890147703822622,666.2751221302107,,,23.99955076275392,23.999680039676306,23.99979733318079,23.999735198499284,23.999805961743906
sensor,1979-06-26 11:65,1655,28.3,23.99955053895936,Core_ZN,5368.350341169177,0.8947250568615295,667.1698471870722,,,23.99955053895936,23.999687663433026,23.999800823332173,23.99974054717473,23.999810255729464
sensor,1979-06-26 12:10,1656,28.400000000000002,23.99923351048402,Core_ZN,5651.655918908012,0.9419426531513353,668.1117898402235,,,23.99923351048402,23.99950801642372,23.999712735176413,23.999583103433984,23.999720655617363
sensor,1979-06-26 12:20,1657,28.500000000000004,23.99897219984344,Core_ZN,5696.558860113251,0.9494264766855418,669.061216316909,,,23.99897219984344,23.999294795979512,23.999534435443362,23.99938397369507,23.999554478749534
sensor,1979-06-26 12:30,1658,28.6,23.99891192043586,Core_ZN,5735.656202794963,0.9559427004658271,670.0171590173749,,,23.99891192043586,23.99923800742871,23.99947388976661,23.99932894271524,23.99949836528278
sensor,1979-06-26 12:40,1659,28.700000000000003,23.99888875892364,Core_ZN,5777.837004033576,0.962972834005596,670.9801318513804,,,23.99888875892364,23.99921562331871,23.999450409521117,23.99930750283584,23.999477000921164
sensor,1979-06-26 12:50,1660,28.799999999999997,23.998874545581838,Core_ZN,5819.665268027804,0.9699442113379673,671.9500760627184,,,23.998874545581838,23.999200895190892,23.999438651393174,23.999294078248944,23.999466529474113
sensor,1979-06-26 12:60,1661,28.9,23.99886290079119,Core_ZN,5863.396432551392,0.9772327387585653,672.9273088014769,,,23.99886290079119,23.999189016940612,23.99943042337,23.999282426267822,23.999458538240564
sensor,1979-06-26 13:10,1662,28.98333333333333,23.998856379994635,Core_ZN,5910.347723050028,0.9850579538416714,673.9123667553185,,,23.998856379994635,23.99918294003515,23.999426797771537,23.999275573618682,23.999447852446337
sensor,1979-06-26 13:20,1663,29.06666666666667,23.998844495195513,Core_ZN,5957.450634681542,0.9929084391135904,674.9052751944321,,,23.998844495195513,23.999169394648398,23.9994205987408,23.999260927943556,23.99942628548314
sensor,1979-06-26 13:35,1664,29.15,23.99930449425118,Core_ZN,6009.229576104722,1.0015382626841203,675.9068134571162,,,23.99930449425118,23.999454203887716,23.999615731010742,23.999515040290753,23.99956553891536
sensor,1979-06-26 13:40,1665,29.233333333333334,23.998997821752564,Core_ZN,6052.948612199664,1.0088247686999439,676.9156382258161,,,23.998997821752564,23.99923024129354,23.999489682352166,23.999309109780658,23.999420258236647
sensor,1979-06-26 13:50,1666,29.316666666666666,23.99892437520997,Core_ZN,6095.353748802352,1.0158922914670585,677.9315305172831,,,23.99892437520997,23.999165276260815,23.999430043335426,23.99924059765107,23.999344056616838
sensor,1979-06-26 13:60,1667,29.4,23.998905074447386,Core_ZN,6140.3801551962915,1.0233966925327151,678.9549272098159,,,23.998905074447386,23.999149941991284,23.99940963626227,23.999219351707993,23.9992950498316
sensor,1979-06-26 14:10,1668,29.6,23.99890402568713,Core_ZN,6204.6923042915005,1.0341153840485833,679.9890425938645,,,23.99890402568713,23.999149234217654,23.999406881747415,23.99921524890372,23.99925788123732
sensor,1979-06-26 14:20,1669,29.8,23.998886990899827,Core_ZN,6267.101228361554,1.0445168713935922,681.0335594652581,,,23.998886990899827,23.999134897273734,23.99940328047467,23.999199498410004,23.999214563736984
sensor,1979-06-26 14:30,1670,30.0,23.99887186462874,Core_ZN,6327.483935673165,1.0545806559455275,682.0881401212037,,,23.99887186462874,23.999121047563055,23.999400577611336,23.999184055139104,23.999170021921966
sensor,1979-06-26 14:40,1671,30.2,23.998869339179116,Core_ZN,6393.45978434669,1.0655766307244483,683.1537167519281,,,23.998869339179116,23.999106810286907,23.99939770954885,23.99916854453245,23.999126878227216
sensor,1979-06-26 14:50,1672,30.400000000000002,23.998864009170102,Core_ZN,6460.536604529298,1.076756100754883,684.230472852683,,,23.998864009170102,23.999091963607096,23.99939472294749,23.999153164203445,23.99908637927374
sensor,1979-06-26 14:60,1673,30.6,23.99885791180095,Core_ZN,6527.933250441007,1.087988875073501,685.3184617277565,,,23.99885791180095,23.99907687653243,23.99939199438,23.99913861808177,23.99904934585775
sensor,1979-06-26 15:10,1674,30.6,23.998845293317462,Core_ZN,6560.492220778441,1.09341537012974,686.4118770978862,,,23.998845293317462,23.999059394521858,23.99938559329057,23.999121425981862,23.99901124248387
sensor,1979-06-26 15:20,1675,30.6,23.998849309158942,Core_ZN,6590.533405600154,1.0984222342666923,687.5102993321528,,,23.998849309158942,23.999058801334172,23.999384588686212,23.999120659600848,23.99898743297037
sensor,1979-06-26 15:35,1676,30.6,23.999232362373014,Core_ZN,6616.190246545189,1.102698374424198,688.6129977065771,,,23.999232362373014,23.999346830952554,23.999545897007962,23.99938924359349,23.99916878063718
sensor,1979-06-26 15:45,1677,30.6,23.999263943724117,Core_ZN,6628.846339397947,1.1048077232329911,689.71780542981,,,23.999263943724117,23.99938623182709,23.999580562567857,23.99942920529534,23.99925343628125
sensor,1979-06-26 15:53,1678,30.6,23.999463112584564,Core_ZN,6637.2908169870425,1.106215136164507,690.8240205659745,,,23.999463112584564,23.99954069669687,23.999681810469212,23.999572851269406,23.99941120310182
sensor,1979-06-26 15:63,1679,30.6,23.999471426869643,Core_ZN,6644.124082522389,1.1073540137537314,691.9313745797282,,,23.999471426869643,23.999552731820273,23.99969431501857,23.999585907077737,23.99945372781713
sensor,1979-06-26 16:13,1680,30.6,23.99974067439996,Core_ZN,5888.233926969819,0.9813723211616364,692.9127469008898,,,23.99974067439996,23.999777561867077,23.999851244931953,23.999798843487714,23.999699348352802
sensor,1979-06-26 16:23,1681,30.6,23.999788025354455,Core_ZN,5797.830278438222,0.9663050464063703,693.8790519472961,,,23.999788025354455,23.999817504552073,23.99988254915902,23.999835453948897,23.99976340984128
sensor,1979-06-26 16:33,1682,30.6,23.999834977244394,Core_ZN,5733.421448162003,0.9555702413603337,694.8346221886565,,,23.999834977244394,23.999853863348516,23.999897106376885,23.999867478024008,23.999805853694056
sensor,1979-06-26 16:43,1683,30.6,23.999859876367474,Core_ZN,5688.862610778942,0.9481437684631571,695.7827659571196,,,23.999859876367474,23.99988053194636,23.999920279344163,23.99989210004367,23.999845993984607
sensor,1979-06-26 16:53,1684,30.6,23.99986949064245,Core_ZN,5653.888971906491,0.9423148286510817,696.7250807857707,,,23.99986949064245,23.99989070568697,23.999927303200373,23.999901185929854,23.999858664929903
sensor,1979-06-26 16:63,1685,30.6,23.99983369738232,Core_ZN,5629.821989358669,0.9383036648931116,697.6633844506638,,,23.99983369738232,23.99986246380459,23.999905979930894,23.999872088493067,23.999825139824956
sensor,1979-06-26 17:13,1686,30.400000000000002,23.999901245007116,Core_ZN,5331.43335809944,0.8885722263499065,698.5519566770137,,,23.999901245007116,23.99991178750612,23.999938486533164,23.999915995275362,23.999879183158257
sensor,1979-06-26 17:23,1687,30.200000000000003,23.99991563371295,Core_ZN,5238.332988398534,0.8730554980664224,699.42501217508,,,23.99991563371295,23.999925665392453,23.999953753370015,23.999927281582835,23.999904675145324
sensor,1979-06-26 17:33,1688,30.0,23.999917831400012,Core_ZN,5162.897353168789,0.860482892194798,700.2854950672748,,,23.999917831400012,23.999926747092974,24.000005218038986,23.999925957170586,23.99990862696324
sensor,1979-06-26 17:43,1689,29.799999999999997,23.999919020789164,Core_ZN,5082.605482869752,0.8471009138116253,701.1325959810864,,,23.999919020789164,23.99992745778412,24.000157872633487,23.99992495014171,23.99991435382436
sensor,1979-06-26 17:53,1690,29.599999999999998,23.99991999825701,Core_ZN,5000.77343862132,0.8334622397702198,701.9660582208567,,,23.99991999825701,23.999928705695247,24.000140454123695,23.999924748820863,23.99992018977023
sensor,1979-06-26 17:63,1691,29.4,23.99992093459786,Core_ZN,4917.384321996368,0.8195640536660613,702.7856222745228,,,23.99992093459786,23.999930025309585,24.000113733041108,23.999925626320042,23.999925722822592
sensor,1979-06-26 18:13,1692,28.95,23.999916442804977,Core_ZN,4787.602381690711,0.797933730281785,703.5835560048046,,,23.999916442804977,23.999923742206434,24.00008332216381,23.99991889516584,23.99992178002467
sensor,1979-06-26 18:23,1693,28.5,23.99991589116693,Core_ZN,4645.453191180743,0.7742421985301237,704.3577982033347,,,23.99991589116693,23.99992022868667,24.00005096413252,23.999916325942095,23.999923721844077
sensor,1979-06-26 18:33,1694,28.049999999999997,23.999915003192786,Core_ZN,4512.874691956684,0.7521457819927806,705.1099439853275,,,23.999915003192786,23.9999182661022,24.00001636482919,23.9999470376426,23.99992594147332
sensor,1979-06-26 18:43,1695,27.599999999999998,23.99991453576378,Core_ZN,4392.449284901247,0.7320748808168744,705.8420188661444,,,23.99991453576378,24.000006928214198,23.999980102295876,24.00003453780283,24.000075629390675
sensor,1979-06-26 18:53,1696,27.15,23.999914531496287,Core_ZN,4279.233594448146,0.7132055990746908,706.5552244652191,,,23.999914531496287,24.000015070730978,23.999957096256868,24.00000641200871,24.000102297903773
sensor,1979-06-26 18:63,1697,26.7,23.999923289257758,Core_ZN,4168.545603284598,0.6947576005474329,707.2499820657665,,,23.999923289257758,23.99996226379099,23.99990806340821,23.999946739016085,24.000057791595758
sensor,1979-06-26 19:13,1698,26.316666666666666,24.000055835489622,Core_ZN,4021.812466158689,0.6703020776931148,707.9202841434596,,,24.000055835489622,23.99997156499294,23.999949621732863,23.99995887369637,24.000066067877956
sensor,1979-06-26 19:23,1699,25.933333333333334,24.000036525239874,Core_ZN,3917.777395822917,0.6529628993038195,708.5732470427635,,,24.000036525239874,23.99994857967929,23.99995548734504,23.999939488307746,24.000034231781896
sensor,1979-06-26 19:33,1700,25.549999999999997,24.000011534998578,Core_ZN,3816.999990715546,0.6361666651192577,709.2094137078827,,,24.000011534998578,23.99993663671468,23.99995769320222,23.999933637938952,24.000001340206268
sensor,1979-06-26 19:43,1701,25.166666666666664,23.999988291621275,Core_ZN,3735.4283967744245,0.622571399462404,709.8319851073452,,,23.999988291621275,23.99993422754697,23.99995923711891,23.99993584742985,23.99997398852847
sensor,1979-06-26 19:53,1702,24.78333333333333,23.999966809304112,Core_ZN,3663.1161181221037,0.6105193530203505,710.4425044603655,,,23.999966809304112,23.999935813834348,23.999960566132636,23.99993809010776,23.999962676005413
sensor,1979-06-26 19:65,1703,24.4,23.999905027730023,Core_ZN,3596.338216621837,0.5993897027703061,711.0418941631358,,,23.999905027730023,23.999877754135973,23.99989345213701,23.999880745768337,23.99990311102568
sensor,1979-06-26 20:15,1704,24.03333333333333,23.999921325513352,Core_ZN,3536.0727720298632,0.5893454620049772,711.6312396251408,,,23.999921325513352,23.99992187413862,23.99994765331095,23.999925024376715,23.999948997345847
sensor,1979-06-26 20:25,1705,23.666666666666668,23.999927602229583,Core_ZN,3477.716301420602,0.5796193835701003,712.2108590087108,,,23.999927602229583,23.99993047429659,23.999959133232323,23.99993375573852,23.999958454070935
sensor,1979-06-26 20:35,1706,23.299999999999997,23.999931000172964,Core_ZN,3422.293889275839,0.5703823148793065,712.7812413235902,,,23.999931000172964,23.999934392439226,23.999962544712773,23.999937594305678,23.9999611627612
sensor,1979-06-26 20:45,1707,22.933333333333334,23.999933627145666,Core_ZN,3368.99705036747,0.5614995083945783,713.3427408319848,,,23.999933627145666,23.9999375003649,23.99996442279607,23.99994055577501,23.999962583575808
sensor,1979-06-26 20:55,1708,22.566666666666666,23.99993601841978,Core_ZN,3317.2789925888437,0.5528798320981405,713.8956206640829,,,23.99993601841978,23.99994028652019,23.999965935346864,23.999943168238985,23.99996368389803
sensor,1979-06-26 20:65,1709,22.2,23.999938182361518,Core_ZN,3266.995385924868,0.544499230987478,714.4401198950704,,,23.999938182361518,23.999942838450057,23.999967301096483,23.999945531645523,23.999964654077935
sensor,1979-06-26 21:13,1710,22.016666666666666,24.28849057337592,Core_ZN,4.038461538461539e-09,6.730769230769232e-13,714.4401198950711,,,24.28849057337592,24.368271485400996,24.53806062526904,24.371273068259942,24.636817180596125
sensor,1979-06-26 21:25,1711,21.833333333333336,24.52640430824485,Core_ZN,4.038461538461539e-09,6.730769230769232e-13,714.4401198950718,,,24.52640430824485,24.635331328081268,24.899104817795795,24.643682952051503,25.049950175212487
sensor,1979-06-26 21:35,1712,21.65,24.63002252440603,Core_ZN,4.038461538461539e-09,6.730769230769232e-13,714.4401198950725,,,24.63002252440603,24.733373896732918,25.020754010512317,24.745926134193837,25.182324821874868
sensor,1979-06-26 21:45,1713,21.46666666666667,24.679466345656614,Core_ZN,4.038461538461539e-09,6.730769230769232e-13,714.4401198950732,,,24.679466345656614,24.77426881908329,25.073445232597763,24.79076344516176,25.244941905374453
sensor,1979-06-26 21:55,1714,21.283333333333335,24.700775981314194,Core_ZN,4.038461538461539e-09,6.730769230769232e-13,714.4401198950738,,,24.700775981314194,24.787357181822955,25.095877199348067,24.807275398361778,25.27735692411026
sensor,1979-06-26 21:65,1715,21.1,24.708721120821146,Core_ZN,4.038461538461539e-09,6.730769230769232e-13,714.4401198950745,,,24.708721120821146,24.78745001503253,25.104831093221847,24.810740298588406,25.294349888829032
sensor,1979-06-26 22:15,1716,21.200000000000003,24.711113836058413,Core_ZN,4.038461538461539e-09,6.730769230769232e-13,714.4401198950752,,,24.711113836058413,24.786329531283606,25.111868655756858,24.81173013270793,25.30827314344209
sensor,1979-06-26 22:20,1717,21.300000000000004,24.71855419017417,Core_ZN,4.038461538461539e-09,6.730769230769232e-13,714.4401198950759,,,24.71855419017417,24.79231282889065,25.125748580485805,24.81939000901149,25.329309000569342
sensor,1979-06-26 22:30,1718,21.4,24.728735090950686,Core_ZN,4.038461538461539e-09,6.730769230769232e-13,714.4401198950766,,,24.728735090950686,24.80180052358215,25.139783327637822,24.82992312867801,25.34842589743112
sensor,1979-06-26 22:40,1719,21.5,24.74014306482106,Core_ZN,4.038461538461539e-09,6.730769230769232e-13,714.4401198950773,,,24.74014306482106,24.812526693223933,25.15375481802221,24.84152757276811,25.366867902654686
sensor,1979-06-26 22:50,1720,21.599999999999998,24.75198388257554,Core_ZN,4.038461538461539e-09,6.730769230769232e-13,714.4401198950779,,,24.75198388257554,24.823662492905044,25.16719379000653,24.853419105204672,25.38424075348803
sensor,1979-06-26 22:60,1721,21.7,24.763903153105986,Core_ZN,4.038461538461539e-09,6.730769230769232e-13,714.4401198950786,,,24.763903153105986,24.834862889559243,25.179992487770726,24.865275818058354,25.400498496848595
sensor,1979-06-26 23:10,1722,21.599999999999998,24.750685658946757,Core_ZN,4.038461538461539e-09,6.730769230769232e-13,714.4401198950793,,,24.750685658946757,24.820654449931656,25.167756027611734,24.852203654039887,25.391687308358588
sensor,1979-06-26 23:20,1723,21.5,24.74182462230656,Core_ZN,4.038461538461539e-09,6.730769230769232e-13,714.44011989508,,,24.74182462230656,24.811262029789667,25.160660808370327,24.844115362300617,25.387653718573603
sensor,1979-06-26 23:30,1724,21.4,24.73426333698057,Core_ZN,4.038461538461539e-09,6.730769230769232e-13,714.4401198950807,,,24.73426333698057,24.802843607458662,25.153965664339438,24.837081827180295,25.38362794626528
sensor,1979-06-26 23:40,1725,21.3,24.726893706353973,Core_ZN,4.038461538461539e-09,6.730769230769232e-13,714.4401198950814,,,24.726893706353973,24.794297847138957,25.146627508159646,24.82993874107352,25.378603981597397
sensor,1979-06-26 23:50,1726,21.200000000000003,24.719268650836945,Core_ZN,4.038461538461539e-09,6.730769230769232e-13,714.440119895082,,,24.719268650836945,24.785268143190443,25.13836278027024,24.822259074383513,25.372339350532382
sensor,1979-06-26 23:60,1727,21.1,24.711210067853077,Core_ZN,4.038461538461539e-09,6.730769230769232e-13,714.4401198950827,,,24.711210067853077,24.77561665356595,25.129124682808815,24.81392040470045,25.36482565253003
sensor,1979-06-27 00:10,1728,21.1,24.707269953960132,Core_ZN,4.038461538461539e-09,6.730769230769232e-13,714.4401198950834,,,24.707269953960132,24.769843363047233,25.12367426412637,24.809278114011185,25.360819502830925
sensor,1979-06-27 00:20,1729,21.1,24.70493502352639,Core_ZN,4.038461538461539e-09,6.730769230769232e-13,714.4401198950841,,,24.70493502352639,24.765310039086216,25.11905554717529,24.805791961122107,25.35736328802412
sensor,1979-06-27 00:30,1730,21.1,24.703208607061335,Core_ZN,4.038461538461539e-09,6.730769230769232e-13,714.4401198950848,,,24.703208607061335,24.761120031466444,25.114459237676893,24.802587632854898,25.353694552146713
sensor,1979-06-27 00:40,1731,21.1,24.701650378774648,Core_ZN,4.038461538461539e-09,6.730769230769232e-13,714.4401198950854,,,24.701650378774648,24.756923245568235,25.109626604381805,24.799326199004934,25.349589771124908
sensor,1979-06-27 00:50,1732,21.1,24.700062348517022,Core_ZN,4.038461538461539e-09,6.730769230769232e-13,714.4401198950861,,,24.700062348517022,24.752581759012166,25.10447868013148,24.795875376213584,25.34499385104735
sensor,1979-06-27 00:60,1733,21.1,24.698352935625117,Core_ZN,4.038461538461539e-09,6.730769230769232e-13,714.4401198950868,,,24.698352935625117,24.74803984534202,25.09899561685209,24.792183163517166,25.33990419280234
sensor,1979-06-27 01:10,1734,21.01666666666667,24.69266580008943,Core_ZN,4.038461538461539e-09,6.730769230769232e-13,714.4401198950875,,,24.69266580008943,24.741178619436717,25.090661859926612,24.785907350322827,25.331889824691316
sensor,1979-06-27 01:20,1735,20.933333333333337,24.6850533587649,Core_ZN,4.038461538461539e-09,6.730769230769232e-13,714.4401198950882,,,24.6850533587649,24.73326385944378,25.08114367662511,24.778450304988972,25.322609153089676
sensor,1979-06-27 01:30,1736,20.85,24.676335896844265,Core_ZN,4.038461538461539e-09,6.730769230769232e-13,714.4401198950889,,,24.676335896844265,24.7246478744125,25.07084460878053,24.77022600261531,25.312442951223026
sensor,1979-06-27 01:40,1737,20.76666666666667,24.666884315666316,Core_ZN,4.038461538461539e-09,6.730769230769232e-13,714.4401198950895,,,24.666884315666316,24.71549145018997,25.059942722471305,24.76143044544117,25.301565049147996
sensor,1979-06-27 01:50,1738,20.683333333333334,24.6568689501026,Core_ZN,4.038461538461539e-09,6.730769230769232e-13,714.4401198950902,,,24.6568689501026,24.70587586547652,25.048516002530718,24.752153755436034,25.290055181437893
sensor,1979-06-27 01:60,1739,20.6,24.64637191691379,Core_ZN,4.038461538461539e-09,6.730769230769232e-13,714.4401198950909,,,24.64637191691379,24.69584282602748,25.036604828187222,24.742441844148008,25.27795865864163
sensor,1979-06-27 02:10,1740,20.6,24.639372298123952,Core_ZN,4.038461538461539e-09,6.730769230769232e-13,714.4401198950916,,,24.639372298123952,24.687957988958694,25.027120447001824,24.73496465621035,25.26815154646734
sensor,1979-06-27 02:20,1741,20.6,24.633835884767013,Core_ZN,4.038461538461539e-09,6.730769230769232e-13,714.4401198950923,,,24.633835884767013,24.680742779087954,25.018257829277918,24.72818443006207,25.258827963651395
sensor,1979-06-27 02:30,1742,20.6,24.62891583574126,Core_ZN,4.038461538461539e-09,6.730769230769232e-13,714.440119895093,,,24.62891583574126,24.67372810027943,25.009514650300996,24.72159652106156,25.24952161378559
sensor,1979-06-27 02:40,1743,20.6,24.624223538342804,Core_ZN,4.038461538461539e-09,6.730769230769232e-13,714.4401198950936,,,24.624223538342804,24.666716485713184,25.000710295246183,24.71499563417628,25.240074034477185
sensor,1979-06-27 02:50,1744,20.6,24.61957734800628,Core_ZN,4.038461538461539e-09,6.730769230769232e-13,714.4401198950943,,,24.61957734800628,24.659626181617753,24.991779785699013,24.708298423145198,25.230433853806968
sensor,1979-06-27 02:60,1745,20.6,24.614890623318242,Core_ZN,4.038461538461539e-09,6.730769230769232e-13,714.440119895095,,,24.614890623318242,24.652423725554208,24.982700604157067,24.701471655224974,25.22058722192066
sensor,1979-06-27 03:10,1746,20.5,24.605387811965933,Core_ZN,4.038461538461539e-09,6.730769230769232e-13,714.4401198950957,,,24.605387811965933,24.636924262422205,24.965547296066244,24.68726318562504,25.202608402297717
sensor,1979-06-27 03:20,1747,20.400000000000002,24.59338284665591,Core_ZN,4.038461538461539e-09,6.730769230769232e-13,714.4401198950964,,,24.59338284665591,24.617591044550295,24.944956123247977,24.669633226103766,25.18124279754587
sensor,1979-06-27 03:30,1748,20.3,24.579931016118522,Core_ZN,4.038461538461539e-09,6.730769230769232e-13,714.440119895097,,,24.579931016118522,24.596089004622183,24.922422592579824,24.650089418450065,25.157935680845885
sensor,1979-06-27 03:40,1749,20.2,24.565508123645486,Core_ZN,4.038461538461539e-09,6.730769230769232e-13,714.4401198950977,,,24.565508123645486,24.57309904976304,24.898479587144514,24.629248519484975,25.133179750801915
sensor,1979-06-27 03:50,1750,20.1,24.550320160475128,Core_ZN,4.038461538461539e-09,6.730769230769232e-13,714.4401198950984,,,24.550320160475128,24.54887954370272,24.873271932990235,24.607350233410603,25.10706901609116
sensor,1979-06-27 03:60,1751,20.0,24.534464518369777,Core_ZN,4.038461538461539e-09,6.730769230769232e-13,714.4401198950991,,,24.534464518369777,24.523539419202592,24.84675733322938,24.58450787882337,25.079461870105806
sensor,1979-06-27 04:10,1752,19.900000000000002,24.528950142594013,Core_ZN,4.038461538461539e-09,6.730769230769232e-13,714.4401198950998,,,24.528950142594013,24.510647117391333,24.831803968136903,24.573747408391363,25.064194981283137
sensor,1979-06-27 04:20,1753,19.8,24.521378343639388,Core_ZN,4.038461538461539e-09,6.730769230769232e-13,714.4401198951005,,,24.521378343639388,24.4951324958708,24.814400401917034,24.56014623962188,25.046221090808498
sensor,1979-06-27 04:30,1754,19.7,24.510502986773645,Core_ZN,4.038461538461539e-09,6.730769230769232e-13,714.4401198951011,,,24.510502986773645,24.483887190060734,24.80588146758379,24.552314570027406,25.032346313057676
sensor,1979-06-27 04:40,1755,19.6,24.497857464730973,Core_ZN,4.038461538461539e-09,6.730769230769232e-13,714.4401198951018,,,24.497857464730973,24.474010694040718,24.813967158269655,24.553212703369088,25.019939217700678
sensor,1979-06-27 04:50,1756,19.5,24.48430716371993,Core_ZN,4.038461538461539e-09,6.730769230769232e-13,714.4401198951025,,,24.48430716371993,24.46606153898589,24.830058056995703,24.557647059793585,25.00891997412496
sensor,1979-06-27 04:60,1757,19.4,24.470446634283622,Core_ZN,4.038461538461539e-09,6.730769230769232e-13,714.4401198951032,,,24.470446634283622,24.459921737657748,24.846475297298483,24.561802263269914,24.999143562393307
sensor,1979-06-27 05:13,1758,19.400000000000002,24.015972632586,Core_ZN,3077.100577625571,0.5128500962709285,714.9529699913741,,,24.015972632586,24.016586900839762,24.051336606415596,24.02109816499035,24.05907422038836
sensor,1979-06-27 05:20,1759,19.4,24.000356316818735,Core_ZN,3223.2912961152774,0.5372152160192128,715.4901852073933,,,24.000356316818735,24.00013889571963,24.001012570211827,24.000148663741204,24.001377313478798
sensor,1979-06-27 05:30,1760,19.4,24.000320158997177,Core_ZN,3200.875245822503,0.5334792076370838,716.0236644150305,,,24.000320158997177,24.00006656028943,24.000311868787982,24.00004375920834,24.000665593581488
sensor,1979-06-27 05:40,1761,19.4,24.000315609197,Core_ZN,3205.46946341478,0.5342449105691299,716.5579093255996,,,24.000315609197,24.000057709764672,24.00007797819334,24.000028063852366,24.000434411560594
sensor,1979-06-27 05:50,1762,19.4,24.000318836916666,Core_ZN,3215.344040530849,0.5358906734218081,717.0937999990214,,,24.000318836916666,24.000063627551295,23.99999823130708,24.000033525831018,24.000359492860216
sensor,1979-06-27 05:65,1763,19.4,24.00020894744293,Core_ZN,3229.4331438359814,0.5382388573059969,717.6320388563273,,,24.00020894744293,24.000057279768384,23.999992410348625,24.00004077976842,24.000225177353492
sensor,1979-06-27 06:15,1764,19.683333333333334,24.00001343689237,Core_ZN,3048.850264140857,0.5081417106901427,718.1401805670174,,,24.00001343689237,24.000195115718753,23.999999704516235,24.000198469022237,24.0003331055186
sensor,1979-06-27 06:23,1765,19.96666666666667,24.00001319016431,Core_ZN,3127.8068994773366,0.5213011499128894,718.6614817169303,,,24.00001319016431,24.000201010005195,24.000050592452816,24.000207490301012,24.000131122197892
sensor,1979-06-27 06:33,1766,20.25,23.999998336511858,Core_ZN,3198.5374164496693,0.5330895694082782,719.1945712863386,,,23.999998336511858,24.000086695594636,24.00004137473845,24.000087783422206,24.00001084103863
sensor,1979-06-27 06:43,1767,20.53333333333333,23.999997487372106,Core_ZN,3246.839478470456,0.5411399130784094,719.735711199417,,,23.999997487372106,24.000022939342276,24.00008312567296,24.00002305176754,23.999999286378902
sensor,1979-06-27 06:53,1768,20.81666666666667,23.999997434683614,Core_ZN,3280.8908159519965,0.5468151359919994,720.282526335409,,,23.999997434683614,24.00001950034082,24.000128419626748,24.000019102035232,23.99999813280788
sensor,1979-06-27 06:65,1769,21.1,24.00002303257,Core_ZN,3314.1929970446,0.5523654995074333,720.8348918349164,,,24.00002303257,24.00005946021865,24.000277801518706,24.00005949708271,24.0000365422502
sensor,1979-06-27 07:15,1770,21.46666666666667,23.999813470479396,Core_ZN,4114.466089840735,0.6857443483067891,721.5206361832232,,,23.999813470479396,23.99988473419301,24.00003627838352,23.999887386066558,23.99985624382463
sensor,1979-06-27 07:25,1771,21.833333333333336,23.99973259576648,Core_ZN,4258.582225370112,0.7097637042283519,722.2303998874517,,,23.99973259576648,23.999830167831014,23.999841214781398,23.999834801335723,23.999810941133525
sensor,1979-06-27 07:35,1772,22.200000000000003,23.999693146178316,Core_ZN,4372.037009023767,0.7286728348372944,722.959072722289,,,23.999693146178316,23.999799609508695,23.99980091492334,23.99980642485955,23.99979144529994
sensor,1979-06-27 07:45,1773,22.56666666666667,23.9996616208322,Core_ZN,4493.543256868563,0.7489238761447604,723.7079965984337,,,23.9996616208322,23.9997709809858,23.999778826498023,23.999779551593775,23.99977484193615
sensor,1979-06-27 07:55,1774,22.933333333333334,23.999633332499435,Core_ZN,4616.773738424596,0.7694622897374326,724.4774588881712,,,23.999633332499435,23.999745651227038,23.99975988989594,23.999757318006125,23.999759378996238
sensor,1979-06-27 07:65,1775,23.3,23.999607732259463,Core_ZN,4739.214825202385,0.7898691375337308,725.267328025705,,,23.999607732259463,23.999720130473,23.99974152225617,23.999734841825486,23.999744667898298
sensor,1979-06-27 08:13,1776,23.583333333333336,23.999764806567015,Core_ZN,4849.1503494564995,0.8081917249094165,726.0755197506144,,,23.999764806567015,23.99984223651026,23.999877068447777,23.999856928419533,23.99986556369516
sensor,1979-06-27 08:23,1777,23.866666666666667,23.999689882300736,Core_ZN,4954.593034099717,0.8257655056832862,726.9012852562977,,,23.999689882300736,23.999764446881315,23.99979655293232,23.99978133268376,23.999802947782094
sensor,1979-06-27 08:33,1778,24.15,23.999664917751538,Core_ZN,5057.861408567801,0.8429769014279668,727.7442621577256,,,23.999664917751538,23.999736663908706,23.99977294785936,23.999756012157697,23.999784855379122
sensor,1979-06-27 08:43,1779,24.43333333333333,23.999645631424578,Core_ZN,5147.177433744126,0.857862905624021,728.6021250633497,,,23.999645631424578,23.9997165379,23.999762311462952,23.99973776640309,23.99977347789747
sensor,1979-06-27 08:53,1780,24.71666666666667,23.99962895472143,Core_ZN,5229.616790271325,0.8716027983785541,729.4737278617283,,,23.99962895472143,23.99969970521305,23.999755802098154,23.999722458940386,23.9997642062456
sensor,1979-06-27 08:63,1781,25.0,23.99961442248151,Core_ZN,5309.302245569552,0.8848837075949253,730.3586115693232,,,23.99961442248151,23.99968496299657,23.999751083767286,23.99970903972674,23.999756066732783
sensor,1979-06-27 09:15,1782,25.46666666666667,23.99953633874337,Core_ZN,5422.874485021914,0.9038124141703189,731.2624239834936,,,23.99953633874337,23.999644773221576,23.999757299534068,23.99967830948396,23.999742646967597
sensor,1979-06-27 09:25,1783,25.933333333333334,23.999454774402217,Core_ZN,5541.588967699837,0.9235981612833061,732.1860221447769,,,23.999454774402217,23.999567570808118,23.999679871677564,23.999601758060862,23.999668935678237
sensor,1979-06-27 09:35,1784,26.4,23.999448771237702,Core_ZN,5663.942617498342,0.9439904362497236,733.1300125810266,,,23.999448771237702,23.99955899952709,23.999668793526297,23.999593645420546,23.999654901166117
sensor,1979-06-27 09:45,1785,26.866666666666667,23.999448072332626,Core_ZN,5806.892608239821,0.9678154347066369,734.0978280157332,,,23.999448072332626,23.99954956694505,23.9996599152461,23.999587042690493,23.999646823622278
sensor,1979-06-27 09:53,1786,27.333333333333336,23.999666135891726,Core_ZN,5959.259776740853,0.9932099627901422,735.0910379785233,,,23.999666135891726,23.999730496097623,23.99981479563118,23.999761451684606,23.99979948702302
sensor,1979-06-27 09:62,1787,27.8,23.99974401729337,Core_ZN,6118.165415921607,1.0196942359869343,736.1107322145102,,,23.99974401729337,23.99978473959731,23.999854741343594,23.99981233539366,23.999844218684643
sensor,1979-06-27 10:12,1788,27.883333333333333,23.99968004206388,Core_ZN,6184.326078775612,1.0307210131292686,737.1414532276395,,,23.99968004206388,23.99970455786529,23.99978737861789,23.999738135830974,23.999783443511106
sensor,1979-06-27 10:23,1789,27.96666666666667,23.999645675930978,Core_ZN,6242.651343868544,1.0404418906447572,738.1818951182843,,,23.999645675930978,23.999666555497786,23.999764816111927,23.999706668241053,23.999762749731136
sensor,1979-06-27 10:32,1790,28.05,23.999620632074027,Core_ZN,6297.1366310861085,1.0495227718476847,739.231417890132,,,23.999620632074027,23.999633798476083,23.999751203226975,23.99968045426666,23.999746484715587
sensor,1979-06-27 10:42,1791,28.133333333333333,23.99960098255344,Core_ZN,6330.274294381084,1.0550457157301805,740.2864636058622,,,23.99960098255344,23.999614406297436,23.99974640403657,23.999663582815085,23.999736563577898
sensor,1979-06-27 10:53,1792,28.21666666666667,23.999485382857067,Core_ZN,6362.64104531796,1.0604401742196599,741.3469037800819,,,23.999485382857067,23.999502964403902,23.99969178341125,23.99956687949294,23.9996687529251
sensor,1979-06-27 10:65,1793,28.3,23.999270323514196,Core_ZN,6388.919952219172,1.0648199920365287,742.4117237721184,,,23.999270323514196,23.999316081382837,23.999586765574712,23.99940066888939,23.99955303296695
sensor,1979-06-27 11:10,1794,28.483333333333334,23.99893425431484,Core_ZN,6155.917750836378,1.025986291806063,743.4377100639244,,,23.99893425431484,23.999045835169817,23.99941383123993,23.999152656294715,23.999379299318573
sensor,1979-06-27 11:20,1795,28.66666666666667,23.9990869100184,Core_ZN,6181.1400584942985,1.0301900097490497,744.4679000736735,,,23.9990869100184,23.999248734544487,23.9995308545027,23.99933512893613,23.999505121439956
sensor,1979-06-27 11:30,1796,28.85,23.999103015073974,Core_ZN,6213.241102808616,1.035540183801436,745.503440257475,,,23.999103015073974,23.999322202381748,23.999573867745646,23.99939920508123,23.99955033438771
sensor,1979-06-27 11:40,1797,29.03333333333333,23.999112685900172,Core_ZN,6251.981956196544,1.041996992699424,746.5454372501744,,,23.999112685900172,23.999358820689743,23.999591778422925,23.999430941620535,23.999568758060075
sensor,1979-06-27 11:50,1798,29.216666666666665,23.999118948854022,Core_ZN,6300.929948897632,1.0501549914829387,747.5955922416573,,,23.999118948854022,23.99937710539769,23.999600382593112,23.999451071029256,23.999577697291883
sensor,1979-06-27 11:65,1799,29.4,23.99947743406823,Core_ZN,6345.581690158865,1.0575969483598109,748.6531891900171,,,23.99947743406823,23.99961223317253,23.999758886388534,23.999676109763023,23.999738920994258
sensor,1979-06-27 12:15,1800,29.6,23.999264143165068,Core_ZN,6700.503213615402,1.1167505356025669,749.7699397256197,,,23.999264143165068,23.99941435647836,23.99962187321691,23.999496225919025,23.99959931003904
sensor,1979-06-27 12:23,1801,29.8,23.99948831142732,Core_ZN,6794.474933858366,1.1324124889763942,750.902352214596,,,23.99948831142732,23.999580157868333,23.999746695613027,23.999649936263168,23.999726104506806
sensor,1979-06-27 12:33,1802,30.0,23.999454770795452,Core_ZN,6874.830256754076,1.1458050427923459,752.0481572573883,,,23.999454770795452,23.99952800318304,23.999701342506842,23.999604183521885,23.999684971484903
sensor,1979-06-27 12:42,1803,30.2,23.99958878620547,Core_ZN,6957.742047616376,1.1596236746027293,753.207780931991,,,23.99958878620547,23.999641909485284,23.99978423855233,23.999704221765093,23.9997699252796
sensor,1979-06-27 12:53,1804,30.400000000000002,23.999472849934776,Core_ZN,7045.079481892811,1.1741799136488016,754.3819608456398,,,23.999472849934776,23.999542135240212,23.999724916005327,23.99961601076125,23.999706965516502
sensor,1979-06-27 12:63,1805,30.6,23.999431902865478,Core_ZN,7130.507473100521,1.18841791218342,755.5703787578233,,,23.999431902865478,23.999493442512914,23.999675506603396,23.999565751811573,23.999658676569247
sensor,1979-06-27 13:13,1806,30.6,23.99939680433181,Core_ZN,7160.182489308758,1.1933637482181263,756.7637425060414,,,23.99939680433181,23.999449490656946,23.999647718609616,23.999523007630348,23.999619549951646
sensor,1979-06-27 13:25,1807,30.6,23.999185229621503,Core_ZN,7182.195152448647,1.1970325254081078,757.9607750314494,,,23.999185229621503,23.99924957046958,23.99953945915742,23.9993437298642,23.99947335092412
sensor,1979-06-27 13:35,1808,30.6,23.999161187903816,Core_ZN,7205.042653232969,1.2008404422054948,759.1616154736549,,,23.999161187903816,23.99918854312196,23.999492882298355,23.99928233797492,23.999420103684685
sensor,1979-06-27 13:40,1809,30.6,23.998756189667525,Core_ZN,7221.229497431619,1.2035382495719364,760.3651537232269,,,23.998756189667525,23.99886342515551,23.99931801524857,23.998987090813575,23.999212316091995
sensor,1979-06-27 13:50,1810,30.6,23.99867120893078,Core_ZN,7231.971759631879,1.2053286266053131,761.5704823498322,,,23.99867120893078,23.998781147189256,23.999259907462125,23.998904142959777,23.999142549050664
sensor,1979-06-27 13:60,1811,30.6,23.99864604182711,Core_ZN,7241.835775552246,1.2069726292587075,762.777454979091,,,23.99864604182711,23.998755720328006,23.99923910152905,23.99887303912866,23.999102625302687
sensor,1979-06-27 14:10,1812,30.6,23.998629245307203,Core_ZN,7255.603119096005,1.2092671865160007,763.9867221656069,,,23.998629245307203,23.99873807830789,23.99922614409706,23.998851693595515,23.999068660713224
sensor,1979-06-27 14:20,1813,30.6,23.998633014885232,Core_ZN,7269.160391816851,1.2115267319694751,765.1982488975764,,,23.998633014885232,23.99874162358222,23.99922381542526,23.998851589090226,23.99904607589242
sensor,1979-06-27 14:30,1814,30.6,23.99864279614382,Core_ZN,7282.608273524275,1.2137680455873792,766.4120169431637,,,23.99864279614382,23.998748213355874,23.999224499966733,23.99885509142408,23.99902726399202
sensor,1979-06-27 14:40,1815,30.6,23.998649346153925,Core_ZN,7299.315525996134,1.2165525876660221,767.6285695308297,,,23.998649346153925,23.99875402985171,23.999225769504783,23.998858276482093,23.999008308528204
sensor,1979-06-27 14:50,1816,30.6,23.99865387898707,Core_ZN,7317.280453244218,1.2195467422073696,768.8481162730371,,,23.99865387898707,23.998758156450343,23.999226868416464,23.998860251962327,23.99898675175255
sensor,1979-06-27 14:60,1817,30.6,23.99865688552961,Core_ZN,7336.282819277464,1.2227138032129106,770.07083007625,,,23.99865688552961,23.998760600587026,23.99922774693342,23.998861300677664,23.998963469499223
sensor,1979-06-27 15:10,1818,30.500000000000004,23.998667284190454,Core_ZN,7324.074323662686,1.2206790539437808,771.2915091301937,,,23.998667284190454,23.998769568047233,23.999235621576545,23.99886980698798,23.998946989890353
sensor,1979-06-27 15:20,1819,30.400000000000002,23.99865379675467,Core_ZN,7309.19878108218,1.21819979684703,772.5097089270407,,,23.99865379675467,23.998755289957966,23.99923581214858,23.998857200398,23.998923706884362
sensor,1979-06-27 15:30,1820,30.3,23.99860012676262,Core_ZN,7290.859847409949,1.215143307901658,773.7248522349424,,,23.99860012676262,23.998741000569616,23.999234969119563,23.99884419476207,23.998903280371508
sensor,1979-06-27 15:45,1821,30.200000000000003,23.999026600585037,Core_ZN,7250.110271771972,1.2083517119619953,774.9332039469044,,,23.999026600585037,23.999076068517773,23.999408430793828,23.999148403875957,23.99909665580053
sensor,1979-06-27 15:55,1822,30.099999999999998,23.999069255698096,Core_ZN,7198.860376141627,1.199810062690271,776.1330140095947,,,23.999069255698096,23.999132581853527,23.99945957198652,23.999203988619623,23.999222080156684
sensor,1979-06-27 15:63,1823,30.0,23.99929845546415,Core_ZN,7147.627517815319,1.1912712529692198,777.324285262564,,,23.99929845546415,23.99933268613148,23.999573611682194,23.999385476578226,23.999395311705456
sensor,1979-06-27 16:13,1824,29.9,23.999700136160826,Core_ZN,6284.696412272151,1.0474494020453584,778.3717346646093,,,23.999700136160826,23.999710503085893,23.999812048810117,23.999739889068366,23.999716197620273
sensor,1979-06-27 16:23,1825,29.800000000000004,23.999748750481025,Core_ZN,6143.388887050974,1.023898147841829,779.3956328124511,,,23.999748750481025,23.99976118602514,23.9998484640931,23.99978553489536,23.99977510865798
sensor,1979-06-27 16:33,1826,29.7,23.999769175525863,Core_ZN,6042.474957533993,1.0070791595889987,780.4027119720402,,,23.999769175525863,23.999782380717644,23.999861680237565,23.999804184361857,23.999800715481655
sensor,1979-06-27 16:43,1827,29.6,23.99978203865904,Core_ZN,5964.254042165781,0.9940423403609635,781.3967543124011,,,23.99978203865904,23.99979736883685,23.999870598111322,23.99981717916491,23.999807957311546
sensor,1979-06-27 16:53,1828,29.5,23.999791399456292,Core_ZN,5897.664742337924,0.9829441237229872,782.379698436124,,,23.999791399456292,23.999808649901404,23.99987740698772,23.99982673482718,23.999810441711233
sensor,1979-06-27 16:63,1829,29.4,23.99979839715921,Core_ZN,5841.247644126304,0.9735412740210507,783.3532397101451,,,23.99979839715921,23.99981737880558,23.999882864712532,23.999831375959282,23.999811336924388
sensor,1979-06-27 17:13,1830,29.4,23.999878051535784,Core_ZN,5574.746455697367,0.9291244092828945,784.2823641194279,,,23.999878051535784,23.99989909268551,23.9999325233455,23.999903095909957,23.999871793198487
sensor,1979-06-27 17:23,1831,29.4,23.99989781445006,Core_ZN,5522.963966702169,0.9204939944503616,785.2028581138783,,,23.99989781445006,23.999920940337084,23.999945502627078,23.999919214203913,23.999887460804537
sensor,1979-06-27 17:33,1832,29.4,23.999907932529602,Core_ZN,5490.692452286681,0.9151154087144469,786.1179735225927,,,23.999907932529602,23.999934087906503,23.999952519428035,23.999927266489475,23.99989501395165
sensor,1979-06-27 17:43,1833,29.4,23.999914982085045,Core_ZN,5454.390615257496,0.9090651025429161,787.0270386251357,,,23.999914982085045,23.999943174696394,23.999957352285865,23.99993365933466,23.999908229599917
sensor,1979-06-27 17:53,1834,29.4,23.99992030363161,Core_ZN,5417.8279513504285,0.9029713252250714,787.9300099503607,,,23.99992030363161,23.99995002204885,23.999960910414842,23.999939318764113,23.999920477726725
sensor,1979-06-27 17:63,1835,29.4,23.999924463934633,Core_ZN,5380.440872636594,0.8967401454394321,788.8267500958002,,,23.999924463934633,23.999955323658575,23.99996358458635,23.999945016224558,23.999930978261517
sensor,1979-06-27 18:13,1836,29.21666666666667,23.999923513790236,Core_ZN,5305.616695060012,0.8842694491766686,789.7110195449769,,,23.999923513790236,23.999952567646574,23.999962384712603,23.999943328561272,23.99993426728407
sensor,1979-06-27 18:23,1837,29.033333333333335,23.999926877538357,Core_ZN,5218.369577584705,0.8697282629307842,790.5807478079078,,,23.999926877538357,23.999951220706233,23.999961967980738,23.999945020305137,23.999942047054226
sensor,1979-06-27 18:33,1838,28.85,23.999928153837573,Core_ZN,5137.995500987714,0.8563325834979523,791.4370803914057,,,23.999928153837573,23.999950270028414,23.999961749651064,23.99994624319453,23.99994696453116
sensor,1979-06-27 18:43,1839,28.666666666666668,23.999929016121467,Core_ZN,5068.353253033768,0.8447255421722947,792.2818059335781,,,23.999929016121467,23.999949405239583,23.999961635799025,23.999946007363405,23.999948565133902
sensor,1979-06-27 18:53,1840,28.483333333333334,23.99992980024099,Core_ZN,5002.809702597725,0.8338016170996208,793.1156075506777,,,23.99992980024099,23.999948788156843,23.99996167687581,23.999945719721406,23.999949631148308
sensor,1979-06-27 18:63,1841,28.3,23.999930539312533,Core_ZN,4936.765372414295,0.8227942287357157,793.9384017794134,,,23.999930539312533,23.999948869520107,23.999961824383053,23.99994584375157,23.99995154706904
sensor,1979-06-27 19:13,1842,27.85,23.9999412870627,Core_ZN,4767.416608782657,0.7945694347971095,794.7329712142106,,,23.9999412870627,23.99995815017172,23.999968073965892,23.999956503297614,23.999962097429865
sensor,1979-06-27 19:23,1843,27.400000000000006,23.999942745872588,Core_ZN,4637.524538609276,0.7729207564348792,795.5058919706455,,,23.999942745872588,23.999960164638594,23.99996971879896,23.999960723523568,23.999966641964214
sensor,1979-06-27 19:33,1844,26.950000000000003,23.999943956190496,Core_ZN,4509.525635982474,0.7515876059970791,796.2574795766426,,,23.999943956190496,23.99996171400127,23.99997079345552,23.999964538327962,23.999970285538463
sensor,1979-06-27 19:43,1845,26.5,23.999945165550695,Core_ZN,4400.786424338978,0.7334644040564962,796.9909439806991,,,23.999945165550695,23.99996204162223,23.99997135847444,23.99996517871309,23.99997055190407
sensor,1979-06-27 19:53,1846,26.05,23.99994618570138,Core_ZN,4300.083413236395,0.7166805688727325,797.7076245495718,,,23.99994618570138,23.999962065249107,23.999971791871477,23.9999651238263,23.999970244089837
sensor,1979-06-27 19:63,1847,25.6,23.999947023930527,Core_ZN,4204.4478148261105,0.7007413024710184,798.4083658520428,,,23.999947023930527,23.9999620152675,23.999972183834412,23.99996491036739,23.999969824905516
sensor,1979-06-27 20:15,1848,25.31666666666667,23.99991835605978,Core_ZN,4139.283192560381,0.689880532093397,799.0982463841362,,,23.99991835605978,23.99993727648564,23.999950651654892,23.999941875438157,23.999954874747203
sensor,1979-06-27 20:25,1849,25.033333333333335,23.99993102399776,Core_ZN,4075.3598643174387,0.6792266440529064,799.7774730281892,,,23.99993102399776,23.999942542950826,23.999960707422076,23.99994651592796,23.999955337542396
sensor,1979-06-27 20:35,1850,24.75,23.999932905327675,Core_ZN,4014.9205505669497,0.6691534250944915,800.4466264532837,,,23.999932905327675,23.999941513415287,23.99996244685665,23.999945458376928,23.99995485881953
sensor,1979-06-27 20:45,1851,24.46666666666667,23.99993337191026,Core_ZN,3956.5017595600893,0.6594169599266815,801.1060434132104,,,23.99993337191026,23.999940130053705,23.999962775719087,23.99994401384876,23.999954378237767
sensor,1979-06-27 20:55,1852,24.183333333333334,23.999933839735647,Core_ZN,3900.0687232882547,0.6500114538813757,801.7560548670917,,,23.999933839735647,23.999939116542492,23.999962906737323,23.99994288709445,23.99995405288017
sensor,1979-06-27 20:65,1853,23.9,23.99993438724724,Core_ZN,3844.8374766002285,0.6408062461000381,802.3968611131918,,,23.99993438724724,23.999938591927908,23.99996326058553,23.999942190934597,23.999953841227864
sensor,1979-06-27 21:13,1854,23.616666666666667,24.35100885333411,Core_ZN,4.038461538461539e-09,6.730769230769232e-13,802.3968611131925,,,24.35100885333411,24.50403320285195,24.5788133619469,24.501012222704112,24.690901473833396
sensor,1979-06-27 21:25,1855,23.333333333333332,24.677930596165737,Core_ZN,4.038461538461539e-09,6.730769230769232e-13,802.3968611131932,,,24.677930596165737,24.910621878651853,25.022390056982424,24.908189575133083,25.201221192641853
sensor,1979-06-27 21:35,1856,23.049999999999997,24.8074809892643,Core_ZN,4.038461538461539e-09,6.730769230769232e-13,802.3968611131938,,,24.8074809892643,25.05011929790951,25.164594858800562,25.04987372554811,25.360520274417436
sensor,1979-06-27 21:40,1857,22.766666666666666,24.87283028864799,Core_ZN,4.038461538461539e-09,6.730769230769232e-13,802.3968611131945,,,24.87283028864799,25.11956944248432,25.234278440503054,25.121571518158145,25.444619058243433
sensor,1979-06-27 21:50,1858,22.48333333333333,24.88941913509603,Core_ZN,4.038461538461539e-09,6.730769230769232e-13,802.3968611131952,,,24.88941913509603,25.138484536036184,25.255922909234197,25.1428796807725,25.47481514460753
sensor,1979-06-27 21:60,1859,22.2,24.89318457489779,Core_ZN,4.038461538461539e-09,6.730769230769232e-13,802.3968611131959,,,24.89318457489779,25.144818085791456,25.26570499492669,25.151534228877235,25.491702138316363
sensor,1979-06-27 22:10,1860,21.933333333333334,24.87922728724627,Core_ZN,4.038461538461539e-09,6.730769230769232e-13,802.3968611131966,,,24.87922728724627,25.132380507484566,25.257294781521146,25.141462938793453,25.489074740895084
sensor,1979-06-27 22:20,1861,21.666666666666668,24.86418554356236,Core_ZN,4.038461538461539e-09,6.730769230769232e-13,802.3968611131972,,,24.86418554356236,25.11804543347907,25.24712420228062,25.129987708485785,25.4841760708556
sensor,1979-06-27 22:35,1862,21.4,24.85176663908749,Core_ZN,4.038461538461539e-09,6.730769230769232e-13,802.3968611131979,,,24.85176663908749,25.10508762483619,25.23715379871627,25.11952502207643,25.477951297502162
sensor,1979-06-27 22:45,1863,21.133333333333333,24.83492829951466,Core_ZN,4.038461538461539e-09,6.730769230769232e-13,802.3968611131986,,,24.83492829951466,25.086867484346598,25.22247460859086,25.104606424506528,25.467547495879636
sensor,1979-06-27 22:55,1864,20.866666666666667,24.81646617531888,Core_ZN,4.038461538461539e-09,6.730769230769232e-13,802.3968611131993,,,24.81646617531888,25.06611320854396,25.205060584485075,25.087396063460467,25.45394797400833
sensor,1979-06-27 22:65,1865,20.6,24.796393998983234,Core_ZN,4.038461538461539e-09,6.730769230769232e-13,802.3968611132,,,24.796393998983234,25.04310847457553,25.185040386117663,25.06793953143687,25.437334237214493
sensor,1979-06-27 23:10,1866,20.5,24.687134203022346,Core_ZN,4.038461538461539e-09,6.730769230769232e-13,802.3968611132007,,,24.687134203022346,24.937844044691502,25.085450113374204,24.966828195409693,25.34286134277784
sensor,1979-06-27 23:20,1867,20.400000000000002,24.628195431047864,Core_ZN,4.038461538461539e-09,6.730769230769232e-13,802.3968611132013,,,24.628195431047864,24.882196792371136,25.034677972838445,24.91643831402286,25.29856688445848
sensor,1979-06-27 23:30,1868,20.3,24.58782713333752,Core_ZN,4.038461538461539e-09,6.730769230769232e-13,802.396861113202,,,24.58782713333752,24.84769295217497,25.002931533537392,24.8830300678396,25.271503777136513
sensor,1979-06-27 23:40,1869,20.2,24.559003189637284,Core_ZN,4.038461538461539e-09,6.730769230769232e-13,802.3968611132027,,,24.559003189637284,24.822168395369275,24.978861704870617,24.85858131419249,25.250715804575453
sensor,1979-06-27 23:50,1870,20.1,24.536103772540045,Core_ZN,4.038461538461539e-09,6.730769230769232e-13,802.3968611132034,,,24.536103772540045,24.80049972703806,24.958049610550418,24.838139948128468,25.232151585173987
sensor,1979-06-27 23:60,1871,20.0,24.516198413618504,Core_ZN,4.038461538461539e-09,6.730769230769232e-13,802.3968611132041,,,24.516198413618504,24.780565423310296,24.9386099335601,24.819510120927923,25.214338349847377
sensor,1979-06-28 00:10,1872,20.0,24.502476705097937,Core_ZN,4.038461538461539e-09,6.730769230769232e-13,802.3968611132047,,,24.502476705097937,24.76279035274939,24.921838577038066,24.803614361417985,25.19860875697933
sensor,1979-06-28 00:20,1873,20.0,24.491605902804864,Core_ZN,4.038461538461539e-09,6.730769230769232e-13,802.3968611132054,,,24.491605902804864,24.745171493914302,24.905982059126796,24.789335944506195,25.18339328837593
sensor,1979-06-28 00:30,1874,20.0,24.482160151111586,Core_ZN,4.038461538461539e-09,6.730769230769232e-13,802.3968611132061,,,24.482160151111586,24.72826287811022,24.89034615070395,24.775047555746635,25.168228151207483
sensor,1979-06-28 00:40,1875,20.0,24.473472860925554,Core_ZN,4.038461538461539e-09,6.730769230769232e-13,802.3968611132068,,,24.473472860925554,24.7115175397558,24.874628271571112,24.760527663397472,25.152660409611453
sensor,1979-06-28 00:50,1876,20.0,24.465161769115333,Core_ZN,4.038461538461539e-09,6.730769230769232e-13,802.3968611132075,,,24.465161769115333,24.69443551740998,24.858702834596482,24.745650747581497,25.1365613973103
sensor,1979-06-28 00:65,1877,20.0,24.458798562630335,Core_ZN,4.038461538461539e-09,6.730769230769232e-13,802.3968611132082,,,24.458798562630335,24.680560666647445,24.845639444030326,24.733579273073204,25.123305638158293
sensor,1979-06-28 01:10,1878,19.900000000000002,24.4446293097818,Core_ZN,4.038461538461539e-09,6.730769230769232e-13,802.3968611132088,,,24.4446293097818,24.660580947417884,24.825953940325558,24.715555305571552,25.103570336796615
sensor,1979-06-28 01:20,1879,19.8,24.430271036180084,Core_ZN,4.038461538461539e-09,6.730769230769232e-13,802.3968611132095,,,24.430271036180084,24.644437116499446,24.809379538091484,24.70065618323384,25.086973904015487
sensor,1979-06-28 01:30,1880,19.7,24.4150152788733,Core_ZN,4.038461538461539e-09,6.730769230769232e-13,802.3968611132102,,,24.4150152788733,24.62825539333616,24.79266615127367,24.685574775320706,25.07007735578179
sensor,1979-06-28 01:40,1881,19.6,24.399304423160686,Core_ZN,4.038461538461539e-09,6.730769230769232e-13,802.3968611132109,,,24.399304423160686,24.61277928853792,24.77570595802386,24.669602342601383,25.0529727827373
sensor,1979-06-28 01:50,1882,19.5,24.383327777770656,Core_ZN,4.038461538461539e-09,6.730769230769232e-13,802.3968611132116,,,24.383327777770656,24.596893350760638,24.75844081290464,24.65360551416578,25.03549815990747
sensor,1979-06-28 01:60,1883,19.4,24.367164394684107,Core_ZN,4.038461538461539e-09,6.730769230769232e-13,802.3968611132123,,,24.367164394684107,24.580689540424633,24.740888671171202,24.637455656459508,25.01758945525251
sensor,1979-06-28 02:10,1884,19.400000000000002,24.3553832214431,Core_ZN,4.038461538461539e-09,6.730769230769232e-13,802.3968611132129,,,24.3553832214431,24.567388468534503,24.726775560991108,24.624445879340087,25.003017806893716
sensor,1979-06-28 02:20,1885,19.4,24.345513250153367,Core_ZN,4.038461538461539e-09,6.730769230769232e-13,802.3968611132136,,,24.345513250153367,24.555271394543755,24.71402723704602,24.612782267452392,24.989640246729195
sensor,1979-06-28 02:30,1886,19.4,24.33643934497064,Core_ZN,4.038461538461539e-09,6.730769230769232e-13,802.3968611132143,,,24.33643934497064,24.542442073405788,24.70180852189377,24.60240016432211,24.9765985835532
sensor,1979-06-28 02:40,1887,19.4,24.32769049712002,Core_ZN,4.038461538461539e-09,6.730769230769232e-13,802.396861113215,,,24.32769049712002,24.53063986040626,24.68981191440297,24.591670639591882,24.963551650290437
sensor,1979-06-28 02:50,1888,19.4,24.31908705831757,Core_ZN,4.038461538461539e-09,6.730769230769232e-13,802.3968611132157,,,24.31908705831757,24.519216465268578,24.677940489356505,24.580728513976794,24.950355259837902
sensor,1979-06-28 02:60,1889,19.4,24.310396176462657,Core_ZN,4.038461538461539e-09,6.730769230769232e-13,802.3968611132163,,,24.310396176462657,24.50767085805099,24.665856590543548,24.569333258354785,24.936678793184093
sensor,1979-06-28 03:10,1890,19.400000000000002,24.301840756355173,Core_ZN,4.038461538461539e-09,6.730769230769232e-13,802.396861113217,,,24.301840756355173,24.496426140794334,24.654326588200817,24.558806719261074,24.923518139559796
sensor,1979-06-28 03:20,1891,19.4,24.293326629245314,Core_ZN,4.038461538461539e-09,6.730769230769232e-13,802.3968611132177,,,24.293326629245314,24.4852141829078,24.64283740070102,24.54839254717866,24.910348559624786
sensor,1979-06-28 03:30,1892,19.4,24.284785186499043,Core_ZN,4.038461538461539e-09,6.730769230769232e-13,802.3968611132184,,,24.284785186499043,24.473979614363877,24.63131881265814,24.53796541549947,24.897095747284702
sensor,1979-06-28 03:40,1893,19.4,24.276059449295943,Core_ZN,4.038461538461539e-09,6.730769230769232e-13,802.3968611132191,,,24.276059449295943,24.4625735492393,24.619465089900757,24.527233439307466,24.88360506003733
sensor,1979-06-28 03:50,1894,19.4,24.267265324890825,Core_ZN,4.038461538461539e-09,6.730769230769232e-13,802.3968611132198,,,24.267265324890825,24.452311230072286,24.607387805343333,24.51510083177271,24.87005010574452
sensor,1979-06-28 03:60,1895,19.4,24.258442848911105,Core_ZN,4.038461538461539e-09,6.730769230769232e-13,802.3968611132204,,,24.258442848911105,24.44135312013033,24.595181784381875,24.503610091538707,24.856489995275545
sensor,1979-06-28 04:10,1896,19.400000000000002,24.24957905062561,Core_ZN,4.038461538461539e-09,6.730769230769232e-13,802.3968611132211,,,24.24957905062561,24.429541467872568,24.582358342753754,24.491807434920798,24.84238151456556
sensor,1979-06-28 04:20,1897,19.4,24.24190504389634,Core_ZN,4.038461538461539e-09,6.730769230769232e-13,802.3968611132218,,,24.24190504389634,24.417285678918294,24.569206045370983,24.47974450311243,24.827966744270114
sensor,1979-06-28 04:30,1898,19.4,24.233553031269942,Core_ZN,4.038461538461539e-09,6.730769230769232e-13,802.3968611132225,,,24.233553031269942,24.41147199888663,24.57036332897973,24.478935794802585,24.820352898409276
sensor,1979-06-28 04:40,1899,19.4,24.226038365927405,Core_ZN,4.038461538461539e-09,6.730769230769232e-13,802.3968611132232,,,24.226038365927405,24.40903791350257,24.650607931038024,24.522148499953094,24.8148218687052
sensor,1979-06-28 04:50,1900,19.4,24.221847522587748,Core_ZN,4.038461538461539e-09,6.730769230769232e-13,802.3968611132238,,,24.221847522587748,24.410731630907453,24.796521703719645,24.589429057937693,24.81200648423973
sensor,1979-06-28 04:60,1901,19.4,24.222473055738913,Core_ZN,4.038461538461539e-09,6.730769230769232e-13,802.3968611132245,,,24.222473055738913,24.419220888769313,24.991148551213822,24.66711622383262,24.814773374393802
sensor,1979-06-28 05:13,1902,19.5,24.00742513238377,Core_ZN,3426.6279665380953,0.5711046610896825,802.9679657743142,,,24.00742513238377,24.015043558195778,24.060077827280033,24.0248748055309,24.0481476036732
sensor,1979-06-28 05:25,1903,19.6,24.000823999054123,Core_ZN,3634.649520122571,0.6057749200204285,803.5737406943346,,,24.000823999054123,24.00179988612659,24.01099537742549,24.00300313964884,24.009041235279653
sensor,1979-06-28 05:35,1904,19.7,24.00002808917009,Core_ZN,3639.9906508560766,0.6066651084760127,804.1804058028106,,,24.00002808917009,24.00013800522143,24.001689344366152,24.000216468292116,24.001476458737603
sensor,1979-06-28 05:45,1905,19.799999999999997,23.999938921971435,Core_ZN,3652.0758368342927,0.6086793061390487,804.7890851089496,,,23.999938921971435,23.999946110027135,24.000103772727496,23.999890951338756,24.00018672586957
sensor,1979-06-28 05:55,1906,19.9,23.999929244433652,Core_ZN,3662.68838077448,0.6104480634624132,805.399533172412,,,23.999929244433652,23.999924564136947,23.99983002975437,23.999857369494805,23.99996939022096
sensor,1979-06-28 05:65,1907,20.0,23.999928623530003,Core_ZN,3672.278830561686,0.6120464717602809,806.0115796441723,,,23.999928623530003,23.999922706437264,23.999776940086896,23.999859041298503,23.999935047423854
sensor,1979-06-28 06:13,1908,20.46666666666667,24.000026999593103,Core_ZN,3476.3643977042557,0.5793940662840426,806.5909737104564,,,24.000026999593103,24.000046841745593,23.999949174640385,24.00005328390212,24.00001558820222
sensor,1979-06-28 06:23,1909,20.933333333333337,24.000019717689913,Core_ZN,3567.382731044345,0.5945637885073908,807.1855374989638,,,24.000019717689913,24.000037762956232,23.999954014237137,24.000044769247587,24.00000747693747
sensor,1979-06-28 06:33,1910,21.4,24.000021884844536,Core_ZN,3660.200963117489,0.6100334938529148,807.7955709928167,,,24.000021884844536,24.00004079268407,23.999953540876078,24.000049630897536,24.000008562723487
sensor,1979-06-28 06:43,1911,21.866666666666667,24.00003596498555,Core_ZN,3750.0981207211403,0.6250163534535234,808.4205873462702,,,24.00003596498555,24.000057272226666,23.99999598073387,24.000071131837633,24.000032697617733
sensor,1979-06-28 06:53,1912,22.333333333333332,24.000025618227138,Core_ZN,3839.6034424296595,0.6399339070716099,809.0605212533418,,,24.000025618227138,24.00004346162848,23.99997708765131,24.000053291378663,24.00001668148218
sensor,1979-06-28 06:62,1913,22.8,24.00003379377221,Core_ZN,3931.2703245213393,0.6552117207535565,809.7157329740953,,,24.00003379377221,24.00005342116843,24.000010707308938,24.00006472973947,24.000032203429125
sensor,1979-06-28 07:12,1914,23.266666666666666,24.00001069982809,Core_ZN,4263.405042678143,0.7105675071130239,810.4263004812084,,,24.00001069982809,24.00002132421163,23.999943784627362,24.000030489094662,24.00000376499872
sensor,1979-06-28 07:22,1915,23.733333333333334,24.000004148163796,Core_ZN,4397.205898098443,0.7328676496830738,811.1591681308914,,,24.000004148163796,24.000012718926676,23.999928495113217,24.000021809558632,23.99999808242789
sensor,1979-06-28 07:32,1916,24.200000000000003,23.999999167815808,Core_ZN,4521.284765175971,0.7535474608626618,811.9127155917541,,,23.999999167815808,24.000005584374716,23.99991940147199,24.00001469287446,23.999993804955675
sensor,1979-06-28 07:42,1917,24.666666666666668,23.99999458466928,Core_ZN,4647.743764533049,0.7746239607555082,812.6873395525097,,,23.99999458466928,23.99999848348697,23.999911237245932,24.00000768651357,23.99998954724441
sensor,1979-06-28 07:52,1918,25.133333333333336,23.99999028826624,Core_ZN,4772.927180166964,0.7954878633611606,813.4828274158708,,,23.99999028826624,23.99999245486418,23.999902823482007,24.000001482072864,23.999985794640793
sensor,1979-06-28 07:62,1919,25.6,23.99998625568374,Core_ZN,4897.706044700041,0.8162843407833402,814.2991117566542,,,23.99998625568374,23.99998698314577,23.99989579678278,23.999995706500247,23.99998227963834
sensor,1979-06-28 08:12,1920,25.866666666666667,23.999976363897154,Core_ZN,4975.623808491987,0.8292706347486645,815.1283823914029,,,23.999976363897154,23.999973424302905,23.99987420198368,23.999981739977482,23.999973877871586
sensor,1979-06-28 08:22,1921,26.133333333333336,23.99996620117055,Core_ZN,5049.746037708228,0.8416243396180381,815.9700067310209,,,23.99996620117055,23.999962246014846,23.999860129479156,23.999970144175165,23.999967087084002
sensor,1979-06-28 08:32,1922,26.4,23.99995823425723,Core_ZN,5118.77053957285,0.8531284232621417,816.823135154283,,,23.99995823425723,23.99995170566213,23.999855130813387,23.999959495492384,23.999960783261116
sensor,1979-06-28 08:42,1923,26.666666666666668,23.999951543384917,Core_ZN,5178.232273191184,0.8630387121985306,817.6861738664816,,,23.999951543384917,23.999943392237526,23.999856598814098,23.999950936670384,23.99995572913671
sensor,1979-06-28 08:53,1924,26.933333333333334,23.999938162080333,Core_ZN,5227.253128106095,0.871208854684349,818.5573827211659,,,23.999938162080333,23.999924925467617,23.99985673910453,23.999935598908372,23.999944375646255
sensor,1979-06-28 08:62,1925,27.2,23.999926955366426,Core_ZN,5272.224535117257,0.8787040891862095,819.4360868103521,,,23.999926955366426,23.99991241651911,23.999855242516254,23.999921873794918,23.999934986610445
sensor,1979-06-28 09:12,1926,27.383333333333333,23.999922989418316,Core_ZN,5299.685554618458,0.8832809257697429,820.3193677361219,,,23.999922989418316,23.999906231819295,23.999865516846707,23.99991674797852,23.99993173873836
sensor,1979-06-28 09:23,1927,27.56666666666667,23.99990102289424,Core_ZN,5326.542092612715,0.8877570154354526,821.2071247515573,,,23.99990102289424,23.99987229774684,23.999876698349485,23.999890095295182,23.99991073341095
sensor,1979-06-28 09:33,1928,27.75,23.99989415317325,Core_ZN,5353.271190154807,0.8922118650258011,822.0993366165832,,,23.99989415317325,23.99986401397736,23.999852861934208,23.99988143062645,23.999905549472025
sensor,1979-06-28 09:43,1929,27.933333333333337,23.999891438354993,Core_ZN,5384.78713988326,0.8974645233138767,822.996801139897,,,23.999891438354993,23.999856647971235,23.999855588232066,23.999876350236605,23.999902149613426
sensor,1979-06-28 09:53,1930,28.116666666666667,23.999889259087627,Core_ZN,5416.335964399098,0.9027226607331829,823.8995238006302,,,23.999889259087627,23.99984969364028,23.999861332313976,23.999871839423932,23.999899572019494
sensor,1979-06-28 09:62,1931,28.3,23.999912754426106,Core_ZN,5448.020953504307,0.9080034922507179,824.8075272928809,,,23.999912754426106,23.99987121155664,23.999922747289283,23.999894497983593,23.999915728201117
sensor,1979-06-28 10:12,1932,28.300000000000004,23.99990646370743,Core_ZN,5434.686922019336,0.9057811536698892,825.7133084465507,,,23.99990646370743,23.999859835636492,23.999899733770924,23.999885838000203,23.9999122892232
sensor,1979-06-28 10:23,1933,28.300000000000004,23.999868437688196,Core_ZN,5420.516347984937,0.9034193913308228,826.6167278378815,,,23.999868437688196,23.99979242714572,23.9998935379808,23.99983721471115,23.99987537750212
sensor,1979-06-28 10:33,1934,28.3,23.999865719215645,Core_ZN,5403.767047913694,0.900627841318949,827.5173556792005,,,23.999865719215645,23.999793085875893,23.999875251964706,23.999837980224612,23.999880914480308
sensor,1979-06-28 10:43,1935,28.300000000000004,23.999861782619124,Core_ZN,5385.847059378098,0.8976411765630161,828.4149968557635,,,23.999861782619124,23.99978244673627,23.99987884475107,23.999832211472288,23.99987860045281
sensor,1979-06-28 10:55,1936,28.3,23.999789733271815,Core_ZN,5370.29329588701,0.8950488826478349,829.3100457384114,,,23.999789733271815,23.99965200714779,23.9998644032668,23.99973734318292,23.999804751450508
sensor,1979-06-28 10:65,1937,28.3,23.999799795254077,Core_ZN,5363.901413513099,0.8939835689188499,830.2040293073303,,,23.999799795254077,23.99968619790752,23.999838536446063,23.99975954221822,23.999829703882607
sensor,1979-06-28 11:15,1938,28.300000000000004,23.999899292918272,Core_ZN,5064.813373168796,0.8441355621947992,831.0481648695251,,,23.999899292918272,23.99981012443395,23.999898126571743,23.99986472815391,23.999898271627423
sensor,1979-06-28 11:20,1939,28.300000000000004,23.999863476086627,Core_ZN,5049.112063431465,0.8415186772385774,831.8896835467636,,,23.999863476086627,23.99973740053343,23.999875779155886,23.99981691938492,23.999875623993756
sensor,1979-06-28 11:30,1940,28.3,23.99987464209027,Core_ZN,5038.819004049034,0.8398031673415056,832.7294867141052,,,23.99987464209027,23.999754192758992,23.9998695261643,23.999829164289633,23.999890441435532
sensor,1979-06-28 11:40,1941,28.300000000000004,23.99988007225361,Core_ZN,5023.151352834853,0.8371918921391421,833.5666786062443,,,23.99988007225361,23.999757911776967,23.99986854491843,23.9998330244071,23.999895335674623
sensor,1979-06-28 11:50,1942,28.3,23.999883481093928,Core_ZN,5007.414101236243,0.8345690168727071,834.401247623117,,,23.999883481093928,23.999762059950537,23.999869927142196,23.999836728948825,23.999897929252338
sensor,1979-06-28 11:60,1943,28.3,23.999885993613283,Core_ZN,4992.012224969239,0.8320020374948731,835.2332496606118,,,23.999885993613283,23.999766932449756,23.999871990047158,23.9998402704322,23.999899881534052
sensor,1979-06-28 12:10,1944,28.483333333333334,23.999861408082733,Core_ZN,5020.898955382943,0.8368164925638238,836.0700661531756,,,23.999861408082733,23.999750421207253,23.999854711586732,23.999820164292917,23.99988118828027
sensor,1979-06-28 12:20,1945,28.66666666666667,23.999860868314496,Core_ZN,5044.137735020003,0.8406896225033338,836.9107557756789,,,23.999860868314496,23.99977257376024,23.99985042314579,23.999831894779973,23.99987320646179
sensor,1979-06-28 12:30,1946,28.85,23.99986615702788,Core_ZN,5077.966688289888,0.846327781381648,837.7570835570606,,,23.99986615702788,23.99980215567913,23.999850988319142,23.9998509518183,23.99986999989263
sensor,1979-06-28 12:40,1947,29.03333333333333,23.99987044926594,Core_ZN,5118.188785454356,0.8530314642423926,838.6101150213029,,,23.99987044926594,23.999826993499155,23.999851694020524,23.999867024562114,23.999867736118304
sensor,1979-06-28 12:50,1948,29.216666666666665,23.999873795529624,Core_ZN,5162.582428638687,0.8604304047731144,839.470545426076,,,23.999873795529624,23.99984680587612,23.999851467876834,23.999879214555577,23.999865407677884
sensor,1979-06-28 12:60,1949,29.4,23.99987629457548,Core_ZN,5211.340119482316,0.868556686580386,840.3391021126564,,,23.99987629457548,23.999862302680608,23.999850404239396,23.999888430857204,23.99986352996695
sensor,1979-06-28 13:10,1950,29.5,23.999907188248088,Core_ZN,5245.176960006549,0.8741961600010915,841.2132982726575,,,23.999907188248088,23.999897367872787,23.99986904530576,23.99991981131167,23.99988866649446
sensor,1979-06-28 13:20,1951,29.6,23.9999097685885,Core_ZN,5280.529481418669,0.8800882469031115,842.0933865195607,,,23.9999097685885,23.99988844658878,23.99987258986475,23.99991329551843,23.999895745768082
sensor,1979-06-28 13:30,1952,29.7,23.9999128910388,Core_ZN,5320.759284300664,0.8867932140501107,842.9801797336108,,,23.9999128910388,23.99987389604142,23.999872214825086,23.999900449913277,23.99989182874472
sensor,1979-06-28 13:40,1953,29.8,23.999910738539956,Core_ZN,5356.153926729198,0.892692321121533,843.8728720547324,,,23.999910738539956,23.999859016651726,23.999869998190825,23.999885888468906,23.999880455655607
sensor,1979-06-28 13:50,1954,29.9,23.99990770562042,Core_ZN,5389.380067171016,0.8982300111951693,844.7711020659276,,,23.99990770562042,23.999848091721066,23.99986797690183,23.99987341696916,23.999865791663524
sensor,1979-06-28 13:60,1955,30.0,23.999904744387987,Core_ZN,5423.695284157125,0.9039492140261874,845.6750512799538,,,23.999904744387987,23.99984059898694,23.999866434236765,23.999862847505188,23.9998497612113
sensor,1979-06-28 14:15,1956,29.71666666666667,23.99991678333376,Core_ZN,5370.965279948848,0.8951608799914745,846.5702121599453,,,23.99991678333376,23.999854105821676,23.999875722939827,23.999865007853877,23.999773977408665
sensor,1979-06-28 14:25,1957,29.433333333333337,23.999921636287034,Core_ZN,5314.588520661559,0.8857647534435933,847.4559769133889,,,23.999921636287034,23.999853687146427,23.999885895465447,23.99986945823772,23.999815770427748
sensor,1979-06-28 14:33,1958,29.15,23.99993236108178,Core_ZN,5254.691653603335,0.8757819422672225,848.3317588556561,,,23.99993236108178,23.999865641115903,23.99988832588982,23.999877941990682,23.999803225167035
sensor,1979-06-28 14:43,1959,28.866666666666667,23.999938105157085,Core_ZN,5199.861364015269,0.8666435606692114,849.1984024163253,,,23.999938105157085,23.999877591694602,23.999905979077703,23.999890895755907,23.99983119512057
sensor,1979-06-28 14:53,1960,28.583333333333336,23.99993711195779,Core_ZN,5152.3026853416995,0.8587171142236165,850.0571195305489,,,23.99993711195779,23.999877309277863,23.999907951481042,23.999890452952997,23.999809987331396
sensor,1979-06-28 14:63,1961,28.3,23.999936085942437,Core_ZN,5103.057368434103,0.8505095614056839,850.9076290919546,,,23.999936085942437,23.999876674403325,23.99990905421324,23.999889955947268,23.99978985915206
sensor,1979-06-28 15:15,1962,28.300000000000004,23.99991055595397,Core_ZN,5122.693773052264,0.8537822955087107,851.7614113874633,,,23.99991055595397,23.99984376877762,23.9998713260415,23.999855005052712,23.999618520593792
sensor,1979-06-28 15:25,1963,28.300000000000004,23.999931353323532,Core_ZN,5146.230745151319,0.8577051241918864,852.6191165116552,,,23.999931353323532,23.999889452079017,23.99990823334852,23.99989912962777,23.999723942510506
sensor,1979-06-28 15:35,1964,28.3,23.999940387924507,Core_ZN,5167.842439140119,0.8613070731900196,853.4804235848452,,,23.999940387924507,23.99991189930097,23.99992285970633,23.9999193272589,23.99973868038971
sensor,1979-06-28 15:45,1965,28.300000000000004,23.999946857770816,Core_ZN,5176.32279446052,0.8627204657434199,854.3431440505886,,,23.999946857770816,23.99992637092652,23.999931103463233,23.999932686894823,23.999761293325054
sensor,1979-06-28 15:53,1966,28.3,23.999969593611723,Core_ZN,5181.960896297318,0.8636601493828864,855.2068041999715,,,23.999969593611723,23.999966828015555,23.999967231884415,23.999967800775135,23.99980693757719
sensor,1979-06-28 15:63,1967,28.3,23.999971134847726,Core_ZN,5179.354988439953,0.8632258314066588,856.0700300313782,,,23.999971134847726,23.999967279345753,23.999962921752857,23.999969739976795,23.99985602946412
sensor,1979-06-28 16:13,1968,28.400000000000002,23.9999826980126,Core_ZN,5060.881626711375,0.8434802711185625,856.9135103024968,,,23.9999826980126,23.999979817398376,23.99997289936149,23.999981899342153,23.999890409113277
sensor,1979-06-28 16:23,1969,28.500000000000004,23.999983138024582,Core_ZN,5052.386135469085,0.8420643559115142,857.7555746584082,,,23.999983138024582,23.999973831511028,23.99997095626417,23.99997717437046,23.999898340069713
sensor,1979-06-28 16:33,1970,28.6,23.99998141203232,Core_ZN,5049.681664966969,0.8416136108278282,858.5971882692361,,,23.99998141203232,23.999967501529692,23.99996837873215,23.999972047435286,23.999903819398035
sensor,1979-06-28 16:43,1971,28.700000000000003,23.999979657029556,Core_ZN,5054.828786321203,0.842471464386867,859.439659733623,,,23.999979657029556,23.999962387829292,23.99996636764853,23.99996776401957,23.999901283869228
sensor,1979-06-28 16:53,1972,28.799999999999997,23.999978082984438,Core_ZN,5062.036652879339,0.8436727754798898,860.2833325091029,,,23.999978082984438,23.99995819212708,23.999964835540464,23.999964091797864,23.999898175718666
sensor,1979-06-28 16:63,1973,28.9,23.999976656180465,Core_ZN,5074.534744923108,0.845755790820518,861.1290882999234,,,23.999976656180465,23.99995475700026,23.999963692712193,23.999958016628558,23.999896135792987
sensor,1979-06-28 17:12,1974,28.616666666666667,24.33448912676453,Core_ZN,4.038461538461539e-09,6.730769230769232e-13,861.1290882999241,,,24.33448912676453,24.68952354412057,24.848973967034922,24.655463258612222,25.46524156780874
sensor,1979-06-28 17:23,1975,28.333333333333336,24.681936947413913,Core_ZN,4.038461538461539e-09,6.730769230769232e-13,861.1290882999248,,,24.681936947413913,25.272474008049258,25.523636474520067,25.241224284258774,26.574602174879622
sensor,1979-06-28 17:33,1976,28.049999999999997,24.821438514508102,Core_ZN,4.038461538461539e-09,6.730769230769232e-13,861.1290882999255,,,24.821438514508102,25.49080723849117,25.76767514054428,25.49255312000996,27.028733869441744
sensor,1979-06-28 17:43,1977,27.766666666666666,24.882749154691567,Core_ZN,408.80662862885237,0.06813443810480872,861.1972227380303,,,24.882749154691567,25.58272284403907,25.867531587013723,25.62127223950553,27.280906752563936
sensor,1979-06-28 17:53,1978,27.483333333333334,24.91958314212551,Core_ZN,601.2833335715837,0.10021388892859728,861.2974366269589,,,24.91958314212551,25.62515765166019,25.918546074447,25.69680295740656,26.726183814602223
sensor,1979-06-28 17:63,1979,27.2,24.945068746499203,Core_ZN,585.3651139421254,0.09756085232368757,861.3949974792826,,,24.945068746499203,25.643908172320334,25.947599447591493,25.73275316178399,26.701535063032082
sensor,1979-06-28 18:13,1980,26.733333333333334,24.959407290138678,Core_ZN,4.038461538461539e-09,6.730769230769232e-13,861.3949974792832,,,24.959407290138678,25.646283703351976,25.962181678560288,25.743773909889438,26.88135466858861
sensor,1979-06-28 18:23,1981,26.26666666666667,24.96334516951286,Core_ZN,4.038461538461539e-09,6.730769230769232e-13,861.3949974792839,,,24.96334516951286,25.636772739315177,25.966229250297815,25.736234962648094,26.958370399776747
sensor,1979-06-28 18:33,1982,25.799999999999997,24.95984898961783,Core_ZN,4.038461538461539e-09,6.730769230769232e-13,861.3949974792846,,,24.95984898961783,25.618080082686006,25.961150439213093,25.712598516760817,26.901128922092695
sensor,1979-06-28 18:43,1983,25.333333333333336,24.949942414312538,Core_ZN,4.038461538461539e-09,6.730769230769232e-13,861.3949974792853,,,24.949942414312538,25.591706536336673,25.947139748336458,25.67719924554526,26.805557475911854
sensor,1979-06-28 18:53,1984,24.866666666666664,24.934451287969566,Core_ZN,4.038461538461539e-09,6.730769230769232e-13,861.394997479286,,,24.934451287969566,25.56000185434211,25.927054055016864,25.639770821251368,26.709500380475347
sensor,1979-06-28 18:63,1985,24.4,24.91248907372553,Core_ZN,4.038461538461539e-09,6.730769230769232e-13,861.3949974792866,,,24.91248907372553,25.522688189578698,25.90122979528311,25.600498446911296,26.61331202247552
sensor,1979-06-28 19:13,1986,24.316666666666666,24.8977067343379,Core_ZN,4.038461538461539e-09,6.730769230769232e-13,861.3949974792873,,,24.8977067343379,25.49600208523892,25.885068878622533,25.56757004962325,26.528363967529522
sensor,1979-06-28 19:23,1987,24.233333333333334,24.889458009361505,Core_ZN,4.038461538461539e-09,6.730769230769232e-13,861.394997479288,,,24.889458009361505,25.47570248936845,25.874088427246473,25.534612842751216,26.44505647942215
sensor,1979-06-28 19:33,1988,24.15,24.883332311943633,Core_ZN,4.038461538461539e-09,6.730769230769232e-13,861.3949974792887,,,24.883332311943633,25.456069369748754,25.86251700281624,25.497675806445127,26.358860180252734
sensor,1979-06-28 19:43,1989,24.066666666666666,24.877522319744006,Core_ZN,4.038461538461539e-09,6.730769230769232e-13,861.3949974792894,,,24.877522319744006,25.439813006501364,25.852827698940047,25.46839818733706,26.28934732314609
sensor,1979-06-28 19:55,1990,23.983333333333334,24.871344845095607,Core_ZN,4.038461538461539e-09,6.730769230769232e-13,861.39499747929,,,24.871344845095607,25.426274647153953,25.84464058123283,25.44628410602953,26.23393322030055
sensor,1979-06-28 19:65,1991,23.9,24.865878483536783,Core_ZN,4.038461538461539e-09,6.730769230769232e-13,861.3949974792907,,,24.865878483536783,25.416150372625918,25.838172501023124,25.430854552566828,26.19370296338245
sensor,1979-06-28 20:15,1992,23.533333333333335,24.850766274626523,Core_ZN,4.038461538461539e-09,6.730769230769232e-13,861.3949974792914,,,24.850766274626523,25.39513709979149,25.819722855463368,25.40690498740141,26.147789486303733
sensor,1979-06-28 20:25,1993,23.166666666666664,24.829658393107966,Core_ZN,4.038461538461539e-09,6.730769230769232e-13,861.3949974792921,,,24.829658393107966,25.367626892082413,25.79484636718292,25.378031484145986,26.10021977839461
sensor,1979-06-28 20:35,1994,22.799999999999997,24.805356653121336,Core_ZN,4.038461538461539e-09,6.730769230769232e-13,861.3949974792928,,,24.805356653121336,25.33723514483873,25.766928001114316,25.34720306211956,26.053486235219747
sensor,1979-06-28 20:45,1995,22.43333333333333,24.77920504067862,Core_ZN,4.038461538461539e-09,6.730769230769232e-13,861.3949974792935,,,24.77920504067862,25.304950566846856,25.73688996013046,25.315172282064253,26.00778273895325
sensor,1979-06-28 20:55,1996,22.066666666666663,24.751857204017107,Core_ZN,4.038461538461539e-09,6.730769230769232e-13,861.3949974792941,,,24.751857204017107,25.27114089786841,25.705057338548123,25.28232846212225,25.962806357773914
sensor,1979-06-28 20:65,1997,21.7,24.72352532529319,Core_ZN,4.038461538461539e-09,6.730769230769232e-13,861.3949974792948,,,24.72352532529319,25.2359066670554,25.671513408957466,25.248689061570094,25.918087889488554
sensor,1979-06-28 21:15,1998,21.78333333333333,24.71031283137681,Core_ZN,4.038461538461539e-09,6.730769230769232e-13,861.3949974792955,,,24.71031283137681,25.217937082915988,25.655484733492287,25.23150492572114,25.892666699254583
sensor,1979-06-28 21:20,1999,21.866666666666667,24.70556345238534,Core_ZN,4.038461538461539e-09,6.730769230769232e-13,861.3949974792962,,,24.70556345238534,25.20987373995242,25.648505825295622,25.22371493990683,25.87697899410281
sensor,1979-06-28 21:30,2000,21.95,24.70743903671168,Core_ZN,4.038461538461539e-09,6.730769230769232e-13,861.3949974792969,,,24.70743903671168,25.208357086560603,25.64681390880044,25.222243496015718,25.870102587095086
sensor,1979-06-28 21:40,2001,22.03333333333333,24.711677909043527,Core_ZN,4.038461538461539e-09,6.730769230769232e-13,861.3949974792976,,,24.711677909043527,25.208939060983564,25.646734156024685,25.22286195832176,25.866046363601274
sensor,1979-06-28 21:50,2002,22.116666666666667,24.71728480900162,Core_ZN,4.038461538461539e-09,6.730769230769232e-13,861.3949974792982,,,24.71728480900162,25.2108716442897,25.647035958844437,25.224867727812867,25.864709084587755
sensor,1979-06-28 21:60,2003,22.2,24.72377833417459,Core_ZN,4.038461538461539e-09,6.730769230769232e-13,861.3949974792989,,,24.72377833417459,25.21375740248936,25.648548192495653,25.227891295658043,25.86433458182586
sensor,1979-06-28 22:10,2004,21.733333333333334,24.706057289700606,Core_ZN,4.038461538461539e-09,6.730769230769232e-13,861.3949974792996,,,24.706057289700606,25.188595535948064,25.621815448861945,25.20487214419895,25.833995085062885
sensor,1979-06-28 22:20,2005,21.266666666666666,24.677833205825834,Core_ZN,4.038461538461539e-09,6.730769230769232e-13,861.3949974793003,,,24.677833205825834,25.151843787541605,25.584252504700885,25.17154247894929,25.793119688550206
sensor,1979-06-28 22:30,2006,20.799999999999997,24.644046230478736,Core_ZN,4.038461538461539e-09,6.730769230769232e-13,861.394997479301,,,24.644046230478736,25.108402750122035,25.540490485783614,25.132514605378283,25.745577270394705
sensor,1979-06-28 22:45,2007,20.333333333333332,24.61448815220541,Core_ZN,4.038461538461539e-09,6.730769230769232e-13,861.3949974793017,,,24.61448815220541,25.0698584953116,25.50158968026751,25.09819324764808,25.705893996435854
sensor,1979-06-28 22:55,2008,19.866666666666667,24.574399940633896,Core_ZN,4.038461538461539e-09,6.730769230769232e-13,861.3949974793023,,,24.574399940633896,25.017612099235123,25.448255255044252,25.050779040708743,25.654711989558052
sensor,1979-06-28 22:65,2009,19.4,24.530220707655815,Core_ZN,4.038461538461539e-09,6.730769230769232e-13,861.394997479303,,,24.530220707655815,24.962788474539998,25.39215070996753,24.999112272450603,25.601876286542335
sensor,1979-06-28 23:15,2010,19.316666666666666,24.497916048327944,Core_ZN,4.038461538461539e-09,6.730769230769232e-13,861.3949974793037,,,24.497916048327944,24.924657329641658,25.353641870072124,24.96311061516797,25.565304238696974
sensor,1979-06-28 23:20,2011,19.233333333333334,24.4711194016951,Core_ZN,4.038461538461539e-09,6.730769230769232e-13,861.3949974793044,,,24.4711194016951,24.891923046021105,25.320255010315172,24.932928833055286,25.532616324067362
sensor,1979-06-28 23:30,2012,19.15,24.454347562290035,Core_ZN,4.038461538461539e-09,6.730769230769232e-13,861.3949974793051,,,24.454347562290035,24.869341072099488,25.29663228653508,24.91252395824953,25.508640818748514
sensor,1979-06-28 23:40,2013,19.066666666666663,24.439394028562322,Core_ZN,4.038461538461539e-09,6.730769230769232e-13,861.3949974793057,,,24.439394028562322,24.848295808988404,25.274379195427848,24.893660815226447,25.485707945370287
sensor,1979-06-28 23:50,2014,18.983333333333334,24.425334533780408,Core_ZN,4.038461538461539e-09,6.730769230769232e-13,861.3949974793064,,,24.425334533780408,24.828113381366425,25.253095783295866,24.875656874512995,25.463377115325088
sensor,1979-06-28 23:60,2015,18.9,24.411739629476916,Core_ZN,4.038461538461539e-09,6.730769230769232e-13,861.3949974793071,,,24.411739629476916,24.808486784186357,25.232200964079787,24.858327628678783,25.441448691034697
sensor,1979-06-29 00:10,2016,18.8,24.39763265665473,Core_ZN,4.038461538461539e-09,6.730769230769232e-13,861.3949974793078,,,24.39763265665473,24.78682452918364,25.209122975389395,24.839009555129497,25.41752495513657
sensor,1979-06-29 00:20,2017,18.7,24.383324749052885,Core_ZN,4.038461538461539e-09,6.730769230769232e-13,861.3949974793085,,,24.383324749052885,24.764451029499597,25.185513065453552,24.819111310392877,25.39297234497358
sensor,1979-06-29 00:30,2018,18.6,24.368890484089807,Core_ZN,4.038461538461539e-09,6.730769230769232e-13,861.3949974793092,,,24.368890484089807,24.742194662940843,25.161598249079052,24.79887367531999,25.368062460633592
sensor,1979-06-29 00:40,2019,18.5,24.35433624980198,Core_ZN,4.038461538461539e-09,6.730769230769232e-13,861.3949974793098,,,24.35433624980198,24.71973572669587,25.137490736161077,24.7778717419608,25.342849083471947
sensor,1979-06-29 00:50,2020,18.400000000000002,24.3396462273586,Core_ZN,4.038461538461539e-09,6.730769230769232e-13,861.3949974793105,,,24.3396462273586,24.6971181554815,25.113197673690795,24.756680650316802,25.317335719792915
sensor,1979-06-29 00:60,2021,18.3,24.324801956467603,Core_ZN,4.038461538461539e-09,6.730769230769232e-13,861.3949974793112,,,24.324801956467603,24.674332978823823,25.08869941925306,24.73532469433225,25.291516248108675
sensor,1979-06-29 01:10,2022,17.933333333333337,24.297706523133147,Core_ZN,4.038461538461539e-09,6.730769230769232e-13,861.3949974793119,,,24.297706523133147,24.635526570411493,25.047780262756945,24.69929268706749,25.24947054987624
sensor,1979-06-29 01:20,2023,17.56666666666667,24.265701105141392,Core_ZN,4.038461538461539e-09,6.730769230769232e-13,861.3949974793126,,,24.265701105141392,24.590572411720068,25.000959393878748,24.657582840752827,25.201344279105207
sensor,1979-06-29 01:35,2024,17.200000000000003,24.23831614859447,Core_ZN,4.038461538461539e-09,6.730769230769232e-13,861.3949974793132,,,24.23831614859447,24.551977556814805,24.96080172250222,24.621876544036112,25.160007225177118
sensor,1979-06-29 01:45,2025,16.833333333333336,24.202691943009945,Core_ZN,4.038461538461539e-09,6.730769230769232e-13,861.3949974793139,,,24.202691943009945,24.50214353206713,24.909010551841376,24.575754946974023,25.106974142331513
sensor,1979-06-29 01:55,2026,16.46666666666667,24.165967013763755,Core_ZN,4.038461538461539e-09,6.730769230769232e-13,861.3949974793146,,,24.165967013763755,24.450689425800185,24.855510656839833,24.528186527290913,25.052341230253646
sensor,1979-06-29 01:65,2027,16.1,24.128354412459537,Core_ZN,4.038461538461539e-09,6.730769230769232e-13,861.3949974793153,,,24.128354412459537,24.397860115100478,24.800862306339987,24.47938626710053,24.996200484903113
sensor,1979-06-29 02:15,2028,16.016666666666666,24.10002392073536,Core_ZN,4.038461538461539e-09,6.730769230769232e-13,861.394997479316,,,24.10002392073536,24.35897642967468,24.76039081454297,24.443184721775282,24.953884846855125
sensor,1979-06-29 02:25,2029,15.933333333333335,24.07725339458929,Core_ZN,4.038461538461539e-09,6.730769230769232e-13,861.3949974793167,,,24.07725339458929,24.327759275957593,24.727248895111636,24.41395157259049,24.91897056134632
sensor,1979-06-29 02:30,2030,15.850000000000001,24.052328713253647,Core_ZN,4.038461538461539e-09,6.730769230769232e-13,861.3949974793173,,,24.052328713253647,24.29370342168827,24.69061997032798,24.381901421740988,24.88030388921497
sensor,1979-06-29 02:40,2031,15.766666666666666,24.03247892370359,Core_ZN,4.038461538461539e-09,6.730769230769232e-13,861.394997479318,,,24.03247892370359,24.266582883312832,24.66109400659955,24.35628067885098,24.849095802561642
sensor,1979-06-29 02:50,2032,15.683333333333334,24.012945407558814,Core_ZN,4.038461538461539e-09,6.730769230769232e-13,861.3949974793187,,,24.012945407558814,24.24012772680377,24.632154415653186,24.331194496298117,24.818468693758604
sensor,1979-06-29 02:60,2033,15.6,23.993588929880232,Core_ZN,4.038461538461539e-09,6.730769230769232e-13,861.3949974793194,,,23.993588929880232,24.21415404942498,24.60364501201878,24.306478618251393,24.78826293490384
sensor,1979-06-29 03:10,2034,16.05,23.997787027256575,Core_ZN,4.038461538461539e-09,6.730769230769232e-13,861.3949974793201,,,23.997787027256575,24.216455079511903,24.604015389855704,24.30802879324945,24.786961233379053
sensor,1979-06-29 03:20,2035,16.5,24.01057463898186,Core_ZN,4.038461538461539e-09,6.730769230769232e-13,861.3949974793208,,,24.01057463898186,24.228380412666308,24.613491151253527,24.318521801290224,24.79492302002409
sensor,1979-06-29 03:30,2036,16.95,24.027741135527204,Core_ZN,4.038461538461539e-09,6.730769230769232e-13,861.3949974793214,,,24.027741135527204,24.24546085570812,24.627894674847287,24.3337467623011,24.80800696525957
sensor,1979-06-29 03:40,2037,17.4,24.047777700950533,Core_ZN,4.038461538461539e-09,6.730769230769232e-13,861.3949974793221,,,24.047777700950533,24.266146678500654,24.64587435216599,24.352261093496487,24.824843149683435
sensor,1979-06-29 03:50,2038,17.85,24.070085303654782,Core_ZN,4.038461538461539e-09,6.730769230769232e-13,861.3949974793228,,,24.070085303654782,24.289784851926996,24.66694589534466,24.373472364925764,24.844381109229385
sensor,1979-06-29 03:60,2039,18.3,24.094392578462017,Core_ZN,4.038461538461539e-09,6.730769230769232e-13,861.3949974793235,,,24.094392578462017,24.316032811614004,24.690902637177327,24.3970845197331,24.86644938558035
sensor,1979-06-29 04:10,2040,18.683333333333337,24.117599705464634,Core_ZN,4.038461538461539e-09,6.730769230769232e-13,861.3949974793242,,,24.117599705464634,24.33879977349007,24.711188198262906,24.417833102715306,24.884751617533578
sensor,1979-06-29 04:20,2041,19.06666666666667,24.142572126960626,Core_ZN,4.038461538461539e-09,6.730769230769232e-13,861.3949974793248,,,24.142572126960626,24.36164674374657,24.7308567287197,24.43872333155411,24.903708247605064
sensor,1979-06-29 04:35,2042,19.450000000000003,24.16261668491702,Core_ZN,4.038461538461539e-09,6.730769230769232e-13,861.3949974793255,,,24.16261668491702,24.384642601173553,24.751013465584887,24.459528352276305,24.922461374036807
sensor,1979-06-29 04:45,2043,19.833333333333336,24.188833188006747,Core_ZN,4.038461538461539e-09,6.730769230769232e-13,861.3949974793262,,,24.188833188006747,24.414246331500795,24.77669243218366,24.486264507509325,24.945799411754717
sensor,1979-06-29 04:55,2044,20.21666666666667,24.21644812953663,Core_ZN,4.038461538461539e-09,6.730769230769232e-13,861.3949974793269,,,24.21644812953663,24.44491417531423,24.803103421140236,24.513749538476986,24.969571332454457
sensor,1979-06-29 04:65,2045,20.6,24.245747959788403,Core_ZN,4.038461538461539e-09,6.730769230769232e-13,861.3949974793276,,,24.245747959788403,24.4767145576384,24.83055598928894,24.54233299071921,24.99422917594118
sensor,1979-06-29 05:10,2046,20.21666666666667,24.24758868305397,Core_ZN,4.038461538461539e-09,6.730769230769232e-13,861.3949974793283,,,24.24758868305397,24.477156346865602,24.824596572006403,24.541229155889166,24.985186759232917
sensor,1979-06-29 05:20,2047,19.833333333333336,24.22514341727611,Core_ZN,4.038461538461539e-09,6.730769230769232e-13,861.3949974793289,,,24.22514341727611,24.45433592561647,24.79844440522596,24.51851727690871,24.957463635608242
sensor,1979-06-29 05:30,2048,19.450000000000003,24.195082091439758,Core_ZN,4.038461538461539e-09,6.730769230769232e-13,861.3949974793296,,,24.195082091439758,24.423139242874086,24.76577999855176,24.48803097035286,24.92258672894557
sensor,1979-06-29 05:40,2049,19.066666666666666,24.161270128429116,Core_ZN,4.038461538461539e-09,6.730769230769232e-13,861.3949974793303,,,24.161270128429116,24.39457704885656,24.735182319586535,24.459258757804292,24.890901953959652
sensor,1979-06-29 05:50,2050,18.683333333333334,24.125709498689325,Core_ZN,4.038461538461539e-09,6.730769230769232e-13,861.394997479331,,,24.125709498689325,24.3683805373986,24.70586134452253,24.431868018766988,24.860790153970694
sensor,1979-06-29 05:60,2051,18.3,24.08937768887191,Core_ZN,4.038461538461539e-09,6.730769230769232e-13,861.3949974793317,,,24.08937768887191,24.343399273957957,24.681163723776905,24.406166821125822,24.830592930837913
sensor,1979-06-29 06:10,2052,18.583333333333336,24.082997751829907,Core_ZN,4.038461538461539e-09,6.730769230769232e-13,861.3949974793323,,,24.082997751829907,24.35441507541944,24.69553333818145,24.414275399880346,24.836296070601783
sensor,1979-06-29 06:20,2053,18.866666666666667,24.088605420720036,Core_ZN,4.038461538461539e-09,6.730769230769232e-13,861.394997479333,,,24.088605420720036,24.379176458528235,24.72383261433227,24.434994471071526,24.854718703674514
sensor,1979-06-29 06:35,2054,19.15,24.097677774686968,Core_ZN,4.038461538461539e-09,6.730769230769232e-13,861.3949974793337,,,24.097677774686968,24.40423503139305,24.752419103509162,24.456020267311075,24.874182222318936
sensor,1979-06-29 06:45,2055,19.433333333333334,24.111886749510752,Core_ZN,4.038461538461539e-09,6.730769230769232e-13,861.3949974793344,,,24.111886749510752,24.439744146085864,24.79132167282271,24.485770703260076,24.90200457847292
sensor,1979-06-29 06:55,2056,19.71666666666667,24.128798916566726,Core_ZN,4.038461538461539e-09,6.730769230769232e-13,861.3949974793351,,,24.128798916566726,24.479259245879174,24.833772756929392,24.518190965679857,24.932975211322542
sensor,1979-06-29 06:65,2057,20.0,24.147895391198652,Core_ZN,4.038461538461539e-09,6.730769230769232e-13,861.3949974793358,,,24.147895391198652,24.52163082335536,24.878510493465768,24.55227697154999,24.96617020611284
sensor,1979-06-29 07:15,2058,20.183333333333334,24.16534825348213,Core_ZN,4.038461538461539e-09,6.730769230769232e-13,861.3949974793364,,,24.16534825348213,24.562152592172843,24.920847863822704,24.585016559440135,24.997584511571027
sensor,1979-06-29 07:25,2059,20.366666666666667,24.181991725744545,Core_ZN,4.038461538461539e-09,6.730769230769232e-13,861.3949974793371,,,24.181991725744545,24.601777865482987,24.961070753007952,24.61725943407386,25.028399627674837
sensor,1979-06-29 07:35,2060,20.55,24.199058857173313,Core_ZN,4.038461538461539e-09,6.730769230769232e-13,861.3949974793378,,,24.199058857173313,24.641584319769194,25.001821243831287,24.649854451877438,25.05971600203474
sensor,1979-06-29 07:45,2061,20.733333333333334,24.217186215705464,Core_ZN,4.038461538461539e-09,6.730769230769232e-13,861.3949974793385,,,24.217186215705464,24.680517560212145,25.041934596123305,24.681943709623432,25.090558389023126
sensor,1979-06-29 07:55,2062,20.916666666666668,24.237078823333817,Core_ZN,4.038461538461539e-09,6.730769230769232e-13,861.3949974793392,,,24.237078823333817,24.718771701025997,25.08194122288028,24.713557647141364,25.120691444248543
sensor,1979-06-29 07:65,2063,21.1,24.257375785913865,Core_ZN,4.038461538461539e-09,6.730769230769232e-13,861.3949974793398,,,24.257375785913865,24.75781537289254,25.12209355509482,24.74609645751257,25.150381697343775
sensor,1979-06-29 08:15,2064,21.46666666666667,24.28415535368621,Core_ZN,4.038461538461539e-09,6.730769230769232e-13,861.3949974793405,,,24.28415535368621,24.805734226357238,25.170195368225272,24.786962857801136,25.18796885921576
sensor,1979-06-29 08:25,2065,21.833333333333336,24.315703832699633,Core_ZN,4.038461538461539e-09,6.730769230769232e-13,861.3949974793412,,,24.315703832699633,24.860430486091268,25.224545707924364,24.83378334426832,25.23207821335109
sensor,1979-06-29 08:35,2066,22.200000000000003,24.349507637914506,Core_ZN,4.038461538461539e-09,6.730769230769232e-13,861.3949974793419,,,24.349507637914506,24.918438068141235,25.28344329600433,24.88364338418627,25.2805839520858
sensor,1979-06-29 08:45,2067,22.56666666666667,24.38458201699801,Core_ZN,4.038461538461539e-09,6.730769230769232e-13,861.3949974793426,,,24.38458201699801,24.976516068275103,25.349686045569634,24.933835203435763,25.331666743435235
sensor,1979-06-29 08:53,2068,22.933333333333334,24.417902973117453,Core_ZN,4.038461538461539e-09,6.730769230769232e-13,861.3949974793433,,,24.417902973117453,25.02743298356799,25.43029341331514,24.978272779728616,25.377569023575845
sensor,1979-06-29 08:63,2069,23.3,24.454210986808995,Core_ZN,4.038461538461539e-09,6.730769230769232e-13,861.3949974793439,,,24.454210986808995,25.08244194591989,25.516458137992622,25.02648189359564,25.426459334340926
sensor,1979-06-29 09:13,2070,23.483333333333334,24.483579842975004,Core_ZN,4.038461538461539e-09,6.730769230769232e-13,861.3949974793446,,,24.483579842975004,25.131801509748485,25.58667151965819,25.06915733838636,25.46831461363857
sensor,1979-06-29 09:23,2071,23.666666666666668,24.50725842977442,Core_ZN,4.038461538461539e-09,6.730769230769232e-13,861.3949974793453,,,24.50725842977442,25.17674640073717,25.644561678885978,25.107251240358778,25.5047506171444
sensor,1979-06-29 09:33,2072,23.85,24.528442286941473,Core_ZN,4.038461538461539e-09,6.730769230769232e-13,861.394997479346,,,24.528442286941473,25.218436038346972,25.70677157403624,25.14147373010109,25.537890967583717
sensor,1979-06-29 09:43,2073,24.03333333333333,24.548499866215593,Core_ZN,4.038461538461539e-09,6.730769230769232e-13,861.3949974793467,,,24.548499866215593,25.26463444784841,25.770367799528074,25.178629638267545,25.575232185050552
sensor,1979-06-29 09:53,2074,24.216666666666665,24.568172016107987,Core_ZN,4.038461538461539e-09,6.730769230769232e-13,861.3949974793474,,,24.568172016107987,25.317106337860405,25.83000993990786,25.22030938193444,25.618204295320126
sensor,1979-06-29 09:63,2075,24.4,24.587839529895966,Core_ZN,4.038461538461539e-09,6.730769230769232e-13,861.394997479348,,,24.587839529895966,25.37566631451017,25.883797536903323,25.264844999711265,25.664614882302267
sensor,1979-06-29 10:12,2076,24.78333333333333,24.612742741028303,Core_ZN,4.038461538461539e-09,6.730769230769232e-13,861.3949974793487,,,24.612742741028303,25.444841611204666,25.936616127923966,25.316195794226612,25.718810858346735
sensor,1979-06-29 10:23,2077,25.166666666666668,24.64410436543532,Core_ZN,4.038461538461539e-09,6.730769230769232e-13,861.3949974793494,,,24.64410436543532,25.527394542623348,25.989690304026006,25.376296623024814,25.782719752052078
sensor,1979-06-29 10:32,2078,25.549999999999997,24.67677491665171,Core_ZN,4.038461538461539e-09,6.730769230769232e-13,861.3949974793501,,,24.67677491665171,25.613988984700317,26.035610677675816,25.438257533715824,25.848904587914447
sensor,1979-06-29 10:42,2079,25.93333333333333,24.711789630292984,Core_ZN,4.038461538461539e-09,6.730769230769232e-13,861.3949974793508,,,24.711789630292984,25.68537562914093,26.055713773751858,25.490219088791502,25.904509259180294
sensor,1979-06-29 10:53,2080,26.316666666666666,24.747387104223144,Core_ZN,4.038461538461539e-09,6.730769230769232e-13,861.3949974793514,,,24.747387104223144,25.732229927907134,26.05181262169466,25.526355378461673,25.94311431171785
sensor,1979-06-29 10:65,2081,26.7,24.783584558128567,Core_ZN,4.038461538461539e-09,6.730769230769232e-13,861.3949974793521,,,24.783584558128567,25.76296643008628,26.04856233793067,25.552357523772596,25.971154250344114
sensor,1979-06-29 11:10,2082,26.233333333333334,24.788265965777715,Core_ZN,4.038461538461539e-09,6.730769230769232e-13,861.3949974793528,,,24.788265965777715,25.742204998267187,26.012260609882873,25.53893526032971,25.955220586198255
sensor,1979-06-29 11:25,2083,25.766666666666666,24.776375753228393,Core_ZN,4.038461538461539e-09,6.730769230769232e-13,861.3949974793535,,,24.776375753228393,25.703355346517576,25.969584506330502,25.509118971472052,25.921827694472285
sensor,1979-06-29 11:33,2084,25.299999999999997,24.75766089835253,Core_ZN,4.038461538461539e-09,6.730769230769232e-13,861.3949974793542,,,24.75766089835253,25.64877499723134,25.9159543002013,25.468842380580078,25.87719395469805
sensor,1979-06-29 11:43,2085,24.833333333333332,24.732609984765613,Core_ZN,4.038461538461539e-09,6.730769230769232e-13,861.3949974793549,,,24.732609984765613,25.592209325302456,25.85957711937922,25.42512542426296,25.828780116180063
sensor,1979-06-29 11:53,2086,24.366666666666667,24.703753761191088,Core_ZN,4.038461538461539e-09,6.730769230769232e-13,861.3949974793555,,,24.703753761191088,25.539156652654132,25.80479185995029,25.38170250758798,25.780493556452033
sensor,1979-06-29 11:63,2087,23.9,24.67208962349956,Core_ZN,4.038461538461539e-09,6.730769230769232e-13,861.3949974793562,,,24.67208962349956,25.486025829333833,25.749556323851834,25.336887685070174,25.730616273332434
sensor,1979-06-29 12:13,2088,23.25,24.632477583638412,Core_ZN,4.038461538461539e-09,6.730769230769232e-13,861.3949974793569,,,24.632477583638412,25.424369586077816,25.68589826296176,25.283599091613077,25.671834987053185
sensor,1979-06-29 12:23,2089,22.6,24.587175322143125,Core_ZN,4.038461538461539e-09,6.730769230769232e-13,861.3949974793576,,,24.587175322143125,25.355495912140814,25.61603135097043,25.223177811079324,25.605867473707466
sensor,1979-06-29 12:33,2090,21.95,24.537402651050122,Core_ZN,4.038461538461539e-09,6.730769230769232e-13,861.3949974793583,,,24.537402651050122,25.282942153888794,25.541762187168043,25.158868823927545,25.534404145743487
sensor,1979-06-29 12:43,2091,21.299999999999997,24.483589697710663,Core_ZN,4.038461538461539e-09,6.730769230769232e-13,861.394997479359,,,24.483589697710663,25.21219258596259,25.46672396230516,25.09422159579027,25.46161611639439
sensor,1979-06-29 12:53,2092,20.65,24.425957214355268,Core_ZN,4.038461538461539e-09,6.730769230769232e-13,861.3949974793596,,,24.425957214355268,25.14337232320273,25.390838688468477,25.03035534703287,25.387632521334794
sensor,1979-06-29 12:65,2093,20.0,24.3584396191431,Core_ZN,4.038461538461539e-09,6.730769230769232e-13,861.3949974793603,,,24.3584396191431,25.067857240993273,25.312090666831523,24.960396433628205,25.3106824822899
sensor,1979-06-29 13:15,2094,20.0,24.31533878123363,Core_ZN,4.038461538461539e-09,6.730769230769232e-13,861.394997479361,,,24.31533878123363,25.02540697560589,25.27082570135192,24.91961528074386,25.27181164187577
sensor,1979-06-29 13:20,2095,20.0,24.28104075909189,Core_ZN,4.038461538461539e-09,6.730769230769232e-13,861.3949974793617,,,24.28104075909189,25.000877174653567,25.245807307077776,24.895175360581657,25.250750944725606
sensor,1979-06-29 13:30,2096,20.0,24.261950364950156,Core_ZN,4.038461538461539e-09,6.730769230769232e-13,861.3949974793624,,,24.261950364950156,24.99229673246822,25.235016816905215,24.886353990056193,25.244123516457766
sensor,1979-06-29 13:40,2097,20.0,24.246923113210247,Core_ZN,4.038461538461539e-09,6.730769230769232e-13,861.394997479363,,,24.246923113210247,24.984293226965047,25.224634767109187,24.878899424678597,25.237934775408256
sensor,1979-06-29 13:50,2098,20.0,24.2345823150488,Core_ZN,4.038461538461539e-09,6.730769230769232e-13,861.3949974793637,,,24.2345823150488,24.976622267752283,25.21484170692835,24.872142829618532,25.232172024503157
sensor,1979-06-29 13:60,2099,20.0,24.22429661744139,Core_ZN,4.038461538461539e-09,6.730769230769232e-13,861.3949974793644,,,24.22429661744139,24.969626146309974,25.20595367355629,24.86599672884653,25.226990769187587
sensor,1979-06-29 14:10,2100,20.183333333333334,24.22438681931703,Core_ZN,4.038461538461539e-09,6.730769230769232e-13,861.3949974793651,,,24.22438681931703,24.969370317512237,25.20422830356644,24.866547731054677,25.22885279367701
sensor,1979-06-29 14:20,2101,20.366666666666667,24.229585911444257,Core_ZN,4.038461538461539e-09,6.730769230769232e-13,861.3949974793658,,,24.229585911444257,24.972399551389742,25.205729885477787,24.870280304066906,25.233663012924133
sensor,1979-06-29 14:30,2102,20.55,24.239001857619037,Core_ZN,4.038461538461539e-09,6.730769230769232e-13,861.3949974793665,,,24.239001857619037,24.97730342196271,25.20901639723482,24.875790053764344,25.24005881537811
sensor,1979-06-29 14:40,2103,20.733333333333334,24.250351659426087,Core_ZN,4.038461538461539e-09,6.730769230769232e-13,861.3949974793671,,,24.250351659426087,24.988336692695807,25.218270362052202,24.886290922947545,25.252632038896788
sensor,1979-06-29 14:50,2104,20.916666666666668,24.26310046764612,Core_ZN,4.038461538461539e-09,6.730769230769232e-13,861.3949974793678,,,24.26310046764612,25.003593974147797,25.231640718678396,24.900224241422563,25.271308336094414
sensor,1979-06-29 14:60,2105,21.1,24.277027244830325,Core_ZN,4.038461538461539e-09,6.730769230769232e-13,861.3949974793685,,,24.277027244830325,25.02252600732085,25.248264629063314,24.917666163242462,25.295737899602063
sensor,1979-06-29 15:10,2106,21.200000000000003,24.288154276359815,Core_ZN,4.038461538461539e-09,6.730769230769232e-13,861.3949974793692,,,24.288154276359815,25.041077025781547,25.263366726990533,24.934457792125112,25.320114152827223
sensor,1979-06-29 15:20,2107,21.300000000000004,24.29847911278096,Core_ZN,4.038461538461539e-09,6.730769230769232e-13,861.3949974793699,,,24.29847911278096,25.06062221516974,25.278973933273857,24.951951276919505,25.34751912883503
sensor,1979-06-29 15:30,2108,21.4,24.308828142374082,Core_ZN,4.038461538461539e-09,6.730769230769232e-13,861.3949974793705,,,24.308828142374082,25.081476533108013,25.295601765864507,24.970548680486154,25.378419292784702
sensor,1979-06-29 15:40,2109,21.5,24.319428386931357,Core_ZN,4.038461538461539e-09,6.730769230769232e-13,861.3949974793712,,,24.319428386931357,25.096419379487344,25.30692852612982,24.984890872883245,25.399316294592225
sensor,1979-06-29 15:50,2110,21.599999999999998,24.330229614532232,Core_ZN,4.038461538461539e-09,6.730769230769232e-13,861.3949974793719,,,24.330229614532232,25.107288938081844,25.314712662270605,24.995755931024338,25.413868783148462
sensor,1979-06-29 15:60,2111,21.7,24.340726793445235,Core_ZN,4.038461538461539e-09,6.730769230769232e-13,861.3949974793726,,,24.340726793445235,25.115622759315478,25.320295228728995,25.003841343702316,25.42452852277353
sensor,1979-06-29 16:10,2112,21.7,24.346297449783123,Core_ZN,4.038461538461539e-09,6.730769230769232e-13,861.3949974793733,,,24.346297449783123,25.11768140710254,25.31994975008167,25.005583870302747,25.427412948570133
sensor,1979-06-29 16:20,2113,21.700000000000003,24.349537852345453,Core_ZN,4.038461538461539e-09,6.730769230769232e-13,861.394997479374,,,24.349537852345453,25.115865883105727,25.31617391732735,25.00395700320186,25.426023834595863
sensor,1979-06-29 16:30,2114,21.7,24.351469162800164,Core_ZN,4.038461538461539e-09,6.730769230769232e-13,861.3949974793746,,,24.351469162800164,25.11125501474765,25.309797584348697,25.000381368952024,25.42181113923095
sensor,1979-06-29 16:40,2115,21.7,24.352512737272324,Core_ZN,4.038461538461539e-09,6.730769230769232e-13,861.3949974793753,,,24.352512737272324,25.10234101200943,25.299534247433552,24.99324136515668,25.412517405647
sensor,1979-06-29 16:50,2116,21.7,24.352798906323635,Core_ZN,4.038461538461539e-09,6.730769230769232e-13,861.394997479376,,,24.352798906323635,25.089500905238012,25.286038845410527,24.98296540717299,25.39957345877105
sensor,1979-06-29 16:60,2117,21.7,24.35237160298326,Core_ZN,4.038461538461539e-09,6.730769230769232e-13,861.3949974793767,,,24.35237160298326,25.073453983084747,25.269905234934853,24.97077048252907,25.383796358142956
sensor,1979-06-29 17:15,2118,21.316666666666666,24.33763451069877,Core_ZN,4.038461538461539e-09,6.730769230769232e-13,861.3949974793774,,,24.33763451069877,25.04348575012073,25.239396494846904,24.945663085661582,25.35279396500203
sensor,1979-06-29 17:25,2119,20.933333333333334,24.31141438798518,Core_ZN,4.038461538461539e-09,6.730769230769232e-13,861.394997479378,,,24.31141438798518,24.99562541208155,25.19188350866891,24.90540038133467,25.30318641988125
sensor,1979-06-29 17:35,2120,20.549999999999997,24.27910606907712,Core_ZN,4.038461538461539e-09,6.730769230769232e-13,861.3949974793787,,,24.27910606907712,24.938360900951174,25.137099435308556,24.856876770481612,25.244444159218244
sensor,1979-06-29 17:45,2121,20.166666666666664,24.242946272613132,Core_ZN,4.038461538461539e-09,6.730769230769232e-13,861.3949974793794,,,24.242946272613132,24.877975169562646,25.079503004008977,24.803619159762256,25.183050454536207
sensor,1979-06-29 17:55,2122,19.783333333333335,24.203605958899395,Core_ZN,4.038461538461539e-09,6.730769230769232e-13,861.3949974793801,,,24.203605958899395,24.81647013372878,25.020551559642506,24.7488569230966,25.120597686077907
sensor,1979-06-29 17:65,2123,19.4,24.160372259195796,Core_ZN,4.038461538461539e-09,6.730769230769232e-13,861.3949974793808,,,24.160372259195796,24.753872308495602,24.960317926340835,24.69296608284688,25.05645467795073
sensor,1979-06-29 18:15,2124,19.133333333333333,24.119742387555235,Core_ZN,4.038461538461539e-09,6.730769230769232e-13,861.3949974793815,,,24.119742387555235,24.694891587691608,24.90383401074999,24.640470313057556,24.995664224529268
sensor,1979-06-29 18:25,2125,18.866666666666667,24.082743071186904,Core_ZN,4.038461538461539e-09,6.730769230769232e-13,861.3949974793821,,,24.082743071186904,24.637883628719894,24.849165296215286,24.589736720757596,24.936202077812254
sensor,1979-06-29 18:35,2126,18.6,24.047577947359887,Core_ZN,4.038461538461539e-09,6.730769230769232e-13,861.3949974793828,,,24.047577947359887,24.580991542487567,24.794487376913864,24.538784173760604,24.87597068033736
sensor,1979-06-29 18:45,2127,18.333333333333336,24.01327774078544,Core_ZN,4.038461538461539e-09,6.730769230769232e-13,861.3949974793835,,,24.01327774078544,24.525360659312316,24.74093039009892,24.489455849202706,24.818897393968413
sensor,1979-06-29 18:55,2128,18.066666666666666,23.979413310460387,Core_ZN,4.038461538461539e-09,6.730769230769232e-13,861.3949974793842,,,23.979413310460387,24.470684104702507,24.688106444148488,24.44178744917393,24.765098117695103
sensor,1979-06-29 18:65,2129,17.8,23.945807973180525,Core_ZN,4.038461538461539e-09,6.730769230769232e-13,861.3949974793849,,,23.945807973180525,24.416617633151326,24.635405436185835,24.395417808852375,24.713082553242444
sensor,1979-06-29 19:15,2130,17.8,23.921899898547096,Core_ZN,4.038461538461539e-09,6.730769230769232e-13,861.3949974793856,,,23.921899898547096,24.373891045514085,24.59379992107598,24.359704553703928,24.672462714969306
sensor,1979-06-29 19:25,2131,17.800000000000004,23.9043623262476,Core_ZN,4.038461538461539e-09,6.730769230769232e-13,861.3949974793862,,,23.9043623262476,24.337937675819767,24.55841369835875,24.330157512381344,24.637646059236378
sensor,1979-06-29 19:35,2132,17.8,23.889519275478797,Core_ZN,4.038461538461539e-09,6.730769230769232e-13,861.3949974793869,,,23.889519275478797,24.300853695230106,24.522038846635517,24.295169766322598,24.59267518367151
sensor,1979-06-29 19:45,2133,17.8,23.875884953083677,Core_ZN,4.038461538461539e-09,6.730769230769232e-13,861.3949974793876,,,23.875884953083677,24.26841124515255,24.490414582453337,24.26405558983523,24.553041459626975
sensor,1979-06-29 19:55,2134,17.8,23.86304711748189,Core_ZN,4.038461538461539e-09,6.730769230769232e-13,861.3949974793883,,,23.86304711748189,24.240449393015908,24.462698344886817,24.23815105389515,24.52041351972987
sensor,1979-06-29 19:60,2135,17.8,23.848366385411598,Core_ZN,4.038461538461539e-09,6.730769230769232e-13,861.394997479389,,,23.848366385411598,24.210243557484162,24.43216445530463,24.210607113317863,24.485906584730625
sensor,1979-06-29 20:10,2136,17.883333333333333,23.8406969705574,Core_ZN,4.038461538461539e-09,6.730769230769232e-13,861.3949974793896,,,23.8406969705574,24.191715861947635,24.413065861011685,24.194073650045894,24.464415873478533
sensor,1979-06-29 20:20,2137,17.96666666666667,23.836370089810497,Core_ZN,4.038461538461539e-09,6.730769230769232e-13,861.3949974793903,,,23.836370089810497,24.176395027470843,24.396950928948094,24.180583688677544,24.44641180744358
sensor,1979-06-29 20:30,2138,18.05,23.832567787076965,Core_ZN,4.038461538461539e-09,6.730769230769232e-13,861.394997479391,,,23.832567787076965,24.163110711714143,24.38272001110577,24.168992236614212,24.43062677264104
sensor,1979-06-29 20:40,2139,18.133333333333333,23.829411653483156,Core_ZN,4.038461538461539e-09,6.730769230769232e-13,861.3949974793917,,,23.829411653483156,24.151358224539106,24.369920803660996,24.158807565647095,24.416436092672864
sensor,1979-06-29 20:50,2140,18.21666666666667,23.826873643102438,Core_ZN,4.038461538461539e-09,6.730769230769232e-13,861.3949974793924,,,23.826873643102438,24.14085601744606,24.358315455421344,24.14975912037029,24.403593788329264
sensor,1979-06-29 20:60,2141,18.3,23.824903843571022,Core_ZN,4.038461538461539e-09,6.730769230769232e-13,861.394997479393,,,23.824903843571022,24.131412394033873,24.347683766817795,24.141665287160468,24.391895613100836
sensor,1979-06-29 21:10,2142,18.3,23.81965313045202,Core_ZN,4.038461538461539e-09,6.730769230769232e-13,861.3949974793937,,,23.81965313045202,24.118435095246515,24.333306147378604,24.130185997640456,24.3765965957277
sensor,1979-06-29 21:20,2143,18.3,23.811976194380694,Core_ZN,4.038461538461539e-09,6.730769230769232e-13,861.3949974793944,,,23.811976194380694,24.104424385290258,24.317919207457624,24.11767086889339,24.360397281904135
sensor,1979-06-29 21:30,2144,18.3,23.80461508223089,Core_ZN,4.038461538461539e-09,6.730769230769232e-13,861.3949974793951,,,23.80461508223089,24.090182977932294,24.30231261219891,24.1048852977319,24.344071702738965
sensor,1979-06-29 21:40,2145,18.3,23.797506676367988,Core_ZN,4.038461538461539e-09,6.730769230769232e-13,861.3949974793958,,,23.797506676367988,24.076158992188216,24.28693432345102,24.092254905894006,24.328062926041035
sensor,1979-06-29 21:50,2146,18.3,23.790495820666788,Core_ZN,4.038461538461539e-09,6.730769230769232e-13,861.3949974793965,,,23.790495820666788,24.062239424147695,24.271637246651633,24.07968601856259,24.312197920330384
sensor,1979-06-29 21:60,2147,18.3,23.78351031319958,Core_ZN,4.038461538461539e-09,6.730769230769232e-13,861.3949974793971,,,23.78351031319958,24.048369653079394,24.256344019253362,24.067130952551643,24.296400846870995
sensor,1979-06-29 22:10,2148,18.3,23.77653480517984,Core_ZN,4.038461538461539e-09,6.730769230769232e-13,861.3949974793978,,,23.77653480517984,24.034705531081457,24.241221626261,24.054776138229418,24.28088286394201
sensor,1979-06-29 22:20,2149,18.3,23.769559242621323,Core_ZN,4.038461538461539e-09,6.730769230769232e-13,861.3949974793985,,,23.769559242621323,24.021188942571218,24.226226944264614,24.042556506935437,24.265556259742876
sensor,1979-06-29 22:30,2150,18.3,23.762575147527965,Core_ZN,4.038461538461539e-09,6.730769230769232e-13,861.3949974793992,,,23.762575147527965,24.007757205537885,24.211301095694527,24.030397649036107,24.250331395178932
sensor,1979-06-29 22:40,2151,18.3,23.755574230771774,Core_ZN,4.038461538461539e-09,6.730769230769232e-13,861.3949974793999,,,23.755574230771774,23.994383592308647,24.19641937925614,24.01826845588695,24.235171711088185
sensor,1979-06-29 22:50,2152,18.3,23.748548494529956,Core_ZN,4.038461538461539e-09,6.730769230769232e-13,861.3949974794006,,,23.748548494529956,23.981053413770564,24.181568563559093,24.00615328791484,24.22005359652374
sensor,1979-06-29 22:60,2153,18.3,23.741490673082314,Core_ZN,4.038461538461539e-09,6.730769230769232e-13,861.3949974794012,,,23.741490673082314,23.96775635021541,24.166739594889346,23.994042034285226,24.204953890027536
sensor,1979-06-29 23:10,2154,18.3,23.80605862188671,Core_ZN,4.038461538461539e-09,6.730769230769232e-13,861.3949974794019,,,23.80605862188671,24.01955400089293,24.216079833151117,24.048155579749707,24.254157186723567
sensor,1979-06-29 23:20,2155,18.3,23.83475497315624,Core_ZN,4.038461538461539e-09,6.730769230769232e-13,861.3949974794026,,,23.83475497315624,24.03129495842046,24.224500213862562,24.06316034120546,24.26205082160551
sensor,1979-06-29 23:30,2156,18.3,23.847980525645664,Core_ZN,4.038461538461539e-09,6.730769230769232e-13,861.3949974794033,,,23.847980525645664,24.028225071100277,24.21891838480241,24.062868843964093,24.256142284136207
sensor,1979-06-29 23:40,2157,18.3,23.85385834689411,Core_ZN,4.038461538461539e-09,6.730769230769232e-13,861.394997479404,,,23.85385834689411,24.018475802348576,24.20758471494005,24.055799578141716,24.24450777739345
sensor,1979-06-29 23:50,2158,18.3,23.8559217811109,Core_ZN,4.038461538461539e-09,6.730769230769232e-13,861.3949974794047,,,23.8559217811109,24.00534234554435,24.19348469926274,24.045329831485063,24.23009815176277
sensor,1979-06-29 23:60,2159,18.3,23.855805004304532,Core_ZN,4.038461538461539e-09,6.730769230769232e-13,861.3949974794053,,,23.855805004304532,23.990312070372255,24.177775015038765,24.032877475264993,24.21407546088775
sensor,1979-06-30 00:10,2160,18.116666666666667,23.84549620231376,Core_ZN,4.038461538461539e-09,6.730769230769232e-13,861.394997479406,,,23.84549620231376,23.96698475298944,24.15331351770421,24.011998818531556,24.189247887795588
sensor,1979-06-30 00:20,2161,17.933333333333334,23.829958848511374,Core_ZN,4.038461538461539e-09,6.730769230769232e-13,861.3949974794067,,,23.829958848511374,23.939957692206594,24.12512290037437,23.987079359868037,24.16070924563525
sensor,1979-06-30 00:30,2162,17.75,23.811553373485296,Core_ZN,4.038461538461539e-09,6.730769230769232e-13,861.3949974794074,,,23.811553373485296,23.910945556804304,24.094839924370007,23.960140590577804,24.13008603180678
sensor,1979-06-30 00:40,2163,17.566666666666666,23.791471830116084,Core_ZN,4.038461538461539e-09,6.730769230769232e-13,861.3949974794081,,,23.791471830116084,23.880663482959246,24.063428840304102,23.931959429096363,24.098149278933903
sensor,1979-06-30 00:50,2164,17.383333333333333,23.770313755047884,Core_ZN,4.038461538461539e-09,6.730769230769232e-13,861.3949974794087,,,23.770313755047884,23.84942902071141,24.0311734735523,23.902872197963326,24.065387091630896
sensor,1979-06-30 00:60,2165,17.2,23.748381636975026,Core_ZN,4.038461538461539e-09,6.730769230769232e-13,861.3949974794094,,,23.748381636975026,23.817401168895564,23.998192759951085,23.873038670863867,24.031915366575287
sensor,1979-06-30 01:10,2166,17.016666666666666,23.725828428635484,Core_ZN,4.038461538461539e-09,6.730769230769232e-13,861.3949974794101,,,23.725828428635484,23.784535572070794,23.964451967624285,23.842517288819746,23.997781736462983
sensor,1979-06-30 01:20,2167,16.833333333333336,23.70274468168844,Core_ZN,4.038461538461539e-09,6.730769230769232e-13,861.3949974794108,,,23.70274468168844,23.750989341151072,23.930071433952406,23.811395829908278,23.96304800592769
sensor,1979-06-30 01:30,2168,16.65,23.679186427263293,Core_ZN,4.038461538461539e-09,6.730769230769232e-13,861.3949974794115,,,23.679186427263293,23.71684169386278,23.89511197872885,23.77972854773357,23.9277566126847
sensor,1979-06-30 01:40,2169,16.46666666666667,23.655192889397107,Core_ZN,4.038461538461539e-09,6.730769230769232e-13,861.3949974794122,,,23.655192889397107,23.682144732800626,23.85961640486559,23.747556132842618,23.89194349517036
sensor,1979-06-30 01:50,2170,16.283333333333335,23.630794316467288,Core_ZN,4.038461538461539e-09,6.730769230769232e-13,861.3949974794128,,,23.630794316467288,23.64693861393465,23.823619871668395,23.71491204839616,23.85564060735628
sensor,1979-06-30 01:60,2171,16.1,23.6060154368913,Core_ZN,4.038461538461539e-09,6.730769230769232e-13,861.3949974794135,,,23.6060154368913,23.611256330660392,23.786960406237004,23.681824694654075,23.81887643360434
sensor,1979-06-30 02:10,2172,15.733333333333334,23.572370495184014,Core_ZN,4.038461538461539e-09,6.730769230769232e-13,861.3949974794142,,,23.572370495184014,23.566820527299644,23.741515070580054,23.640398383553183,23.77308170803944
sensor,1979-06-30 02:20,2173,15.366666666666669,23.534966167615774,Core_ZN,4.038461538461539e-09,6.730769230769232e-13,861.3949974794149,,,23.534966167615774,23.518521477103057,23.69236219410857,23.595364947993524,23.723742294954732
sensor,1979-06-30 02:30,2174,15.0,23.495687858192312,Core_ZN,4.038461538461539e-09,6.730769230769232e-13,861.3949974794156,,,23.495687858192312,23.468984481287805,23.642020573218897,23.549116701527986,23.67328950377899
sensor,1979-06-30 02:45,2175,14.633333333333333,23.463639337126047,Core_ZN,4.038461538461539e-09,6.730769230769232e-13,861.3949974794162,,,23.463639337126047,23.42803512960771,23.600310319353028,23.51102540229021,23.63153904269965
sensor,1979-06-30 02:55,2176,14.266666666666667,23.422513662062205,Core_ZN,4.038461538461539e-09,6.730769230769232e-13,861.3949974794169,,,23.422513662062205,23.376431449592864,23.54801652615105,23.462728324086065,23.57895514497182
sensor,1979-06-30 02:65,2177,13.9,23.38066411349415,Core_ZN,4.038461538461539e-09,6.730769230769232e-13,861.3949974794176,,,23.38066411349415,23.32381891718359,23.49466246020321,23.41381712915272,23.525717863847902
sensor,1979-06-30 03:15,2178,13.8,23.34799971714824,Core_ZN,4.038461538461539e-09,6.730769230769232e-13,861.3949974794183,,,23.34799971714824,23.28336745267432,23.45355027095726,23.376188935618664,23.484846996501798
sensor,1979-06-30 03:20,2179,13.700000000000001,23.315616971826174,Core_ZN,4.038461538461539e-09,6.730769230769232e-13,861.394997479419,,,23.315616971826174,23.243339267663604,23.41233698558888,23.338752182094264,23.443684777440005
sensor,1979-06-30 03:30,2180,13.600000000000001,23.29106827609471,Core_ZN,4.038461538461539e-09,6.730769230769232e-13,861.3949974794197,,,23.29106827609471,23.212492366766806,23.380019267796857,23.30995736132553,23.411469409827216
sensor,1979-06-30 03:40,2181,13.5,23.267303293908572,Core_ZN,4.038461538461539e-09,6.730769230769232e-13,861.3949974794203,,,23.267303293908572,23.182720271362506,23.34864143452537,23.28213038368957,23.380212126382172
sensor,1979-06-30 03:50,2182,13.4,23.243979078214593,Core_ZN,4.038461538461539e-09,6.730769230769232e-13,861.394997479421,,,23.243979078214593,23.15372983499858,23.31797096679782,23.254977077593637,23.349666665008215
sensor,1979-06-30 03:60,2183,13.3,23.220941930358464,Core_ZN,4.038461538461539e-09,6.730769230769232e-13,861.3949974794217,,,23.220941930358464,23.12537791724051,23.287890694643483,23.22835562347824,23.31970808320145
sensor,1979-06-30 04:10,2184,13.033333333333333,23.201778535090057,Core_ZN,4.038461538461539e-09,6.730769230769232e-13,861.3949974794224,,,23.201778535090057,23.096421174789732,23.25706072640338,23.201978658548533,23.28879847420627
sensor,1979-06-30 04:20,2185,12.76666666666667,23.17740166097007,Core_ZN,4.038461538461539e-09,6.730769230769232e-13,861.3949974794231,,,23.17740166097007,23.060154837511075,23.219152551278768,23.168497305340903,23.250786205236686
sensor,1979-06-30 04:30,2186,12.5,23.14902937724407,Core_ZN,4.038461538461539e-09,6.730769230769232e-13,861.3949974794238,,,23.14902937724407,23.028856904180877,23.224743782541324,23.160408101990814,23.217265476080673
sensor,1979-06-30 04:40,2187,12.233333333333334,23.120184270627497,Core_ZN,4.038461538461539e-09,6.730769230769232e-13,861.3949974794244,,,23.120184270627497,22.99932678358276,23.279021723400533,23.176262245077048,23.18521911896986
sensor,1979-06-30 04:50,2188,11.966666666666667,23.092881848327842,Core_ZN,4.038461538461539e-09,6.730769230769232e-13,861.3949974794251,,,23.092881848327842,22.97208966332623,23.358204005895598,23.200214675483306,23.155206128345714
sensor,1979-06-30 04:60,2189,11.7,23.06788137014617,Core_ZN,4.038461538461539e-09,6.730769230769232e-13,861.3949974794258,,,23.06788137014617,22.94944208534629,23.474480008726466,23.237597642208257,23.12910135542042
sensor,1979-06-30 05:13,2190,11.883333333333333,23.570515477131664,Core_ZN,2391.488900821965,0.3985814834703275,861.7935789628962,,,23.570515477131664,23.3932534863415,23.96166161971434,23.726029444630974,23.68994065602365
sensor,1979-06-30 05:20,2191,12.066666666666666,23.94491941680302,Core_ZN,2545.8075213826055,0.4243012535637676,862.2178802164599,,,23.94491941680302,23.82751065792329,23.999186552692876,23.976095168024347,23.960360743792737
sensor,1979-06-30 05:30,2192,12.25,23.987802994959477,Core_ZN,2620.850354080707,0.4368083923467845,862.6546886088066,,,23.987802994959477,23.935663461356057,23.999767503932123,23.994236258210996,23.986582453880832
sensor,1979-06-30 05:45,2193,12.433333333333334,23.999118734341153,Core_ZN,2672.276121460161,0.4453793535766935,863.1000679623833,,,23.999118734341153,23.99510854971009,23.999938228710427,23.99953117285915,23.9983128764246
sensor,1979-06-30 05:55,2194,12.616666666666667,23.99990611839254,Core_ZN,2711.0770050950623,0.45184616751584367,863.5519141298992,,,23.99990611839254,23.999441554989907,23.999965873733654,23.999941129759883,23.99970562435196
sensor,1979-06-30 05:65,2195,12.8,23.999993323424768,Core_ZN,2746.9055874257187,0.45781759790428644,864.0097317278035,,,23.999993323424768,23.999944952273935,23.999960723533974,23.999990261147282,23.999956388940653
sensor,1979-06-30 06:13,2196,13.9,23.82616991466187,Core_ZN,2332.4735127115355,0.3887455854519226,864.3984773132554,,,23.82616991466187,23.780592093550396,23.999954645900594,23.93068020692079,23.988265015251166
sensor,1979-06-30 06:23,2197,15.0,23.756570329645648,Core_ZN,2390.198940192462,0.39836649003207697,864.7968438032875,,,23.756570329645648,23.683776240603432,23.999973803073466,23.9418527033733,23.999829341701123
sensor,1979-06-30 06:33,2198,16.1,23.816119061201157,Core_ZN,2477.606495605027,0.41293441593417113,865.2097782192217,,,23.816119061201157,23.74576173394648,23.999980308892994,23.998869069579616,24.00010246814409
sensor,1979-06-30 06:42,2199,17.2,23.948899796574615,Core_ZN,2562.4004287048956,0.42706673811748264,865.6368449573391,,,23.948899796574615,23.898356352700198,24.000007398192537,23.999989021845458,24.000005890962413
sensor,1979-06-30 06:52,2200,18.3,23.99878345379825,Core_ZN,2767.8367306994714,0.46130612178324526,866.0981510791223,,,23.99878345379825,23.997925048821685,24.00000749742688,24.000018944152735,24.00000084125718
sensor,1979-06-30 06:62,2201,19.4,23.999990557891415,Core_ZN,2945.2991242856415,0.4908831873809403,866.5890342665033,,,23.999990557891415,23.999968212131698,24.0000182475541,24.000025046112484,24.000002993858768
sensor,1979-06-30 07:12,2202,20.05,23.99995006624214,Core_ZN,3956.2430142136823,0.6593738357022804,867.2484081022055,,,23.99995006624214,23.9999593250844,23.999876222317184,23.99997016455907,23.999968108133185
sensor,1979-06-30 07:22,2203,20.7,23.99992553782134,Core_ZN,4181.014975466515,0.6968358292444192,867.9452439314499,,,23.99992553782134,23.9999408798654,23.99983062954216,23.99994723119086,23.99995509305034
sensor,1979-06-30 07:32,2204,21.35,23.999902061567344,Core_ZN,4388.669954455008,0.731444992409168,868.676688923859,,,23.999902061567344,23.99992130318835,23.999800060557323,23.999929383092862,23.999944837985595
sensor,1979-06-30 07:42,2205,22.0,23.999880324389174,Core_ZN,4597.378981837294,0.7662298303062156,869.4429187541652,,,23.999880324389174,23.999901633952096,23.999771033095545,23.999911552801038,23.999934191387617
sensor,1979-06-30 07:52,2206,22.65,23.999859935655863,Core_ZN,4805.186651024299,0.8008644418373831,870.2437831960026,,,23.999859935655863,23.999882623246805,23.999745692689146,23.9998943841808,23.999923624722015
sensor,1979-06-30 07:62,2207,23.3,23.99984105292775,Core_ZN,5012.015531860682,0.8353359219767804,871.0791191179794,,,23.99984105292775,23.99986461725117,23.99972424508893,23.999878039134373,23.999913300980182
sensor,1979-06-30 08:12,2208,22.933333333333334,23.9997910547822,Core_ZN,4999.948042784515,0.833324673797419,871.9124437917768,,,23.9997910547822,23.99981558096865,23.999651602808278,23.999829319555737,23.999885907296868
sensor,1979-06-30 08:22,2209,22.56666666666667,23.999750576786532,Core_ZN,4973.717643721761,0.8289529406202935,872.7413967323971,,,23.999750576786532,23.999777798768008,23.999605097803496,23.99979175845797,23.999865248970387
sensor,1979-06-30 08:32,2210,22.200000000000003,23.999719462446627,Core_ZN,4934.8810440573125,0.822480174009552,873.5638769064067,,,23.999719462446627,23.99974851245877,23.999575906477716,23.999762614692465,23.9998491866233
sensor,1979-06-30 08:42,2211,21.833333333333336,23.999619939364436,Core_ZN,4878.612280337667,0.8131020467229444,874.3769789531297,,,23.999619939364436,23.999654684305277,23.999453142743526,23.999673042118896,23.999791868510847
sensor,1979-06-30 08:53,2212,21.46666666666667,23.999607392319504,Core_ZN,4808.936983497525,0.8014894972495875,875.1784684503792,,,23.999607392319504,23.999653666254368,23.99950469126293,23.999669441497787,23.99979563128522
sensor,1979-06-30 08:63,2213,21.1,23.999449971528968,Core_ZN,4733.710455214548,0.788951742535758,875.967420192915,,,23.999449971528968,23.99950896639746,23.999361055421822,23.99953104586021,23.99970385762264
sensor,1979-06-30 09:12,2214,21.56666666666667,23.999537616823332,Core_ZN,4787.489201588187,0.7979148669313645,876.7653350598464,,,23.999537616823332,23.999578843493516,23.999510608515408,23.999600107350766,23.99974296183718
sensor,1979-06-30 09:23,2215,22.033333333333335,23.999372459327105,Core_ZN,4838.171522351298,0.806361920391883,877.5716969802382,,,23.999372459327105,23.99942582445266,23.999423320571246,23.99945905810644,23.99965360111274
sensor,1979-06-30 09:33,2216,22.5,23.99939638441387,Core_ZN,4881.279154361728,0.8135465257269546,878.3852435059651,,,23.99939638441387,23.999457703300212,23.999495186584596,23.999493092090177,23.999693855911314
sensor,1979-06-30 09:43,2217,22.96666666666667,23.99937749630029,Core_ZN,4925.5941321800965,0.8209323553633494,879.2061758613285,,,23.99937749630029,23.99943625788137,23.999514753562597,23.999473320057376,23.999685593537485
sensor,1979-06-30 09:53,2218,23.433333333333334,23.999357504239875,Core_ZN,4968.79616619962,0.8281326943666032,880.034308555695,,,23.999357504239875,23.999407735911845,23.999529028576067,23.99945081469619,23.99967310761023
sensor,1979-06-30 09:62,2219,23.9,23.999419643489635,Core_ZN,5007.597036543248,0.8345995060905413,880.8689080617855,,,23.999419643489635,23.999429203804862,23.9995769212683,23.99947911859913,23.99965949309412
sensor,1979-06-30 10:13,2220,24.183333333333334,23.99927643675826,Core_ZN,5035.43024531143,0.8392383742185716,881.7081464360041,,,23.99927643675826,23.999279921425707,23.999516217122412,23.999353916581285,23.99957482648982
sensor,1979-06-30 10:23,2221,24.46666666666667,23.99935653603754,Core_ZN,5063.388442597867,0.8438980737663111,882.5520445097704,,,23.99935653603754,23.99937791676541,23.99959975277127,23.99945049910563,23.99966251425891
sensor,1979-06-30 10:33,2222,24.75,23.999367352799474,Core_ZN,5096.469655682518,0.8494116092804196,883.4014561190509,,,23.999367352799474,23.999380808801845,23.999625374468927,23.999460683908275,23.999670952308726
sensor,1979-06-30 10:43,2223,25.03333333333333,23.999372820553162,Core_ZN,5112.956189945315,0.8521593649908858,884.2536154840418,,,23.999372820553162,23.999388331419357,23.99964586929055,23.9994726904566,23.999676848953467
sensor,1979-06-30 10:53,2224,25.316666666666666,23.999376568972174,Core_ZN,5129.338606164547,0.8548897676940911,885.1085052517359,,,23.999376568972174,23.999393022655283,23.999662600416222,23.999480831582304,23.999680422671965
sensor,1979-06-30 10:63,2225,25.6,23.999379005310775,Core_ZN,5153.73486931101,0.858955811551835,885.9674610632877,,,23.999379005310775,23.999396389344938,23.999666809519304,23.999486966773738,23.999683167240246
sensor,1979-06-30 11:13,2226,25.683333333333337,23.99956573406574,Core_ZN,4905.926363496526,0.8176543939160876,886.7851154572038,,,23.99956573406574,23.999575475516984,23.999778854983347,23.99965013579441,23.99979189768037
sensor,1979-06-30 11:25,2227,25.76666666666667,23.999373664031232,Core_ZN,4905.207313510686,0.817534552251781,887.6026500094556,,,23.999373664031232,23.999393410318614,23.999680973787395,23.999498563924917,23.99966604737817
sensor,1979-06-30 11:35,2228,25.85,23.999473379327974,Core_ZN,4908.115048171882,0.8180191746953136,888.4206691841509,,,23.999473379327974,23.99955161750928,23.999764133899923,23.999631821144877,23.99976844537059
sensor,1979-06-30 11:40,2229,25.933333333333334,23.99919657570125,Core_ZN,4921.282603601895,0.8202137672669825,889.2408829514179,,,23.99919657570125,23.999352519366376,23.99969011393582,23.99946345997116,23.999694427152402
sensor,1979-06-30 11:50,2230,26.01666666666667,23.99920841405618,Core_ZN,4932.840786560101,0.8221401310933502,890.0630230825112,,,23.99920841405618,23.999410126076363,23.999700857757382,23.9995099256453,23.999722602169726
sensor,1979-06-30 11:60,2231,26.1,23.999228730154428,Core_ZN,4947.428606292312,0.8245714343820519,890.8875945168933,,,23.999228730154428,23.999450388949164,23.999707461263263,23.999540763534874,23.99973292956887
sensor,1979-06-30 12:10,2232,26.200000000000003,23.999183746425174,Core_ZN,5215.171089679354,0.8691951816132255,891.7567896985065,,,23.999183746425174,23.999459594096233,23.999709939122777,23.999544593668396,23.99973669306502
sensor,1979-06-30 12:20,2233,26.3,23.998959911878238,Core_ZN,5250.646605940163,0.8751077676566937,892.6318974661632,,,23.998959911878238,23.99924748194094,23.999552664190013,23.9993491222334,23.999589299492317
sensor,1979-06-30 12:30,2234,26.4,23.99889527658861,Core_ZN,5278.185947549063,0.8796976579248438,893.511595124088,,,23.99889527658861,23.999175998289758,23.999496055643846,23.999281627467813,23.99953726786173
sensor,1979-06-30 12:40,2235,26.5,23.998861410994927,Core_ZN,5303.304397933637,0.8838840663222728,894.3954791904102,,,23.998861410994927,23.999140211537608,23.999472656903762,23.999247559314387,23.99951671823174
sensor,1979-06-30 12:50,2236,26.6,23.998837304986253,Core_ZN,5325.874934703237,0.8876458224505395,895.2831250128608,,,23.998837304986253,23.999116162043123,23.999460718760545,23.999224003443814,23.99950676243367
sensor,1979-06-30 12:60,2237,26.7,23.998817844844083,Core_ZN,5346.580935131229,0.8910968225218714,896.1742218353826,,,23.998817844844083,23.999098021241217,23.999453207151298,23.999205214889038,23.999500632245184
sensor,1979-06-30 13:10,2238,26.7,23.998775617573553,Core_ZN,5369.513932889516,0.8949189888149192,897.0691408241975,,,23.998775617573553,23.999063014073215,23.999428275215266,23.999166012402792,23.99946955024073
sensor,1979-06-30 13:20,2239,26.7,23.998798062915792,Core_ZN,5391.486355722441,0.8985810592870733,897.9677218834845,,,23.998798062915792,23.99908920768176,23.99942381353363,23.99918236839098,23.999455114396806
sensor,1979-06-30 13:35,2240,26.7,23.9993285505442,Core_ZN,5418.593180491649,0.9030988634152748,898.8708207468998,,,23.9993285505442,23.999463692335873,23.999639958036916,23.999517322821582,23.999631644786483
sensor,1979-06-30 13:40,2241,26.699999999999996,23.999034367805326,Core_ZN,5450.963101862618,0.9084938503104363,899.7793145972103,,,23.999034367805326,23.999241675072703,23.999513482744987,23.999313158116955,23.999501655772736
sensor,1979-06-30 13:50,2242,26.7,23.99898630008782,Core_ZN,5487.651746151917,0.9146086243586528,900.6939232215689,,,23.99898630008782,23.999189989942536,23.99945285672484,23.999261639285102,23.99944032816135
sensor,1979-06-30 13:60,2243,26.7,23.99899022280756,Core_ZN,5527.657185177528,0.921276197529588,901.6151994190984,,,23.99899022280756,23.999190104240057,23.99943267879664,23.999257768646178,23.999408813390726
sensor,1979-06-30 14:10,2244,26.78333333333333,23.99901846496524,Core_ZN,5578.519846920803,0.9297533078201338,902.5449527269185,,,23.99901846496524,23.99921030838278,23.999436693263267,23.99927590972442,23.99939712704353
sensor,1979-06-30 14:20,2245,26.866666666666667,23.999005653782344,Core_ZN,5629.480121107097,0.9382466868511827,903.4831994137696,,,23.999005653782344,23.999189735686667,23.999431058065532,23.99925789101179,23.99937088916907
sensor,1979-06-30 14:30,2246,26.95,23.998989125073944,Core_ZN,5680.581168220399,0.9467635280367332,904.4299629418064,,,23.998989125073944,23.99916368512033,23.999423253222712,23.999234528838606,23.99933911339448
sensor,1979-06-30 14:40,2247,27.03333333333333,23.998970524118327,Core_ZN,5707.588715264359,0.9512647858773932,905.3812277276837,,,23.998970524118327,23.999144848601897,23.999417887106272,23.999216415876777,23.999313233560546
sensor,1979-06-30 14:55,2248,27.116666666666667,23.99933181328864,Core_ZN,5724.705107043993,0.9541175178406656,906.3353452455244,,,23.99933181328864,23.999421692309028,23.99959962981123,23.999468733892087,23.999472662130543
sensor,1979-06-30 14:65,2249,27.2,23.999345492368963,Core_ZN,5735.1118022287665,0.9558519670381278,907.2911972125626,,,23.999345492368963,23.999428783431664,23.999608282023075,23.999475497242265,23.999499745652805
sensor,1979-06-30 15:13,2250,26.183333333333334,23.999618319670972,Core_ZN,5586.066254740673,0.9310110424567788,908.2222082550194,,,23.999618319670972,23.999683730290506,23.99977461734622,23.999710095503914,23.999681267028073
sensor,1979-06-30 15:23,2251,25.16666666666667,23.99975050977762,Core_ZN,5433.061763327309,0.9055102938878847,909.1277185489073,,,23.99975050977762,23.999810339591484,23.99986157841281,23.999827356947563,23.9997964248614
sensor,1979-06-30 15:32,2252,24.15,23.99974095935847,Core_ZN,5273.627991679932,0.878937998613322,910.0066565475206,,,23.99974095935847,23.999808877826204,23.999845315373886,23.999824647721933,23.99979001618716
sensor,1979-06-30 15:42,2253,23.133333333333333,23.999822819095623,Core_ZN,5138.324827563641,0.8563874712606068,910.8630440187812,,,23.999822819095623,23.99987979067748,23.99990535350333,23.999891547863246,23.999859256013153
sensor,1979-06-30 15:53,2254,22.116666666666667,23.999783516178784,Core_ZN,4998.29049214309,0.8330484153571815,911.6960924341384,,,23.999783516178784,23.999854250394584,23.99988407934138,23.99986874480877,23.999834525364065
sensor,1979-06-30 15:63,2255,21.1,23.999736667367063,Core_ZN,4865.879661682774,0.8109799436137957,912.5070723777523,,,23.999736667367063,23.99980651815814,23.9998380349515,23.999822989363814,23.999784171503343
sensor,1979-06-30 16:13,2256,21.75,23.999924600754202,Core_ZN,4293.801139355361,0.7156335232258934,913.2227059009781,,,23.999924600754202,23.999975358357545,23.999950707679027,23.999980149467824,23.99991877509614
sensor,1979-06-30 16:23,2257,22.400000000000002,23.999905376585623,Core_ZN,4334.128461969204,0.722354743661534,913.9450606446396,,,23.999905376585623,23.999946079202488,23.999935220205618,23.999952131734773,23.999901324793512
sensor,1979-06-30 16:35,2258,23.05,23.999882987972597,Core_ZN,4399.629573037171,0.7332715955061953,914.6783322401458,,,23.999882987972597,23.999939461290857,23.999931765515,23.99994804618759,23.999893176771373
sensor,1979-06-30 16:45,2259,23.7,23.99984402174769,Core_ZN,4459.661599553929,0.7432769332589881,915.4216091734048,,,23.99984402174769,23.999894105536857,23.99990471459622,23.999904681454474,23.999867450484818
sensor,1979-06-30 16:55,2260,24.35,23.99982916567646,Core_ZN,4519.66962913063,0.7532782715217716,916.1748874449266,,,23.99982916567646,23.999879257677605,23.999898079445465,23.99988961193968,23.99986627660565
sensor,1979-06-30 16:65,2261,25.0,23.999816710580255,Core_ZN,4580.946707947387,0.7634911179912311,916.9383785629178,,,23.999816710580255,23.999867908896263,23.999894830520045,23.999877178453026,23.9998691902219
sensor,1979-06-30 17:15,2262,24.900000000000002,23.999899026674996,Core_ZN,4301.712695081902,0.7169521158469836,917.6553306787648,,,23.999899026674996,23.9999431845198,23.99994415043244,23.999945915844883,23.99993468933821
sensor,1979-06-30 17:25,2263,24.8,23.999919548943698,Core_ZN,4221.712597457822,0.7036187662429703,918.3589494450077,,,23.999919548943698,23.999960367677527,23.999955864990127,23.999961856208195,23.999953898380802
sensor,1979-06-30 17:33,2264,24.7,23.99995365846506,Core_ZN,4148.518436667731,0.6914197394446219,919.0503691844524,,,23.99995365846506,23.999989453829222,23.99997913420232,23.999988350112186,23.99999512532729
sensor,1979-06-30 17:43,2265,24.6,23.999955526386678,Core_ZN,4097.462936842994,0.6829104894738324,919.7332796739262,,,23.999955526386678,23.99998676888007,23.99997700266622,23.99998625642454,23.99998564210926
sensor,1979-06-30 17:53,2266,24.5,23.999958774345956,Core_ZN,4054.915408400939,0.6758192347334898,920.4090989086596,,,23.999958774345956,23.999989221869477,23.99997837453146,23.99998847477535,23.999986248811858
sensor,1979-06-30 17:63,2267,24.4,23.999961338303056,Core_ZN,4016.938477560028,0.6694897462600046,921.0785886549196,,,23.999961338303056,23.99999120190051,23.9999796414009,23.999990422058534,23.999987292793005
sensor,1979-06-30 18:13,2268,23.666666666666664,23.999963543781455,Core_ZN,3887.0299667338904,0.6478383277889816,921.7264269827086,,,23.999963543781455,23.999991539382904,23.999979299873637,23.99999092191279,23.999987107589515
sensor,1979-06-30 18:23,2269,22.933333333333337,23.999967911673515,Core_ZN,3757.4154596057733,0.6262359099342956,922.3526628926429,,,23.999967911673515,23.999991297371814,23.999978940073234,23.999991156653362,23.999987553958803
sensor,1979-06-30 18:33,2270,22.2,23.999969589388655,Core_ZN,3633.2689528553205,0.6055448254758867,922.9582077181188,,,23.999969589388655,23.999990894098193,23.999978556316407,23.999990967630136,23.999987475510252
sensor,1979-06-30 18:43,2271,21.46666666666667,23.999970431771715,Core_ZN,3512.259452815686,0.585376575469281,923.5435842935881,,,23.999970431771715,23.999990562421193,23.99997838215893,23.999990512660364,23.99998713318109
sensor,1979-06-30 18:53,2272,20.733333333333334,23.999970904642193,Core_ZN,3394.0016591595218,0.5656669431932536,924.1092512367813,,,23.999970904642193,23.999990302502187,23.999978366395837,23.999989997656314,23.99998678655372
sensor,1979-06-30 18:63,2273,20.0,23.999971141536335,Core_ZN,3278.277829639226,0.5463796382732043,924.6556308750545,,,23.999971141536335,23.999990151183376,23.999978533405624,23.999989502630186,23.99998653562438
sensor,1979-06-30 19:13,2274,19.71666666666667,23.999972588774963,Core_ZN,3173.517003572748,0.5289195005954579,925.1845503756499,,,23.999972588774963,23.999989721616963,23.99998110032606,23.99998908084307,23.99998825330608
sensor,1979-06-30 19:23,2275,19.433333333333337,23.999968300083296,Core_ZN,3107.6470149906368,0.5179411691651061,925.702491544815,,,23.999968300083296,23.99998593664384,23.999980368260633,23.999985401515694,23.999987030609425
sensor,1979-06-30 19:33,2276,19.15,23.99996497347587,Core_ZN,3040.2973374531325,0.5067162229088553,926.2092077677238,,,23.99996497347587,23.999983363997153,23.99997995603903,23.99998328189991,23.99998674537072
sensor,1979-06-30 19:43,2277,18.866666666666667,23.99996247385838,Core_ZN,2981.1267783945354,0.4968544630657559,926.7060622307896,,,23.99996247385838,23.999981071043216,23.999979612419708,23.999981147882586,23.99998624134671
sensor,1979-06-30 19:53,2278,18.583333333333336,23.999960555533704,Core_ZN,2925.408955963623,0.4875681593272705,927.1936303901168,,,23.999960555533704,23.99997939502654,23.999979520010527,23.999979518329592,23.99998593663938
sensor,1979-06-30 19:63,2279,18.3,23.999959093938426,Core_ZN,2871.9051609480694,0.47865086015801156,927.6722812502749,,,23.999959093938426,23.99997829620665,23.99997966252026,23.999978399937948,23.99998586554266
sensor,1979-06-30 20:15,2280,18.3,23.999919015986222,Core_ZN,2855.3720499261326,0.47589534165435543,928.1481765919292,,,23.999919015986222,23.999949143582228,23.99994635522969,23.999949072410367,23.99996213821926
sensor,1979-06-30 20:25,2281,18.3,23.99993533925224,Core_ZN,2838.165269499693,0.47302754491661547,928.6212041368458,,,23.99993533925224,23.999957773395057,23.99996703209696,23.999958809155913,23.999975880526108
sensor,1979-06-30 20:35,2282,18.3,23.9999327146991,Core_ZN,2822.7726893899594,0.47046211489832657,929.0916662517441,,,23.9999327146991,23.999954444088978,23.999969748816373,23.999955950643745,23.999977210222774
sensor,1979-06-30 20:45,2283,18.3,23.99992835458018,Core_ZN,2807.9051828919132,0.46798419714865214,929.5596504488927,,,23.99992835458018,23.999950319109573,23.999969337237626,23.999952087986244,23.999976454188626
sensor,1979-06-30 20:55,2284,18.3,23.999924392842793,Core_ZN,2793.511081092336,0.46558518018205597,930.0252356290748,,,23.999924392842793,23.99994669177719,23.999968596320127,23.999948632736036,23.999975529073975
sensor,1979-06-30 20:65,2285,18.3,23.99992094068598,Core_ZN,2779.429448691968,0.4632382414486613,930.4884738705234,,,23.99992094068598,23.999943639690922,23.999967992775225,23.999945694393084,23.99997475848961
sensor,1979-06-30 21:15,2286,18.25,24.149789410661427,Core_ZN,4.038461538461539e-09,6.730769230769232e-13,930.4884738705241,,,24.149789410661427,24.181125506604317,24.340108926760955,24.186718280572272,24.263487187507128
sensor,1979-06-30 21:20,2287,18.200000000000003,24.251874406809197,Core_ZN,4.038461538461539e-09,6.730769230769232e-13,930.4884738705248,,,24.251874406809197,24.285442583362162,24.52656340242093,24.29803430035969,24.407870958076426
sensor,1979-06-30 21:30,2288,18.15,24.278171581395142,Core_ZN,4.038461538461539e-09,6.730769230769232e-13,930.4884738705255,,,24.278171581395142,24.30379592699875,24.568834639090465,24.320364140470666,24.436904815246084
sensor,1979-06-30 21:40,2289,18.1,24.288544719816716,Core_ZN,4.038461538461539e-09,6.730769230769232e-13,930.4884738705261,,,24.288544719816716,24.30601974723543,24.5850929295651,24.325701358505697,24.44576201689568
sensor,1979-06-30 21:50,2290,18.05,24.29169975312577,Core_ZN,4.038461538461539e-09,6.730769230769232e-13,930.4884738705268,,,24.29169975312577,24.3015027518125,24.589959543063625,24.323805263815803,24.44623826351826
sensor,1979-06-30 21:60,2291,18.0,24.29126112950266,Core_ZN,4.038461538461539e-09,6.730769230769232e-13,930.4884738705275,,,24.29126112950266,24.293696858290613,24.589087700003827,24.318364709495984,24.442535561856122
sensor,1979-06-30 22:10,2292,17.95,24.277668722822845,Core_ZN,4.038461538461539e-09,6.730769230769232e-13,930.4884738705282,,,24.277668722822845,24.274740653873327,24.575568305717585,24.301421742429564,24.427176465192048
sensor,1979-06-30 22:20,2293,17.900000000000002,24.26600657303122,Core_ZN,4.038461538461539e-09,6.730769230769232e-13,930.4884738705289,,,24.26600657303122,24.25877278291143,24.56383895285855,24.287206929757637,24.414394717675798
sensor,1979-06-30 22:30,2294,17.85,24.255801463306952,Core_ZN,4.038461538461539e-09,6.730769230769232e-13,930.4884738705296,,,24.255801463306952,24.244358780843026,24.552617523982022,24.27446593550143,24.40261938074451
sensor,1979-06-30 22:40,2295,17.8,24.246149834762704,Core_ZN,4.038461538461539e-09,6.730769230769232e-13,930.4884738705302,,,24.246149834762704,24.230337285728364,24.541040907511213,24.26209267795558,24.390769842888705
sensor,1979-06-30 22:50,2296,17.75,24.23665421925479,Core_ZN,4.038461538461539e-09,6.730769230769232e-13,930.4884738705309,,,24.23665421925479,24.21629303170904,24.528855653334396,24.249676252335423,24.378518478738485
sensor,1979-06-30 22:60,2297,17.7,24.227128255382752,Core_ZN,4.038461538461539e-09,6.730769230769232e-13,930.4884738705316,,,24.227128255382752,24.202064770911797,24.5163504965819,24.237052966325052,24.365768948479104
sensor,1979-06-30 23:10,2298,17.65,24.200731267421848,Core_ZN,4.038461538461539e-09,6.730769230769232e-13,930.4884738705323,,,24.200731267421848,24.17174068691282,24.487227930270564,24.208163600363704,24.337135779608165
sensor,1979-06-30 23:20,2299,17.6,24.18336204614618,Core_ZN,4.038461538461539e-09,6.730769230769232e-13,930.488473870533,,,24.18336204614618,24.150944899673462,24.467413984910973,24.18867417190079,24.31789579134749
sensor,1979-06-30 23:30,2300,17.549999999999997,24.16946064200342,Core_ZN,4.038461538461539e-09,6.730769230769232e-13,930.4884738705337,,,24.16946064200342,24.13295994934214,24.4500370236771,24.172089251936132,24.301020139404148
sensor,1979-06-30 23:40,2301,17.5,24.156928870325515,Core_ZN,4.038461538461539e-09,6.730769230769232e-13,930.4884738705343,,,24.156928870325515,24.115842479691295,24.4332039310368,24.156420582501337,24.284680031777352
sensor,1979-06-30 23:50,2302,17.45,24.14489580829696,Core_ZN,4.038461538461539e-09,6.730769230769232e-13,930.488473870535,,,24.14489580829696,24.098914297322885,24.41629816584632,24.14095504374771,24.268292140556113
sensor,1979-06-30 23:60,2303,17.4,24.13299353014109,Core_ZN,4.038461538461539e-09,6.730769230769232e-13,930.4884738705357,,,24.13299353014109,24.081932195486235,24.399124699455314,24.125430923547892,24.251671811737033
sensor,1986-07-01 00:10,2304,17.333333333333332,24.12006639321396,Core_ZN,4.038461538461539e-09,6.730769230769232e-13,930.4884738705364,,,24.12006639321396,24.06967393884054,24.38580663179303,24.113722338840464,24.23909975612379
sensor,1986-07-01 00:20,2305,17.266666666666666,24.107166329257094,Core_ZN,4.038461538461539e-09,6.730769230769232e-13,930.4884738705371,,,24.107166329257094,24.059433335472576,24.374739660869437,24.103696406261538,24.227429801154777
sensor,1986-07-01 00:30,2306,17.2,24.095143403099712,Core_ZN,4.038461538461539e-09,6.730769230769232e-13,930.4884738705377,,,24.095143403099712,24.050960652747854,24.364785671771482,24.09526878433548,24.217526961137743
sensor,1986-07-01 00:40,2307,17.133333333333333,24.084589802989434,Core_ZN,4.038461538461539e-09,6.730769230769232e-13,930.4884738705384,,,24.084589802989434,24.04441598517207,24.35644350391517,24.088649445463368,24.209379613707938
sensor,1986-07-01 00:50,2308,17.066666666666666,24.07537499072769,Core_ZN,4.038461538461539e-09,6.730769230769232e-13,930.4884738705391,,,24.07537499072769,24.039492926910828,24.349488795013787,24.083552597946113,24.20267458333062
sensor,1986-07-01 00:60,2309,17.0,24.067067918840642,Core_ZN,4.038461538461539e-09,6.730769230769232e-13,930.4884738705398,,,24.067067918840642,24.03568885002133,24.343459984960504,24.07948736535057,24.196930654666392
sensor,1986-07-01 01:10,2310,16.950000000000003,24.0603608573546,Core_ZN,4.038461538461539e-09,6.730769230769232e-13,930.4884738705405,,,24.0603608573546,24.02814754953304,24.33406023459954,24.07247600175049,24.187986246913955
sensor,1986-07-01 01:20,2311,16.9,24.054282817709392,Core_ZN,4.038461538461539e-09,6.730769230769232e-13,930.4884738705412,,,24.054282817709392,24.01939441146887,24.32363398034199,24.064496460996544,24.178078432399715
sensor,1986-07-01 01:30,2312,16.85,24.048363382139268,Core_ZN,4.038461538461539e-09,6.730769230769232e-13,930.4884738705418,,,24.048363382139268,24.00995114691858,24.31258032517877,24.0559253494179,24.167585303555526
sensor,1986-07-01 01:40,2313,16.8,24.04235159734356,Core_ZN,4.038461538461539e-09,6.730769230769232e-13,930.4884738705425,,,24.04235159734356,23.999944410026607,24.300980351888608,24.046843171983692,24.156573591437027
sensor,1986-07-01 01:50,2314,16.75,24.036162886404224,Core_ZN,4.038461538461539e-09,6.730769230769232e-13,930.4884738705432,,,24.036162886404224,23.98951897195361,24.288979199373024,24.03736392052832,24.145176118320837
sensor,1986-07-01 01:60,2315,16.7,24.029682738507063,Core_ZN,4.038461538461539e-09,6.730769230769232e-13,930.4884738705439,,,24.029682738507063,23.979899203513686,24.276478575116162,24.027412538247674,24.133292467885493
sensor,1986-07-01 02:10,2316,16.65,24.022849959238375,Core_ZN,4.038461538461539e-09,6.730769230769232e-13,930.4884738705446,,,24.022849959238375,23.96889517791387,24.263402593670023,24.016918838937855,24.120856496997394
sensor,1986-07-01 02:20,2317,16.6,24.015636782384718,Core_ZN,4.038461538461539e-09,6.730769230769232e-13,930.4884738705452,,,24.015636782384718,23.957144176744197,24.249800045408076,24.00591755616369,24.107905522016083
sensor,1986-07-01 02:30,2318,16.549999999999997,24.008026897206364,Core_ZN,4.038461538461539e-09,6.730769230769232e-13,930.4884738705459,,,24.008026897206364,23.94481248800986,24.235693819971594,23.994427011238294,24.094457829508773
sensor,1986-07-01 02:40,2319,16.5,24.000013338309724,Core_ZN,4.038461538461539e-09,6.730769230769232e-13,930.4884738705466,,,24.000013338309724,23.931962837912103,24.221103294014934,23.98246355191413,24.08052996171396
sensor,1986-07-01 02:50,2320,16.45,23.991595967933034,Core_ZN,4.038461538461539e-09,6.730769230769232e-13,930.4884738705473,,,23.991595967933034,23.918629860672755,24.206047754669576,23.97004395748638,24.066139223636668
sensor,1986-07-01 02:60,2321,16.4,23.982779565096216,Core_ZN,4.038461538461539e-09,6.730769230769232e-13,930.488473870548,,,23.982779565096216,23.904839996090608,24.190547033881703,23.957185888566976,24.05130396883921
sensor,1986-07-01 03:10,2322,16.35,23.973510739774024,Core_ZN,4.038461538461539e-09,6.730769230769232e-13,930.4884738705487,,,23.973510739774024,23.890614544196843,24.174611503236623,23.94294857556843,24.036021847850503
sensor,1986-07-01 03:20,2323,16.3,23.96383388647982,Core_ZN,4.038461538461539e-09,6.730769230769232e-13,930.4884738705493,,,23.96383388647982,23.875978378320042,24.158267087888287,23.92890163066077,24.020325543410614
sensor,1986-07-01 03:30,2324,16.25,23.953774893086543,Core_ZN,4.038461538461539e-09,6.730769230769232e-13,930.48847387055,,,23.953774893086543,23.860955180503588,24.141537389164064,23.91463793095028,24.004239642437035
sensor,1986-07-01 03:40,2325,16.200000000000003,23.943354408844165,Core_ZN,4.038461538461539e-09,6.730769230769232e-13,930.4884738705507,,,23.943354408844165,23.845566732545624,24.124444437686194,23.900075983544053,23.98778637165226
sensor,1986-07-01 03:50,2326,16.15,23.932590593268397,Core_ZN,4.038461538461539e-09,6.730769230769232e-13,930.4884738705514,,,23.932590593268397,23.829833692783044,24.107008822965902,23.885201612922792,23.970986335976438
sensor,1986-07-01 03:60,2327,16.1,23.92150045220331,Core_ZN,4.038461538461539e-09,6.730769230769232e-13,930.4884738705521,,,23.92150045220331,23.813775908839762,24.08925004782665,23.870020913585154,23.953859061126966
sensor,1986-07-01 04:10,2328,16.1,23.923420415611197,Core_ZN,4.038461538461539e-09,6.730769230769232e-13,930.4884738705528,,,23.923420415611197,23.81139949039671,24.08498992773931,23.868089619471878,23.95002298391063
sensor,1986-07-01 04:20,2329,16.1,23.92384979040923,Core_ZN,4.038461538461539e-09,6.730769230769232e-13,930.4884738705534,,,23.92384979040923,23.80641704394125,24.07781075787535,23.86344883697319,23.94318837527933
sensor,1986-07-01 04:30,2330,16.1,23.92151958528592,Core_ZN,4.038461538461539e-09,6.730769230769232e-13,930.4884738705541,,,23.92151958528592,23.806168553442493,24.077684019384442,23.863838054491822,23.940352357219236
sensor,1986-07-01 04:40,2331,16.1,23.917944404506922,Core_ZN,4.038461538461539e-09,6.730769230769232e-13,930.4884738705548,,,23.917944404506922,23.80621489743035,24.077440188214574,23.864115012225856,23.937582123339194
sensor,1986-07-01 04:50,2332,16.1,23.913811500481362,Core_ZN,4.038461538461539e-09,6.730769230769232e-13,930.4884738705555,,,23.913811500481362,23.806761141998305,24.07662793336133,23.864068793477276,23.935218514292004
sensor,1986-07-01 04:60,2333,16.1,23.909396880145106,Core_ZN,4.038461538461539e-09,6.730769230769232e-13,930.4884738705562,,,23.909396880145106,23.807953594993347,24.075182013777592,23.863818016776438,23.933444369919734
sensor,1986-07-01 05:13,2334,16.1,23.996971753347864,Core_ZN,2960.5465304269437,0.4934244217378239,930.981898292294,,,23.996971753347864,23.99310251238969,24.00458146005912,23.99492845058284,23.996095749321
sensor,1986-07-01 05:20,2335,16.1,23.99992993454128,Core_ZN,2954.2846964652454,0.49238078274420755,931.4742790750382,,,23.99992993454128,23.99995116586918,24.000090670150612,23.999954495553958,23.99993395353595
sensor,1986-07-01 05:30,2336,16.1,23.99997974759021,Core_ZN,2952.709019897663,0.49211816998294383,931.9663972450212,,,23.99997974759021,24.000010663073343,24.00007419586893,24.00001000882419,24.000039712534754
sensor,1986-07-01 05:40,2337,16.1,23.999989079205214,Core_ZN,2955.4160312889644,0.4925693385481607,932.4589665835693,,,23.999989079205214,24.000023065196462,24.00006589555942,24.000021764491414,24.000072587949155
sensor,1986-07-01 05:50,2338,16.1,23.99998935753207,Core_ZN,2960.050325224338,0.493341720870723,932.9523083044401,,,23.99998935753207,24.000023705882793,24.00005958818664,24.000021989521315,24.00008005254312
sensor,1986-07-01 05:60,2339,16.1,23.99998763210351,Core_ZN,2965.457074757296,0.4942428457928827,933.446551150233,,,23.99998763210351,24.000021058178977,24.000053822727796,24.000019192980727,24.000078777483626
sensor,1986-07-01 06:15,2340,16.1,24.000252250636724,Core_ZN,2434.839562964373,0.4058065938273954,933.8523577440603,,,24.000252250636724,24.0001582120859,24.000006579317123,24.000232408232122,24.00001026053048
sensor,1986-07-01 06:25,2341,16.1,24.000010038308062,Core_ZN,2463.343787153659,0.4105572978589431,934.2629150419193,,,24.000010038308062,24.00020540738805,23.999990065496092,24.00027832942279,23.99999434751997
sensor,1986-07-01 06:35,2342,16.1,23.999990030302932,Core_ZN,2484.6959464241127,0.4141159910706854,934.67703103299,,,23.999990030302932,24.00025191916905,23.999986107138348,24.000023425689335,23.99999133226831
sensor,1986-07-01 06:45,2343,16.1,23.999984688022053,Core_ZN,2501.6620740009794,0.41694367900016316,935.0939747119902,,,23.999984688022053,24.00001935324287,23.999984055136032,24.00000161288756,23.99998997341091
sensor,1986-07-01 06:55,2344,16.1,23.999981236375653,Core_ZN,2516.7386888475226,0.41945644814125377,935.5134311601314,,,23.999981236375653,23.999999651625682,23.999982452671873,23.999996842655186,23.9999889234973
sensor,1986-07-01 06:65,2345,16.1,23.999978275282544,Core_ZN,2530.6670496583984,0.4217778416097331,935.9352090017411,,,23.999978275282544,23.999994928764572,23.999981006944015,23.99999428096064,23.9999879350509
sensor,1986-07-01 07:15,2346,16.200000000000003,23.99962600829356,Core_ZN,3371.265725777681,0.5618776209629468,936.497086622704,,,23.99962600829356,23.999721699836474,23.99981276880697,23.999736621740364,23.99982586516893
sensor,1986-07-01 07:25,2347,16.300000000000004,23.99953970586367,Core_ZN,3483.058454839795,0.5805097424732991,937.0775963651773,,,23.99953970586367,23.999664092635385,23.999774793005905,23.999683459924977,23.999787900711155
sensor,1986-07-01 07:35,2348,16.4,23.99950334369703,Core_ZN,3560.425489089621,0.5934042481816034,937.671000613359,,,23.99950334369703,23.999633261280685,23.999756837823252,23.99965586604041,23.999769045011394
sensor,1986-07-01 07:45,2349,16.5,23.99947767398423,Core_ZN,3629.9974063673303,0.6049995677278883,938.2760001810868,,,23.99947767398423,23.99960722096167,23.999742650990505,23.99963337361448,23.999756841380865
sensor,1986-07-01 07:55,2350,16.599999999999998,23.999456412885024,Core_ZN,3694.269767873649,0.6157116279789414,938.8917118090658,,,23.999456412885024,23.999590692287143,23.999731500349824,23.99961739418692,23.99974640490871
sensor,1986-07-01 07:65,2351,16.7,23.999444282992897,Core_ZN,3754.0291500634116,0.6256715250105686,939.5173833340764,,,23.999444282992897,23.999574035411264,23.999721305093423,23.999603592295795,23.99973681130391
sensor,1986-07-01 08:15,2352,16.78333333333333,23.999425991774693,Core_ZN,3806.3611213531276,0.6343935202255212,940.1517768543019,,,23.999425991774693,23.999551410355977,23.99970899472016,23.999583833558557,23.99972530415406
sensor,1986-07-01 08:25,2353,16.866666666666667,23.99940471927931,Core_ZN,3855.0419581509236,0.6425069930251539,940.794283847327,,,23.99940471927931,23.9995311974615,23.99969783886857,23.999566157482988,23.99971483189656
sensor,1986-07-01 08:35,2354,16.95,23.999389405581447,Core_ZN,3899.6588550073398,0.6499431425012232,941.4442269898283,,,23.999389405581447,23.99951394567902,23.999687643204176,23.999551353012315,23.99970556654479
sensor,1986-07-01 08:43,2355,17.03333333333333,23.99954013866854,Core_ZN,3940.1904791482048,0.6566984131913675,942.1009254030197,,,23.99954013866854,23.999611598472708,23.999749440281285,23.99964487412549,23.999761396241688
sensor,1986-07-01 08:53,2356,17.116666666666667,23.999543447888037,Core_ZN,3978.8334764425094,0.6631389127404181,942.7640643157602,,,23.999543447888037,23.999621449480617,23.99975549787446,23.999652450828897,23.999769810484157
sensor,1986-07-01 08:63,2357,17.2,23.999537293525535,Core_ZN,4016.3496122114257,0.6693916020352375,943.4334559177954,,,23.999537293525535,23.999612151285866,23.99975190233776,23.999645651974177,23.999766037752227
sensor,1986-07-01 09:13,2358,17.3,23.99953272206697,Core_ZN,4053.098589497968,0.6755164315829947,944.1089723493784,,,23.99953272206697,23.99960692611342,23.999748675965023,23.99963993555765,23.9997620709639
sensor,1986-07-01 09:23,2359,17.4,23.999527465440288,Core_ZN,4089.6604415001975,0.6816100735833662,944.7905824229617,,,23.999527465440288,23.99960023762693,23.999745636632653,23.999634491462647,23.999758123396614
sensor,1986-07-01 09:33,2360,17.5,23.99952339497942,Core_ZN,4125.172128705871,0.6875286881176451,945.4781111110793,,,23.99952339497942,23.999593853287852,23.9997428676544,23.999629330758555,23.999754304012342
sensor,1986-07-01 09:43,2361,17.6,23.999519824251912,Core_ZN,4160.87690169584,0.6934794836159734,946.1715905946953,,,23.999519824251912,23.999587000395262,23.99973993054429,23.999623963409267,23.999750296541084
sensor,1986-07-01 09:53,2362,17.7,23.999516514852363,Core_ZN,4196.352937373098,0.6993921562288496,946.8709827509242,,,23.999516514852363,23.999580105809628,23.999737127658996,23.999618549029467,23.99974627368786
sensor,1986-07-01 09:63,2363,17.8,23.99951338541043,Core_ZN,4231.732893458421,0.7052888155764034,947.5762715665006,,,23.99951338541043,23.999572733357688,23.9997345033912,23.999613183485025,23.999742253234785
sensor,1986-07-01 10:13,2364,17.883333333333333,23.999515778611194,Core_ZN,4264.630052123752,0.7107716753539586,948.2870432418546,,,23.999515778611194,23.999572156113146,23.999735277376928,23.999613932344452,23.999741538934952
sensor,1986-07-01 10:23,2365,17.96666666666667,23.99950735419204,Core_ZN,4299.041896854562,0.7165069828090936,949.0035502246636,,,23.99950735419204,23.999570311983362,23.999735496815,23.999613685089916,23.999740148318224
sensor,1986-07-01 10:35,2366,18.05,23.999328293709684,Core_ZN,4332.891152423982,0.722148525403997,949.7256987500676,,,23.999328293709684,23.999402451152434,23.999650324896244,23.999467619244186,23.999644970797128
sensor,1986-07-01 10:45,2367,18.133333333333333,23.99930799324162,Core_ZN,4361.352985178119,0.726892164196353,950.452590914264,,,23.99930799324162,23.999411291985943,23.99964339408217,23.999471928403615,23.999643958338602
sensor,1986-07-01 10:55,2368,18.21666666666667,23.999303238340303,Core_ZN,4388.005672304518,0.7313342787174197,951.1839251929814,,,23.999303238340303,23.999412441122786,23.999643350841126,23.99947311210125,23.999642876198372
sensor,1986-07-01 10:65,2369,18.3,23.999300139435206,Core_ZN,4414.682314670914,0.7357803857784857,951.9197055787599,,,23.999300139435206,23.9994124057363,23.99964283972089,23.99947355808375,23.999641655376827
sensor,1986-07-01 11:10,2370,18.3,23.999037125055295,Core_ZN,4184.772613751812,0.6974621022919686,952.6171676810519,,,23.999037125055295,23.999202413535134,23.99953258211427,23.99928469818478,23.999525326716263
sensor,1986-07-01 11:20,2371,18.3,23.999220599138837,Core_ZN,4183.44627660953,0.6972410461015883,953.3144087271535,,,23.999220599138837,23.99940225827845,23.999644162262708,23.999468650233325,23.99964397151374
sensor,1986-07-01 11:30,2372,18.3,23.99923461350672,Core_ZN,4186.291407584311,0.6977152345973852,954.0121239617508,,,23.99923461350672,23.999453402739263,23.999681007001318,23.99951658694166,23.99968226004826
sensor,1986-07-01 11:40,2373,18.3,23.999236243085008,Core_ZN,4192.264348709666,0.6987107247849442,954.7108346865358,,,23.999236243085008,23.999468741056475,23.999693212187495,23.99953091702402,23.999694423980618
sensor,1986-07-01 11:50,2374,18.3,23.999234845564132,Core_ZN,4199.658667489095,0.6999431112481825,955.410777797784,,,23.999234845564132,23.999473728767303,23.999696968356847,23.999535741145866,23.99969777203272
sensor,1986-07-01 11:60,2375,18.3,23.99923251434569,Core_ZN,4207.931095308247,0.7013218492180411,956.1120996470021,,,23.99923251434569,23.999475263267875,23.999697725946145,23.999537413076183,23.999698073580987
sensor,1986-07-01 12:10,2376,18.400000000000002,23.999181864012858,Core_ZN,4473.921058586738,0.7456535097644563,956.8577531567665,,,23.999181864012858,23.9994582530028,23.99969464897141,23.99952452561565,23.999697234919115
sensor,1986-07-01 12:20,2377,18.5,23.998878685630583,Core_ZN,4513.990721821089,0.7523317869701814,957.6100849437368,,,23.998878685630583,23.999178870458497,23.999523773373543,23.999264311712334,23.999522275798547
sensor,1986-07-01 12:30,2378,18.6,23.998806592304632,Core_ZN,4548.5548479888985,0.7580924746648164,958.3681774184016,,,23.998806592304632,23.999098539035206,23.99946367226088,23.999189227306285,23.999461088903693
sensor,1986-07-01 12:40,2379,18.7,23.998779547897108,Core_ZN,4576.125373593262,0.7626875622655437,959.1308649806672,,,23.998779547897108,23.999067278059208,23.99944014076693,23.999160318760445,23.999437079547718
sensor,1986-07-01 12:50,2380,18.8,23.998763867615875,Core_ZN,4600.616054351121,0.7667693423918536,959.897634323059,,,23.998763867615875,23.999052882161564,23.999429619853295,23.999146099746156,23.999426294698875
sensor,1986-07-01 12:60,2381,18.9,23.998752093138567,Core_ZN,4622.8473330729,0.7704745555121499,960.6681088785712,,,23.998752093138567,23.99904505275517,23.999423958897225,23.999137289681023,23.999420437059687
sensor,1986-07-01 13:10,2382,18.71666666666667,23.998742235394047,Core_ZN,4601.306958080827,0.7668844930134712,961.4349933715846,,,23.998742235394047,23.999042436684633,23.999421244689582,23.99913239164409,23.99941651608353
sensor,1986-07-01 13:20,2383,18.53333333333333,23.998743055374103,Core_ZN,4576.174290900095,0.7626957151500158,962.1976890867346,,,23.998743055374103,23.999045683529097,23.999420729852897,23.99913300393706,23.99941455873642
sensor,1986-07-01 13:30,2384,18.35,23.998811579964553,Core_ZN,4551.98854528761,0.7586647575479348,962.9563538442826,,,23.998811579964553,23.99905053244852,23.999421171090987,23.99913504216882,23.999413116613507
sensor,1986-07-01 13:40,2385,18.166666666666668,23.998834055174367,Core_ZN,4529.105545180614,0.7548509241967689,963.7112047684793,,,23.998834055174367,23.999055553123956,23.999422013469204,23.999137274339486,23.999411798015885
sensor,1986-07-01 13:50,2386,17.983333333333334,23.998845276653626,Core_ZN,4506.361707981181,0.7510602846635301,964.4622650531428,,,23.998845276653626,23.99905949558484,23.999422834518597,23.999138764695452,23.99941012828616
sensor,1986-07-01 13:60,2387,17.8,23.998852893421592,Core_ZN,4483.576618906091,0.7472627698176818,965.2095278229605,,,23.998852893421592,23.999062995277235,23.99942368479992,23.999139923087586,23.99940822693544
sensor,1986-07-01 14:10,2388,17.8,23.998858987952968,Core_ZN,4488.2832932224965,0.7480472155370826,965.9575750384976,,,23.998858987952968,23.999065245367788,23.999424169151737,23.999140381709125,23.99940605392332
sensor,1986-07-01 14:20,2389,17.800000000000004,23.998859890125797,Core_ZN,4492.8233651777855,0.7488038941962976,966.7063789326938,,,23.998859890125797,23.999064010780774,23.999423838536895,23.99913804713756,23.999402259682622
sensor,1986-07-01 14:30,2390,17.8,23.998862783115683,Core_ZN,4497.465530134629,0.7495775883557716,967.4559565210496,,,23.998862783115683,23.999062198771004,23.999423318028214,23.99913540028459,23.999397911946907
sensor,1986-07-01 14:40,2391,17.8,23.998862902979862,Core_ZN,4487.113253845487,0.7478522089742478,968.2038087300239,,,23.998862902979862,23.999063621119525,23.99942376583144,23.999135190448293,23.999395027972838
sensor,1986-07-01 14:55,2392,17.8,23.9992477559039,Core_ZN,4470.764253955236,0.7451273756592061,968.9489361056831,,,23.9992477559039,23.999391999192543,23.999607812418205,23.999431995661265,23.99958178711415
sensor,1986-07-01 14:65,2393,17.8,23.99928138973406,Core_ZN,4451.70121194042,0.7419502019900699,969.6908863076732,,,23.99928138973406,23.999422181708567,23.999629929092436,23.99946009565172,23.99961134997362
sensor,1986-07-01 15:13,2394,17.516666666666666,23.999470764256213,Core_ZN,4388.135813621268,0.731355968936878,970.4222422766101,,,23.999470764256213,23.999589338598216,23.999732389615563,23.99961205405164,23.999721944605984
sensor,1986-07-01 15:23,2395,17.233333333333334,23.999466542077606,Core_ZN,4325.206334035065,0.7208677223391775,971.1431099989493,,,23.999466542077606,23.99959886348118,23.999739069885464,23.99962091878429,23.99973209844122
sensor,1986-07-01 15:33,2396,16.950000000000003,23.999462329916607,Core_ZN,4256.817593380762,0.7094695988967936,971.8525795978461,,,23.999462329916607,23.99961233017702,23.99974571535058,23.999631007747645,23.99974216248964
sensor,1986-07-01 15:43,2397,16.666666666666668,23.999460408362616,Core_ZN,4199.9121339571375,0.6999853556595228,972.5525649535057,,,23.999460408362616,23.999617430595816,23.999748856796735,23.999634704179435,23.99974643486533
sensor,1986-07-01 15:53,2398,16.383333333333333,23.999459120786682,Core_ZN,4147.545936930065,0.6912576561550108,973.2438226096607,,,23.999459120786682,23.999620424013052,23.999751156081132,23.999636857341933,23.999749250377445
sensor,1986-07-01 15:63,2399,16.1,23.999458171364548,Core_ZN,4096.4589853669095,0.6827431642278181,973.9265657738886,,,23.999458171364548,23.9996235522,23.999753511102945,23.999639159303193,23.999751901170747
sensor,1986-07-01 16:13,2400,16.016666666666666,23.999835975059664,Core_ZN,3419.5274768918216,0.5699212461486369,974.4964870200372,,,23.999835975059664,23.999914419514333,23.99992123780963,23.99991582288794,23.99992647881904
sensor,1986-07-01 16:23,2401,15.933333333333335,23.999876105247374,Core_ZN,3332.0646405747275,0.5553441067624545,975.0518311267997,,,23.999876105247374,23.999938990095284,23.999940373151617,23.99993900629495,23.999944914989186
sensor,1986-07-01 16:33,2402,15.850000000000001,23.999888010948936,Core_ZN,3276.4879659380263,0.5460813276563377,975.597912454456,,,23.999888010948936,23.999946764219978,23.99994650882651,23.999946320520515,23.99995055220696
sensor,1986-07-01 16:45,2403,15.766666666666666,23.999866197015102,Core_ZN,3230.793102273922,0.5384655170456536,976.1363779715017,,,23.999866197015102,23.999952159365,23.999939396346832,23.999948466905256,23.999949864264565
sensor,1986-07-01 16:55,2404,15.683333333333334,23.999857005721925,Core_ZN,3192.388180544532,0.532064696757422,976.6684426682591,,,23.999857005721925,23.99993428387464,23.999935197959402,23.999933546755514,23.999939404548748
sensor,1986-07-01 16:65,2405,15.6,23.999859429352725,Core_ZN,3159.3332265724503,0.526555537762075,977.1949982060212,,,23.999859429352725,23.999934531852865,23.99993659802888,23.99993378786185,23.999939171278804
sensor,1986-07-01 17:15,2406,15.683333333333334,23.999940663200626,Core_ZN,2945.9125167849616,0.4909854194641602,977.6859836254854,,,23.999940663200626,23.99999424259219,23.99997352052557,23.999990643027516,23.999976396568684
sensor,1986-07-01 17:25,2407,15.766666666666667,23.999955773640696,Core_ZN,2917.8711010494826,0.48631185017491374,978.1722954756603,,,23.999955773640696,24.0000026147556,23.999980442380576,23.99999838835582,23.999982764744715
sensor,1986-07-01 17:35,2408,15.850000000000001,23.999961145979093,Core_ZN,2902.414967810001,0.48373582796833353,978.6560313036287,,,23.999961145979093,24.000005275739568,23.999983068430396,24.00000093120081,23.999984820485132
sensor,1986-07-01 17:40,2409,15.933333333333334,23.99993463870036,Core_ZN,2886.967810538797,0.4811613017564662,979.1371926053852,,,23.99993463870036,23.999999189795318,23.999966151753366,23.999993452648543,23.999967752415788
sensor,1986-07-01 17:50,2410,16.016666666666666,23.999910692029502,Core_ZN,2874.792461474218,0.4791320769123696,979.6163246822975,,,23.999910692029502,23.99997372036449,23.999946821987162,23.999969828179935,23.99994528962565
sensor,1986-07-01 17:60,2411,16.1,23.999907645341864,Core_ZN,2864.4722453322524,0.4774120408887087,980.0937367231862,,,23.999907645341864,23.99996908658812,23.999939880915406,23.999965313070067,23.999937431467913
sensor,1986-07-01 18:10,2412,16.1,23.99991298920857,Core_ZN,2844.1510416113215,0.4740251736018869,980.567761896788,,,23.99991298920857,23.99997258154604,23.999940923206832,23.999968712747002,23.99993828365952
sensor,1986-07-01 18:25,2413,16.1,23.999978926216173,Core_ZN,2825.0942444412703,0.4708490407402117,981.0386109375282,,,23.999978926216173,24.000023326477084,23.999993382817962,24.00001688555475,23.99999598699059
sensor,1986-07-01 18:35,2414,16.1,23.999971028109645,Core_ZN,2806.515695420332,0.4677526159033887,981.5063635534316,,,23.999971028109645,24.00000778596125,23.99998888664731,24.000003224073666,23.999990265758935
sensor,1986-07-01 18:45,2415,16.1,23.999969833007423,Core_ZN,2790.556356679538,0.4650927261132563,981.9714562795449,,,23.999969833007423,24.000005418143537,23.99998864507951,24.00000091700354,23.999989689724007
sensor,1986-07-01 18:55,2416,16.1,23.999969158592453,Core_ZN,2776.218139986234,0.46270302333103897,982.434159302876,,,23.999969158592453,24.000004327415567,23.99998877440705,23.999999605953064,23.999989464173268
sensor,1986-07-01 18:65,2417,16.1,23.99996858148007,Core_ZN,2762.060600515702,0.46034343341928363,982.8945027362953,,,23.99996858148007,24.000003518621043,23.999988988769463,23.999998626963567,23.99998942885522
sensor,1986-07-01 19:15,2418,16.1,23.99997905066116,Core_ZN,2699.704806542311,0.4499508010903851,983.3444535373857,,,23.99997905066116,24.000009421884634,23.99999390752732,24.000005209419754,23.99999469828502
sensor,1986-07-01 19:25,2419,16.1,23.999979131532974,Core_ZN,2674.210794130056,0.44570179902167595,983.7901553364073,,,23.999979131532974,24.00000966951643,23.999994866297214,24.00000593009443,23.999995861880887
sensor,1986-07-01 19:35,2420,16.1,23.99997920767605,Core_ZN,2642.1129367116982,0.4403521561186164,984.2305074925259,,,23.99997920767605,24.000009604688053,23.999995411960455,24.00000699313412,23.999997046255167
sensor,1986-07-01 19:45,2421,16.1,23.99997929530874,Core_ZN,2622.997551043143,0.43716625850719054,984.6676737510331,,,23.99997929530874,24.000008878619724,23.99999567711731,24.00000667786188,23.999997510370108
sensor,1986-07-01 19:55,2422,16.1,23.99997929420453,Core_ZN,2607.490644102614,0.43458177401710235,985.1022555250503,,,23.99997929420453,24.000008072769887,23.999995835398664,24.000006125388616,23.99999772434144
sensor,1986-07-01 19:65,2423,16.1,23.99997921172049,Core_ZN,2593.9011600437684,0.4323168600072947,985.5345723850576,,,23.99997921172049,24.000007271627684,23.999995937354292,24.000005511690567,23.999997814632817
sensor,1986-07-01 20:10,2424,16.1,23.999965500448354,Core_ZN,2581.864264634211,0.4303107107723685,985.9648830958299,,,23.999965500448354,24.00000367042661,23.99998583850651,24.000001724917773,23.999985834640334
sensor,1986-07-01 20:20,2425,16.1,23.999951530917272,Core_ZN,2570.1008350112547,0.4283501391685425,986.3932332349984,,,23.999951530917272,23.999988029965195,23.999974260402276,23.999987070791896,23.999971785426045
sensor,1986-07-01 20:30,2426,16.1,23.999962740940784,Core_ZN,2560.450603661171,0.42674176727686186,986.8199750022753,,,23.999962740940784,23.999984568668918,23.999971250281927,23.999983836395742,23.99996793673562
sensor,1986-07-01 20:40,2427,16.1,23.999965750538603,Core_ZN,2551.546865460125,0.4252578109100208,987.2452328131853,,,23.999965750538603,23.999983960314275,23.999971010536484,23.99998334054101,23.999967620306215
sensor,1986-07-01 20:50,2428,16.1,23.99996686154671,Core_ZN,2543.234465406825,0.4238724109011375,987.6691052240865,,,23.99996686154671,23.999984021929016,23.99997167554744,23.99998349512932,23.99996845434724
sensor,1986-07-01 20:60,2429,16.1,23.99996750331068,Core_ZN,2535.408149557608,0.422568024926268,988.0916732490127,,,23.99996750331068,23.999984242511744,23.99997261684707,23.99998379908168,23.999969638852715
sensor,1986-07-01 21:10,2430,16.283333333333335,24.13366111581987,Core_ZN,4.038461538461539e-09,6.730769230769232e-13,988.0916732490134,,,24.13366111581987,24.098066208156393,24.15023574226071,24.12750564449552,24.128547752511786
sensor,1986-07-01 21:20,2431,16.46666666666667,24.18242523926976,Core_ZN,4.038461538461539e-09,6.730769230769232e-13,988.0916732490141,,,24.18242523926976,24.128273682460915,24.192893486479704,24.168383302673593,24.164754599389262
sensor,1986-07-01 21:30,2432,16.65,24.207936871713272,Core_ZN,4.038461538461539e-09,6.730769230769232e-13,988.0916732490148,,,24.207936871713272,24.14260350787013,24.21229936008953,24.187726342214937,24.18111255363392
sensor,1986-07-01 21:40,2433,16.833333333333332,24.224857371153814,Core_ZN,4.038461538461539e-09,6.730769230769232e-13,988.0916732490155,,,24.224857371153814,24.152063305386324,24.22448617541928,24.199896338097332,24.19152492335899
sensor,1986-07-01 21:50,2434,17.016666666666666,24.238648491092704,Core_ZN,4.038461538461539e-09,6.730769230769232e-13,988.0916732490161,,,24.238648491092704,24.160259718929492,24.234516856792485,24.209781844867987,24.200325821749754
sensor,1986-07-01 21:60,2435,17.2,24.25137051114954,Core_ZN,4.038461538461539e-09,6.730769230769232e-13,988.0916732490168,,,24.25137051114954,24.16836529293336,24.243978928987243,24.21906394153076,24.20884817869547
sensor,1986-07-01 22:10,2436,17.2,24.244222191873064,Core_ZN,4.038461538461539e-09,6.730769230769232e-13,988.0916732490175,,,24.244222191873064,24.156547286465152,24.23315655879281,24.208726517763388,24.197342593962453
sensor,1986-07-01 22:20,2437,17.2,24.236573798108317,Core_ZN,4.038461538461539e-09,6.730769230769232e-13,988.0916732490182,,,24.236573798108317,24.14480873698691,24.22258647728778,24.198346836278173,24.18625518590555
sensor,1986-07-01 22:30,2438,17.2,24.22936971954274,Core_ZN,4.038461538461539e-09,6.730769230769232e-13,988.0916732490189,,,24.22936971954274,24.13366923217633,24.21245964171492,24.1884848970867,24.175736790179414
sensor,1986-07-01 22:40,2439,17.2,24.222338068048767,Core_ZN,4.038461538461539e-09,6.730769230769232e-13,988.0916732490195,,,24.222338068048767,24.122729354883866,24.202331854637137,24.17876804749536,24.165315805502797
sensor,1986-07-01 22:50,2440,17.2,24.215355789399265,Core_ZN,4.038461538461539e-09,6.730769230769232e-13,988.0916732490202,,,24.215355789399265,24.111821336411804,24.192056006550867,24.169037903161907,24.154827282432105
sensor,1986-07-01 22:60,2441,17.2,24.20836292152122,Core_ZN,4.038461538461539e-09,6.730769230769232e-13,988.0916732490209,,,24.20836292152122,24.100875861457347,24.18158914363534,24.15922922052014,24.144214841817163
sensor,1986-07-01 23:10,2442,17.2,24.18468297154864,Core_ZN,4.038461538461539e-09,6.730769230769232e-13,988.0916732490216,,,24.18468297154864,24.07389160347232,24.155444121256526,24.133254432498507,24.11797686928152
sensor,1986-07-01 23:20,2443,17.2,24.170080269165947,Core_ZN,4.038461538461539e-09,6.730769230769232e-13,988.0916732490223,,,24.170080269165947,24.056580434543367,24.13908498175023,24.116790097372018,24.101606698188668
sensor,1986-07-01 23:30,2444,17.2,24.15903969873355,Core_ZN,4.038461538461539e-09,6.730769230769232e-13,988.091673249023,,,24.15903969873355,24.042491869925396,24.125550382736204,24.10361503615946,24.08812705672199
sensor,1986-07-01 23:40,2445,17.2,24.14950081755202,Core_ZN,4.038461538461539e-09,6.730769230769232e-13,988.0916732490236,,,24.14950081755202,24.029628883046932,24.112947319493408,24.09170265103939,24.075625938724556
sensor,1986-07-01 23:50,2446,17.2,24.140613065358917,Core_ZN,4.038461538461539e-09,6.730769230769232e-13,988.0916732490243,,,24.140613065358917,24.017261599384994,24.10065096760604,24.080291686139358,24.063466228253017
sensor,1986-07-01 23:60,2447,17.2,24.132017599642314,Core_ZN,4.038461538461539e-09,6.730769230769232e-13,988.091673249025,,,24.132017599642314,24.005113880765638,24.088449988110195,24.069088190573506,24.051429117168226
sensor,1986-07-02 00:10,2448,17.2,24.123452718268602,Core_ZN,4.038461538461539e-09,6.730769230769232e-13,988.0916732490257,,,24.123452718268602,23.992991754363445,24.076179436013362,24.05789023713803,24.03934505877636
sensor,1986-07-02 00:20,2449,17.2,24.11490402877836,Core_ZN,4.038461538461539e-09,6.730769230769232e-13,988.0916732490264,,,24.11490402877836,23.980900816944786,24.06387239411341,24.046698263104638,24.02724251258
sensor,1986-07-02 00:30,2450,17.2,24.106356972992522,Core_ZN,4.038461538461539e-09,6.730769230769232e-13,988.091673249027,,,24.106356972992522,23.96883539801119,24.051535548448918,24.035505732193315,24.01512485414403
sensor,1986-07-02 00:40,2451,17.2,24.09780077063059,Core_ZN,4.038461538461539e-09,6.730769230769232e-13,988.0916732490277,,,24.09780077063059,23.956790385229922,24.039171410241924,24.02430767172327,24.002991828106584
sensor,1986-07-02 00:50,2452,17.2,24.089227544342197,Core_ZN,4.038461538461539e-09,6.730769230769232e-13,988.0916732490284,,,24.089227544342197,23.944762054143006,24.026781788068792,24.013100797196547,23.99084284766256
sensor,1986-07-02 00:60,2453,17.2,24.080631644104322,Core_ZN,4.038461538461539e-09,6.730769230769232e-13,988.0916732490291,,,24.080631644104322,23.932748030479498,24.014368707968877,24.001883238861886,23.978677845665864
sensor,1986-07-02 01:10,2454,17.2,24.072055884837567,Core_ZN,4.038461538461539e-09,6.730769230769232e-13,988.0916732490298,,,24.072055884837567,23.920599792809394,24.00180420678066,23.990501907567634,23.96633103310226
sensor,1986-07-02 01:20,2455,17.2,24.063469208451522,Core_ZN,4.038461538461539e-09,6.730769230769232e-13,988.0916732490305,,,24.063469208451522,23.908373591558416,23.989143357682046,23.979023117476007,23.95388280785126
sensor,1986-07-02 01:30,2456,17.2,24.054858151424696,Core_ZN,4.038461538461539e-09,6.730769230769232e-13,988.0916732490311,,,24.054858151424696,23.896120794176262,23.976434599301864,23.967498924329522,23.941389071393584
sensor,1986-07-02 01:40,2457,17.2,24.046216685460156,Core_ZN,4.038461538461539e-09,6.730769230769232e-13,988.0916732490318,,,24.046216685460156,23.883854716217833,23.963690335343514,23.955943090895254,23.928862423592985
sensor,1986-07-02 01:50,2458,17.2,24.037542465710203,Core_ZN,4.038461538461539e-09,6.730769230769232e-13,988.0916732490325,,,24.037542465710203,23.87158073015003,23.950916507359448,23.94436189488931,23.91630871155122
sensor,1986-07-02 01:60,2459,17.2,24.028835088631684,Core_ZN,4.038461538461539e-09,6.730769230769232e-13,988.0916732490332,,,24.028835088631684,23.85930214782381,23.938117602242063,23.932759453406018,23.90373214099107
sensor,1986-07-02 02:10,2460,17.2,24.02010455494918,Core_ZN,4.038461538461539e-09,6.730769230769232e-13,988.0916732490339,,,24.02010455494918,23.847028397767872,23.925305046956318,23.921146087064624,23.891143879778248
sensor,1986-07-02 02:20,2461,17.2,24.011346978969556,Core_ZN,4.038461538461539e-09,6.730769230769232e-13,988.0916732490346,,,24.011346978969556,23.834758391779552,23.912478337231654,23.90952143642949,23.87854327892004
sensor,1986-07-02 02:30,2462,17.2,24.002562070183238,Core_ZN,4.038461538461539e-09,6.730769230769232e-13,988.0916732490352,,,24.002562070183238,23.822493784570664,23.899640253949876,23.89788776115427,23.865932974953022
sensor,1986-07-02 02:40,2463,17.2,23.99375097183503,Core_ZN,4.038461538461539e-09,6.730769230769232e-13,988.0916732490359,,,23.99375097183503,23.810237077270372,23.88679438518853,23.886248148923833,23.853316440642075
sensor,1986-07-02 02:50,2464,17.2,23.98491550860467,Core_ZN,4.038461538461539e-09,6.730769230769232e-13,988.0916732490366,,,23.98491550860467,23.797991063532585,23.873944498542887,23.87460596494918,23.840697351623923
sensor,1986-07-02 02:60,2465,17.2,23.976057848749512,Core_ZN,4.038461538461539e-09,6.730769230769232e-13,988.0916732490373,,,23.976057848749512,23.785758611090685,23.861094321921534,23.862964629781388,23.828079360606537
sensor,1986-07-02 03:10,2466,17.2,23.967175027625686,Core_ZN,4.038461538461539e-09,6.730769230769232e-13,988.091673249038,,,23.967175027625686,23.772894059893048,23.84764472530566,23.850685793029943,23.814765899914917
sensor,1986-07-02 03:20,2467,17.2,23.958267215890505,Core_ZN,4.038461538461539e-09,6.730769230769232e-13,988.0916732490386,,,23.958267215890505,23.759905925757575,23.83407740535589,23.838217173165734,23.801280892091693
sensor,1986-07-02 03:30,2468,17.2,23.94933302248799,Core_ZN,4.038461538461539e-09,6.730769230769232e-13,988.0916732490393,,,23.94933302248799,23.74694211177502,23.820459844910232,23.825651407322116,23.787708304617542
sensor,1986-07-02 03:40,2469,17.2,23.940372631206536,Core_ZN,4.038461538461539e-09,6.730769230769232e-13,988.09167324904,,,23.940372631206536,23.733877075021507,23.806926825879838,23.813029117412487,23.77408242888352
sensor,1986-07-02 03:50,2470,17.2,23.93138785660489,Core_ZN,4.038461538461539e-09,6.730769230769232e-13,988.0916732490407,,,23.93138785660489,23.72079787764002,23.793291066778746,23.800373082938258,23.760422999304623
sensor,1986-07-02 03:60,2471,17.2,23.922381468921532,Core_ZN,4.038461538461539e-09,6.730769230769232e-13,988.0916732490414,,,23.922381468921532,23.707728669822558,23.779641371214062,23.787698835912174,23.74674430251602
sensor,1986-07-02 04:10,2472,17.2,23.92430944555606,Core_ZN,4.038461538461539e-09,6.730769230769232e-13,988.0916732490421,,,23.92430944555606,23.705775516413265,23.776853114211328,23.786307424703438,23.74421959515984
sensor,1986-07-02 04:20,2473,17.2,23.92438221898188,Core_ZN,4.038461538461539e-09,6.730769230769232e-13,988.0916732490427,,,23.92438221898188,23.700823597147014,23.770765241465906,23.78194465061687,23.738395715716756
sensor,1986-07-02 04:30,2474,17.2,23.921463168867383,Core_ZN,4.038461538461539e-09,6.730769230769232e-13,988.0916732490434,,,23.921463168867383,23.701627559348072,23.779385569908932,23.787292059688824,23.737597930500574
sensor,1986-07-02 04:40,2475,17.2,23.91732328409822,Core_ZN,4.038461538461539e-09,6.730769230769232e-13,988.0916732490441,,,23.91732328409822,23.704489927816255,23.796780607642948,23.797624767806866,23.73843209014108
sensor,1986-07-02 04:50,2476,17.2,23.91281439405691,Core_ZN,4.038461538461539e-09,6.730769230769232e-13,988.0916732490448,,,23.91281439405691,23.709059078497827,23.818144248966277,23.80992331460129,23.740731877462217
sensor,1986-07-02 04:60,2477,17.2,23.908308415117254,Core_ZN,4.038461538461539e-09,6.730769230769232e-13,988.0916732490455,,,23.908308415117254,23.71522386491241,23.83779557896952,23.821248284493638,23.744432268093604
sensor,1986-07-02 05:13,2478,17.3,23.99692235796572,Core_ZN,2978.3825751256727,0.49639709585427877,988.5880703448997,,,23.99692235796572,23.98641662275678,23.990132310760906,23.993277096342744,23.984791282836426
sensor,1986-07-02 05:20,2479,17.4,23.999929749886313,Core_ZN,2983.58824955304,0.49726470825884,989.0853350531586,,,23.999929749886313,23.99992822991404,23.999811672399815,23.999950344635486,23.999736195484253
sensor,1986-07-02 05:30,2480,17.5,23.999997512750852,Core_ZN,2989.4687807803725,0.49824479679672873,989.5835798499553,,,23.999997512750852,24.000028134684477,24.000020653977963,24.000031384124153,24.000010603792234
sensor,1986-07-02 05:40,2481,17.6,24.000010632139958,Core_ZN,2995.604790805128,0.49926746513418796,990.0828473150895,,,24.000010632139958,24.00004900103971,24.000091515918204,24.000049094434445,24.00010362389881
sensor,1986-07-02 05:55,2482,17.7,23.999961623685202,Core_ZN,2998.265918465905,0.49971098641098416,990.5825583015004,,,23.999961623685202,23.99999441551352,24.000007245011545,23.999986553965428,24.000018143075927
sensor,1986-07-02 05:65,2483,17.8,23.999968592835735,Core_ZN,3003.8715856712847,0.5006452642785474,991.083203565779,,,23.999968592835735,23.999991966257504,23.99999881095735,23.999986370380476,24.000006952616484
sensor,1986-07-02 06:15,2484,17.8,23.99998211560242,Core_ZN,2559.603278816036,0.4266005464693393,991.5098041122483,,,23.99998211560242,23.999991770753553,23.999984851687543,23.99999000732791,23.999987550702585
sensor,1986-07-02 06:25,2485,17.800000000000004,23.99997436078757,Core_ZN,2582.788722330718,0.4304647870551196,991.9402688993034,,,23.99997436078757,23.999990664334778,23.99998625634368,23.99998924483786,23.999990330513327
sensor,1986-07-02 06:35,2486,17.8,23.999972328297332,Core_ZN,2599.7512746015996,0.43329187910026656,992.3735607784037,,,23.999972328297332,23.999989710615807,23.999986566823104,23.999988513733612,23.99999148857846
sensor,1986-07-02 06:45,2487,17.8,23.999970348197856,Core_ZN,2616.4382477362865,0.43607304128938107,992.8096338196931,,,23.999970348197856,23.99998781911255,23.99998554170238,23.999986934478187,23.999991002511763
sensor,1986-07-02 06:55,2488,17.8,23.999968474781866,Core_ZN,2632.566462312032,0.4387610770520053,993.2483948967451,,,23.999968474781866,23.999985707360352,23.99998426032139,23.999985292010514,23.999990226635546
sensor,1986-07-02 06:65,2489,17.8,23.999966787673607,Core_ZN,2648.1348697778203,0.44135581162963666,993.6897507083747,,,23.999966787673607,23.99998349379104,23.999982934433127,23.999983656839937,23.999989339609158
sensor,1986-07-02 07:15,2490,17.883333333333333,23.99955801875491,Core_ZN,3528.068416722871,0.5880114027871451,994.2777621111619,,,23.99955801875491,23.999653044202468,23.99980670771734,23.99967238725565,23.999814874575762
sensor,1986-07-02 07:25,2491,17.96666666666667,23.999464167384744,Core_ZN,3635.6540554688554,0.6059423425781425,994.88370445374,,,23.999464167384744,23.999588845870406,23.999764620598647,23.99961285556842,23.99977527695797
sensor,1986-07-02 07:35,2492,18.05,23.99942374937907,Core_ZN,3706.439439508146,0.6177399065846909,995.5014443603247,,,23.99942374937907,23.99955327068114,23.999742908690365,23.999580856904345,23.999754560492836
sensor,1986-07-02 07:45,2493,18.133333333333333,23.999395278498348,Core_ZN,3768.779854298522,0.6281299757164203,996.1295743360412,,,23.999395278498348,23.999524461825693,23.999729034528144,23.99955526085327,23.999738575992012
sensor,1986-07-02 07:55,2494,18.21666666666667,23.999372599723692,Core_ZN,3823.0121302642783,0.6371686883773797,996.7667430244186,,,23.999372599723692,23.999500446903014,23.99971619784067,23.99953459505423,23.999725404542396
sensor,1986-07-02 07:65,2495,18.3,23.9993541997138,Core_ZN,3873.124340172834,0.645520723362139,997.4122637477807,,,23.9993541997138,23.999486460973017,23.999704662573365,23.999520190347788,23.999715725351216
sensor,1986-07-02 08:15,2496,18.483333333333334,23.999345680453228,Core_ZN,3935.8363028975764,0.655972717149596,998.0682364649302,,,23.999345680453228,23.999478096146966,23.999696647532396,23.999514539157087,23.999709695411276
sensor,1986-07-02 08:25,2497,18.666666666666668,23.999341086703218,Core_ZN,3996.9308630038167,0.6661551438339695,998.7343916087642,,,23.999341086703218,23.99946952934581,23.999689311724374,23.99950823417324,23.999703372658836
sensor,1986-07-02 08:35,2498,18.85,23.999338240275783,Core_ZN,4055.7268222682746,0.6759544703780458,999.4103460791423,,,23.999338240275783,23.999461282634,23.99968261252795,23.999502027976114,23.999697189650604
sensor,1986-07-02 08:45,2499,19.03333333333333,23.99933572626934,Core_ZN,4110.290641031705,0.6850484401719507,1000.0953945193143,,,23.99933572626934,23.999455234300783,23.999677837282782,23.999497393158546,23.999691938881238
sensor,1986-07-02 08:55,2500,19.21666666666667,23.999333358640612,Core_ZN,4162.370290838001,0.6937283818063334,1000.7891229011205,,,23.999333358640612,23.99944993920346,23.999674141111168,23.999493266000275,23.999687095353355
sensor,1986-07-02 08:65,2501,19.4,23.99933114545556,Core_ZN,4212.807170507946,0.7021345284179908,1001.4912574295386,,,23.99933114545556,23.999444948698063,23.999671035158283,23.999489380581103,23.999682519145082
sensor,1986-07-02 09:15,2502,19.5,23.99932446778876,Core_ZN,4248.779068402413,0.7081298447337355,1002.1993872742723,,,23.99932446778876,23.999435313232176,23.9996664435358,23.99948108665403,23.999676505959886
sensor,1986-07-02 09:25,2503,19.6,23.999316903753055,Core_ZN,4283.329571608101,0.7138882619346836,1002.913275536207,,,23.999316903753055,23.99942648837019,23.99966246368057,23.99947356148664,23.99967093596357
sensor,1986-07-02 09:35,2504,19.7,23.99931127810699,Core_ZN,4316.44166558774,0.7194069442646234,1003.6326824804717,,,23.99931127810699,23.99941826671163,23.999658906892222,23.9994665985747,23.99966566375558
sensor,1986-07-02 09:45,2505,19.799999999999997,23.999306563456678,Core_ZN,4345.097976671544,0.7241829961119239,1004.3568654765836,,,23.999306563456678,23.999413685355584,23.99965612405209,23.99946248290751,23.999662002350917
sensor,1986-07-02 09:55,2506,19.9,23.999302500379272,Core_ZN,4371.4171336460095,0.7285695222743348,1005.085434998858,,,23.999302500379272,23.999410262664124,23.999654163533517,23.999459325473886,23.99965899144489
sensor,1986-07-02 09:65,2507,20.0,23.999299032706322,Core_ZN,4392.352775309023,0.7320587958848371,1005.8174937947429,,,23.999299032706322,23.99941142813678,23.999650290178792,23.9994611863503,23.999658929799672
sensor,1986-07-02 10:15,2508,20.183333333333334,23.999307109734303,Core_ZN,4427.672479046749,0.7379454131744582,1006.5554392079173,,,23.999307109734303,23.999421355738413,23.99965494475896,23.999471472951647,23.99966200825753
sensor,1986-07-02 10:25,2509,20.366666666666667,23.999298422922635,Core_ZN,4464.795971741559,0.7441326619569264,1007.2995718698742,,,23.999298422922635,23.999428362864766,23.99965989015191,23.99947942781543,23.99966410824866
sensor,1986-07-02 10:35,2510,20.55,23.9992982780459,Core_ZN,4501.013570441735,0.7501689284069558,1008.0497407982812,,,23.9992982780459,23.999433455640492,23.999664839697985,23.99948574484705,23.999665613419936
sensor,1986-07-02 10:45,2511,20.733333333333334,23.999299130126683,Core_ZN,4538.829138142713,0.7564715230237855,1008.806212321305,,,23.999299130126683,23.999433482941264,23.99966850225762,23.999491372726826,23.99966696898917
sensor,1986-07-02 10:53,2512,20.916666666666668,23.99948720162793,Core_ZN,4578.778755789243,0.7631297926315406,1009.5693421139365,,,23.99948720162793,23.999563664823228,23.99975265308359,23.999616520153182,23.999741072410558
sensor,1986-07-02 10:63,2513,21.1,23.999495671466107,Core_ZN,4615.767971871925,0.769294661978654,1010.3386367759151,,,23.999495671466107,23.999577954047872,23.99976225736517,23.99963304662444,23.999754726938093
sensor,1986-07-02 11:13,2514,21.383333333333336,23.999651136134833,Core_ZN,4422.915609575293,0.7371526015958821,1011.075789377511,,,23.999651136134833,23.999711396130973,23.999845899513744,23.999758917383797,23.99984181970553
sensor,1986-07-02 11:23,2515,21.66666666666667,23.99972438283095,Core_ZN,4469.155956108403,0.7448593260180671,1011.8206487035291,,,23.99972438283095,23.99976412336709,23.999875652197534,23.999808603558677,23.99986958926945
sensor,1986-07-02 11:32,2516,21.950000000000003,23.99973055539663,Core_ZN,4517.129270077434,0.752854878346239,1012.5735035818753,,,23.99973055539663,23.999782736958284,23.99988909806988,23.9998266453812,23.999884122350455
sensor,1986-07-02 11:42,2517,22.233333333333334,23.99973107521955,Core_ZN,4567.945593524631,0.7613242655874384,1013.3348278474627,,,23.99973107521955,23.999786764775013,23.99989167539132,23.99983099278253,23.99988642372593
sensor,1986-07-02 11:53,2518,22.516666666666666,23.999730741033275,Core_ZN,4620.852444875827,0.7701420741459711,1014.1049699216087,,,23.999730741033275,23.999789371128685,23.99989282345949,23.99983344486899,23.999887289964594
sensor,1986-07-02 11:62,2519,22.8,23.999729863619354,Core_ZN,4675.291766283223,0.7792152943805372,1014.8841852159892,,,23.999729863619354,23.999791127551028,23.99989329474882,23.999834792748977,23.999887521286958
sensor,1986-07-02 12:13,2520,22.983333333333334,23.99950891324111,Core_ZN,4971.934191143257,0.8286556985238761,1015.7128409145131,,,23.99950891324111,23.999609833519653,23.99979669291518,23.999681129400155,23.999780750054143
sensor,1986-07-02 12:23,2521,23.166666666666668,23.999478814304638,Core_ZN,5029.7146497466865,0.8382857749577811,1016.5511266894708,,,23.999478814304638,23.999575962048162,23.999767203727956,23.999648388701694,23.99975649918391
sensor,1986-07-02 12:33,2522,23.35,23.999467403638565,Core_ZN,5082.117847630414,0.8470196412717357,1017.3981463307425,,,23.999467403638565,23.999561216784684,23.999757899160898,23.9996348553015,23.999747941248522
sensor,1986-07-02 12:43,2523,23.53333333333333,23.99945814501005,Core_ZN,5128.694369250184,0.8547823948750306,1018.2529287256175,,,23.99945814501005,23.999552022380144,23.99975210807223,23.999625584848356,23.999742498284576
sensor,1986-07-02 12:55,2524,23.71666666666667,23.99925560562034,Core_ZN,5172.122869152023,0.8620204781920038,1019.1149492038095,,,23.99925560562034,23.999398221864183,23.999678565878213,23.99949478224432,23.99965960573965
sensor,1986-07-02 12:65,2525,23.9,23.999229056129415,Core_ZN,5213.050912298862,0.868841818716477,1019.983791022526,,,23.999229056129415,23.999377998132616,23.999654602510716,23.999470601860363,23.99964150465435
sensor,1986-07-02 13:15,2526,23.900000000000002,23.99922882968174,Core_ZN,5232.0162878605925,0.8720027146434319,1020.8557937371695,,,23.99922882968174,23.9993832791598,23.999651131122775,23.999470758035983,23.999626718600975
sensor,1986-07-02 13:25,2527,23.9,23.99926952607389,Core_ZN,5249.391524511339,0.8748985874185565,1021.7306923245881,,,23.99926952607389,23.9993903231006,23.999650407933856,23.999472105213755,23.999608947196776
sensor,1986-07-02 13:35,2528,23.9,23.99928400292064,Core_ZN,5270.306467913284,0.8783844113188806,1022.6090767359069,,,23.99928400292064,23.999397841437116,23.999650172491215,23.99947315370352,23.999587885119027
sensor,1986-07-02 13:40,2529,23.9,23.998934243371487,Core_ZN,5291.23319204,0.8818721986733333,1023.4909489345803,,,23.998934243371487,23.99915059568268,23.99952399844425,23.999247502709366,23.99942849788395
sensor,1986-07-02 13:50,2530,23.9,23.998873323407086,Core_ZN,5311.86926529117,0.885311544215195,1024.3762604787955,,,23.998873323407086,23.99909312426616,23.999472241429025,23.999186340522357,23.999368354136895
sensor,1986-07-02 13:60,2531,23.9,23.998864665505522,Core_ZN,5332.425100128085,0.8887375166880142,1025.2649979954836,,,23.998864665505522,23.999086424557557,23.999454125667764,23.99917057887144,23.99933389579492
sensor,1986-07-02 14:15,2532,23.900000000000002,23.999253967816372,Core_ZN,5348.282854388912,0.8913804757314853,1026.156378471215,,,23.999253967816372,23.99938561738835,23.99962283941739,23.999432749893266,23.999471901195832
sensor,1986-07-02 14:25,2533,23.9,23.999273488251305,Core_ZN,5362.031486857071,0.8936719144761784,1027.0500503856913,,,23.999273488251305,23.99937915111581,23.99962810544455,23.999431366666514,23.99949613760098
sensor,1986-07-02 14:35,2534,23.9,23.999267813575685,Core_ZN,5373.748966914355,0.895624827819059,1027.9456752135104,,,23.999267813575685,23.9993669338051,23.999624414223774,23.999419960281106,23.99949121924356
sensor,1986-07-02 14:45,2535,23.9,23.999260607718902,Core_ZN,5386.2952198134535,0.8977158699689088,1028.8433910834792,,,23.999260607718902,23.99935897371317,23.999621067115555,23.999411586034594,23.999472361422207
sensor,1986-07-02 14:55,2536,23.9,23.999254370134977,Core_ZN,5398.2550755485045,0.899709179258084,1029.7431002627372,,,23.999254370134977,23.999353821674642,23.999618702238358,23.999405468885175,23.999451236541454
sensor,1986-07-02 14:65,2537,23.9,23.999249154307744,Core_ZN,5409.6878022807105,0.9016146337134516,1030.6447148964508,,,23.999249154307744,23.999349936184828,23.999617239692157,23.999401022981047,23.999430099902504
sensor,1986-07-02 15:15,2538,23.71666666666667,23.99926163167405,Core_ZN,5392.379433246806,0.8987299055411342,1031.5434448019919,,,23.99926163167405,23.999365993301122,23.999623948880274,23.999415155480506,23.999420465022446
sensor,1986-07-02 15:25,2539,23.53333333333333,23.999248534044938,Core_ZN,5375.523041546591,0.8959205069244318,1032.4393653089164,,,23.999248534044938,23.999379160318373,23.999629628561813,23.999426718173787,23.999413017004624
sensor,1986-07-02 15:35,2540,23.35,23.999247327332213,Core_ZN,5356.654172856638,0.8927756954761064,1033.3321410043925,,,23.999247327332213,23.999390068131405,23.99963446907077,23.99943627140066,23.999406031380097
sensor,1986-07-02 15:45,2541,23.166666666666664,23.9992477372964,Core_ZN,5349.624834304216,0.8916041390507027,1034.2237451434432,,,23.9992477372964,23.999395454078297,23.999637407727548,23.99944132092287,23.999381682246852
sensor,1986-07-02 15:55,2542,22.98333333333333,23.999247167543295,Core_ZN,5338.233832508106,0.8897056387513511,1035.1134507821946,,,23.999247167543295,23.999399254398895,23.99963980074208,23.999445006639185,23.999366445742673
sensor,1986-07-02 15:65,2543,22.8,23.999245794885063,Core_ZN,5325.7535456937785,0.8876255909489631,1036.0010763731436,,,23.999245794885063,23.999401766949653,23.99964172942328,23.999447564067495,23.999352979736532
sensor,1986-07-02 16:15,2544,22.8,23.99969445985873,Core_ZN,4632.177094520781,0.7720295157534635,1036.7731058888971,,,23.99969445985873,23.999776811771678,23.999853285584727,23.999797671862936,23.99966254378176
sensor,1986-07-02 16:25,2545,22.800000000000004,23.99976567041656,Core_ZN,4567.423566289721,0.7612372610482867,1037.5343431499455,,,23.99976567041656,23.999825626031125,23.99988877987332,23.999842999944924,23.999713664931242
sensor,1986-07-02 16:35,2546,22.8,23.999784538858457,Core_ZN,4538.5111488880275,0.7564185248146713,1038.2907616747602,,,23.999784538858457,23.999838836900384,23.99989879981858,23.999855178575068,23.999723392895802
sensor,1986-07-02 16:45,2547,22.8,23.999793566959745,Core_ZN,4503.477761153826,0.7505796268589708,1039.0413413016192,,,23.999793566959745,23.99984767707021,23.99990456627763,23.999862846930156,23.999740943075587
sensor,1986-07-02 16:55,2548,22.8,23.999799570771046,Core_ZN,4469.73936194717,0.7449565603245284,1039.7862978619437,,,23.999799570771046,23.99985444361991,23.99990877592711,23.999868429311306,23.999758786915866
sensor,1986-07-02 16:63,2549,22.8,23.999860274322465,Core_ZN,4431.022005440878,0.7385036675734797,1040.5248015295172,,,23.999860274322465,23.99990324168315,23.999936882265615,23.999909035976213,23.999829702178708
sensor,1986-07-02 17:13,2550,22.616666666666667,23.999928477024937,Core_ZN,4151.201154906858,0.691866859151143,1041.2166683886683,,,23.999928477024937,23.999963703800844,23.999971489703654,23.999962964948256,23.999912505916402
sensor,1986-07-02 17:23,2551,22.433333333333337,23.999942237030083,Core_ZN,4070.1466826959404,0.6783577804493233,1041.8950261691175,,,23.999942237030083,23.99997737327478,23.999978581196135,23.999973058386455,23.999935794188747
sensor,1986-07-02 17:33,2552,22.25,23.999949534030307,Core_ZN,4003.7149909517057,0.6672858318252843,1042.5623120009427,,,23.999949534030307,23.999985189195552,23.999982071323956,23.999978213571318,23.999949069911143
sensor,1986-07-02 17:43,2553,22.066666666666666,23.999954535733103,Core_ZN,3952.220458588637,0.6587034097647728,1043.2210154107074,,,23.999954535733103,23.9999906171501,23.99998442385881,23.999980855999006,23.999954381242986
sensor,1986-07-02 17:53,2554,21.883333333333333,23.999958174340883,Core_ZN,3907.945274298601,0.6513242123831001,1043.8723396230905,,,23.999958174340883,23.99999445605427,23.999986078843214,23.99998228537425,23.999957327944998
sensor,1986-07-02 17:63,2555,21.7,23.999960832446895,Core_ZN,3866.596023168053,0.6444326705280088,1044.5167722936185,,,23.999960832446895,23.999997183126965,23.999987346928016,23.99998367684002,23.999959238300764
sensor,1986-07-02 18:13,2556,21.516666666666666,23.999945792914218,Core_ZN,3829.8586138411893,0.6383097689735315,1045.155082062592,,,23.999945792914218,23.99997928399094,23.999981105794873,23.999962137668888,23.999938266648297
sensor,1986-07-02 18:23,2557,21.333333333333336,23.999937493743012,Core_ZN,3785.1442664059764,0.6308573777343294,1045.7859394403265,,,23.999937493743012,23.999966231033806,23.999976966372813,23.99994613878008,23.999926670405735
sensor,1986-07-02 18:33,2558,21.15,23.999928951609583,Core_ZN,3739.6084232294406,0.6232680705382401,1046.4092075108647,,,23.999928951609583,23.99995629372004,23.99997386852205,23.99993352573859,23.999918912289992
sensor,1986-07-02 18:43,2559,20.96666666666667,23.999921677831907,Core_ZN,3683.251899980963,0.6138753166634938,1047.0230828275282,,,23.999921677831907,23.99994862689566,23.999971841774865,23.99992636241764,23.999919187005894
sensor,1986-07-02 18:53,2560,20.783333333333335,23.99991593488546,Core_ZN,3622.617645672736,0.6037696076121226,1047.6268524351403,,,23.99991593488546,23.999943127479533,23.99997054643101,23.999921888669775,23.99992271501786
sensor,1986-07-02 18:63,2561,20.6,23.99991161160225,Core_ZN,3554.915076690261,0.5924858461150434,1048.2193382812554,,,23.99991161160225,23.999939785538103,23.99996991333863,23.999920695290417,23.999929593635883
sensor,1986-07-02 19:13,2562,20.21666666666667,23.999921032721446,Core_ZN,3404.113291758986,0.5673522152931643,1048.7866904965485,,,23.999921032721446,23.999947877943065,23.9999754470269,23.99993391141057,23.999948114240055
sensor,1986-07-02 19:23,2563,19.833333333333336,23.999921153301994,Core_ZN,3293.858215232893,0.5489763692054821,1049.335666865754,,,23.999921153301994,23.99994965809617,23.999977062328163,23.999938823506806,23.999956505775412
sensor,1986-07-02 19:33,2564,19.450000000000003,23.999924741649906,Core_ZN,3169.7638055391244,0.528293967589854,1049.863960833344,,,23.999924741649906,23.99995011767809,23.999970145394293,23.999947111749382,23.999962988855224
sensor,1986-07-02 19:43,2565,19.066666666666666,23.99993652303189,Core_ZN,3075.901027959769,0.5126501713266282,1050.3766110046706,,,23.99993652303189,23.99996028762948,23.9999804502153,23.99995956690773,23.999973405579166
sensor,1986-07-02 19:53,2566,18.683333333333334,23.999906885640236,Core_ZN,2994.2218966142395,0.49903698276903985,1050.8756479874396,,,23.999906885640236,23.99993985755857,23.999965135049834,23.999939069082284,23.99995784787619
sensor,1986-07-02 19:63,2567,18.3,23.99992557282622,Core_ZN,2918.9995290552633,0.48649992150921056,1051.3621479089488,,,23.99992557282622,23.99995574732889,23.99998120166197,23.999955414174202,23.999971643603473
sensor,1986-07-02 20:13,2568,18.033333333333335,23.999938959953845,Core_ZN,2865.3026052051114,0.4775504342008519,1051.8396983431496,,,23.999938959953845,23.999967480295062,23.99998644955858,23.99996742212403,23.99997979942873
sensor,1986-07-02 20:23,2569,17.766666666666666,23.99995273156639,Core_ZN,2815.1488929205307,0.46919148215342177,1052.3088898253031,,,23.99995273156639,23.99997570075744,23.999989314727944,23.999975669622735,23.99998444337693
sensor,1986-07-02 20:35,2570,17.5,23.999929999561523,Core_ZN,2769.7651316207975,0.46162752193679957,1052.77051734724,,,23.999929999561523,23.999965492379303,23.99997468645966,23.99996528775989,23.99997629655283
sensor,1986-07-02 20:45,2571,17.233333333333334,23.999955112093282,Core_ZN,2726.810098886947,0.45446834981449113,1053.2249856970545,,,23.999955112093282,23.999981313408867,23.999987551138737,23.999980975111804,23.999985173456984
sensor,1986-07-02 20:55,2572,16.966666666666665,23.999964205862966,Core_ZN,2685.965664580312,0.44766094409671864,1053.6726466411512,,,23.999964205862966,23.999987557555915,23.999991319928036,23.999987124515783,23.99998873545308
sensor,1986-07-02 20:65,2573,16.7,23.999970311377012,Core_ZN,2646.833976972265,0.4411389961620442,1054.1137856373132,,,23.999970311377012,23.999991694135716,23.99999298741386,23.999991161257732,23.99999084818743
sensor,1986-07-02 21:15,2574,16.6,24.157174949579304,Core_ZN,4.038461538461539e-09,6.730769230769232e-13,1054.1137856373139,,,24.157174949579304,24.14284512985166,24.14333947298215,24.173739155652953,24.32614479368771
sensor,1986-07-02 21:25,2575,16.5,24.243964010599967,Core_ZN,4.038461538461539e-09,6.730769230769232e-13,1054.1137856373145,,,24.243964010599967,24.20865832846899,24.205419359673904,24.258241530542136,24.474177432423186
sensor,1986-07-02 21:35,2576,16.4,24.271870145545762,Core_ZN,4.038461538461539e-09,6.730769230769232e-13,1054.1137856373152,,,24.271870145545762,24.220881538255533,24.21516555611369,24.279339462729098,24.51573620325039
sensor,1986-07-02 21:45,2577,16.3,24.279054181221138,Core_ZN,4.038461538461539e-09,6.730769230769232e-13,1054.113785637316,,,24.279054181221138,24.216876226048647,24.210223538316143,24.28082695373208,24.527932031280017
sensor,1986-07-02 21:55,2578,16.2,24.277660129191904,Core_ZN,4.038461538461539e-09,6.730769230769232e-13,1054.1137856373166,,,24.277660129191904,24.206879718953616,24.20010756085643,24.27495597857746,24.52921281619551
sensor,1986-07-02 21:65,2579,16.1,24.272377149772666,Core_ZN,4.038461538461539e-09,6.730769230769232e-13,1054.1137856373173,,,24.272377149772666,24.194312172907182,24.18779048295456,24.26594011164178,24.525653086114907
sensor,1986-07-02 22:15,2580,15.916666666666668,24.253194302637816,Core_ZN,4.038461538461539e-09,6.730769230769232e-13,1054.113785637318,,,24.253194302637816,24.16796526655871,24.16192254651937,24.243143887077792,24.507022323962047
sensor,1986-07-02 22:20,2581,15.733333333333336,24.226728419468,Core_ZN,4.038461538461539e-09,6.730769230769232e-13,1054.1137856373186,,,24.226728419468,24.133740598066513,24.128750418996347,24.213027977927972,24.48131195488359
sensor,1986-07-02 22:30,2582,15.55,24.20577422316445,Core_ZN,4.038461538461539e-09,6.730769230769232e-13,1054.1137856373193,,,24.20577422316445,24.106178728315626,24.101950551591646,24.188862616092287,24.459844759634766
sensor,1986-07-02 22:40,2583,15.366666666666667,24.184892263671845,Core_ZN,4.038461538461539e-09,6.730769230769232e-13,1054.11378563732,,,24.184892263671845,24.078457077002717,24.074901396763437,24.164518641103353,24.437474123934535
sensor,1986-07-02 22:50,2584,15.183333333333334,24.163812055981914,Core_ZN,4.038461538461539e-09,6.730769230769232e-13,1054.1137856373207,,,24.163812055981914,24.050309597096597,24.047363215512483,24.13972520840652,24.41403452173044
sensor,1986-07-02 22:60,2585,15.0,24.142425224678455,Core_ZN,4.038461538461539e-09,6.730769230769232e-13,1054.1137856373214,,,24.142425224678455,24.021648877936933,24.019265950737136,24.114388975280683,24.389515288921576
sensor,1986-07-02 23:10,2586,14.9,24.108357328429268,Core_ZN,4.038461538461539e-09,6.730769230769232e-13,1054.113785637322,,,24.108357328429268,23.98176556529238,23.98039984655747,24.07752505757112,24.354110937325462
sensor,1986-07-02 23:20,2587,14.8,24.084950961358476,Core_ZN,4.038461538461539e-09,6.730769230769232e-13,1054.1137856373227,,,24.084950961358476,23.952972388124824,23.952671300663066,24.051561379778164,24.329163687115493
sensor,1986-07-02 23:30,2588,14.7,24.06507219018082,Core_ZN,4.038461538461539e-09,6.730769230769232e-13,1054.1137856373234,,,24.06507219018082,23.92715872061246,23.92758759580702,24.028563998718322,24.306355596564913
sensor,1986-07-02 23:40,2589,14.600000000000001,24.046464848936697,Core_ZN,4.038461538461539e-09,6.730769230769232e-13,1054.113785637324,,,24.046464848936697,23.9023022433902,23.90326629521368,24.006476782879602,24.283911188482666
sensor,1986-07-02 23:50,2590,14.5,24.028293473353656,Core_ZN,4.038461538461539e-09,6.730769230769232e-13,1054.1137856373248,,,24.028293473353656,23.87774215464777,23.87913407536847,23.98461917407708,24.261313417792536
sensor,1986-07-02 23:60,2591,14.4,24.010233343879285,Core_ZN,4.038461538461539e-09,6.730769230769232e-13,1054.1137856373255,,,24.010233343879285,23.853245029378893,23.854998167597522,23.96274801327522,24.238409129722143
sensor,1986-07-03 00:10,2592,14.133333333333333,23.98466096911585,Core_ZN,4.038461538461539e-09,6.730769230769232e-13,1054.1137856373261,,,23.98466096911585,23.81964137202314,23.821570000596,23.93230544080603,24.205908964189828
sensor,1986-07-03 00:20,2593,13.866666666666667,23.956188392106068,Core_ZN,4.038461538461539e-09,6.730769230769232e-13,1054.1137856373268,,,23.956188392106068,23.783056529217692,23.7853598274194,23.89898943980388,24.17038953072833
sensor,1986-07-03 00:30,2594,13.600000000000001,23.926235795695785,Core_ZN,4.038461538461539e-09,6.730769230769232e-13,1054.1137856373275,,,23.926235795695785,23.74488942814625,23.747663055472444,23.864132389790903,24.133166148883213
sensor,1986-07-03 00:40,2595,13.333333333333334,23.89532261404649,Core_ZN,4.038461538461539e-09,6.730769230769232e-13,1054.1137856373282,,,23.89532261404649,23.705596877627478,23.708879719389994,23.828177044805848,24.094654348908463
sensor,1986-07-03 00:50,2596,13.066666666666666,23.863648199693735,Core_ZN,4.038461538461539e-09,6.730769230769232e-13,1054.1137856373289,,,23.863648199693735,23.66535477965965,23.66915813704431,23.79129394022769,24.05501968021515
sensor,1986-07-03 00:60,2597,12.8,23.831297881856607,Core_ZN,4.038461538461539e-09,6.730769230769232e-13,1054.1137856373296,,,23.831297881856607,23.62424989319816,23.628572849453185,23.753566570669403,24.01435442707008
sensor,1986-07-03 01:10,2598,12.8,23.81035858154153,Core_ZN,4.038461538461539e-09,6.730769230769232e-13,1054.1137856373302,,,23.81035858154153,23.596445332494365,23.60148121796032,23.728167111542728,23.98705590338178
sensor,1986-07-03 01:20,2599,12.8,23.793164343379935,Core_ZN,4.038461538461539e-09,6.730769230769232e-13,1054.113785637331,,,23.793164343379935,23.57216200903345,23.575328646597537,23.70603378092594,23.964818088233173
sensor,1986-07-03 01:30,2600,12.8,23.777497539216874,Core_ZN,4.038461538461539e-09,6.730769230769232e-13,1054.1137856373316,,,23.777497539216874,23.54929431664179,23.5521130366971,23.685170546846326,23.942240188900367
sensor,1986-07-03 01:40,2601,12.8,23.76256053392886,Core_ZN,4.038461538461539e-09,6.730769230769232e-13,1054.1137856373323,,,23.76256053392886,23.527177615970423,23.529795897542407,23.66494324371604,23.91984666675028
sensor,1986-07-03 01:50,2602,12.8,23.74803840740615,Core_ZN,4.038461538461539e-09,6.730769230769232e-13,1054.113785637333,,,23.74803840740615,23.505558208900446,23.508003047165616,23.645112411498495,23.89769426180055
sensor,1986-07-03 01:60,2603,12.8,23.73378399030336,Core_ZN,4.038461538461539e-09,6.730769230769232e-13,1054.1137856373336,,,23.73378399030336,23.484308935122602,23.486583162746694,23.625561302136727,23.875732612011287
sensor,1986-07-03 02:10,2604,12.700000000000001,23.71519625827256,Core_ZN,4.038461538461539e-09,6.730769230769232e-13,1054.1137856373343,,,23.71519625827256,23.45791631887828,23.45993488234882,23.601193639755156,23.848437407196243
sensor,1986-07-03 02:20,2605,12.600000000000001,23.69507759634954,Core_ZN,4.038461538461539e-09,6.730769230769232e-13,1054.113785637335,,,23.69507759634954,23.43021561324186,23.432084750800797,23.575522517086036,23.819877767960183
sensor,1986-07-03 02:30,2606,12.5,23.6742291721069,Core_ZN,4.038461538461539e-09,6.730769230769232e-13,1054.1137856373357,,,23.6742291721069,23.401890191825274,23.403663343405583,23.54921397481545,23.790663319614247
sensor,1986-07-03 02:40,2607,12.4,23.652929231377506,Core_ZN,4.038461538461539e-09,6.730769230769232e-13,1054.1137856373364,,,23.652929231377506,23.37314384799423,23.374844963918814,23.52247100335889,23.760971505808264
sensor,1986-07-03 02:50,2608,12.299999999999999,23.631278618451134,Core_ZN,4.038461538461539e-09,6.730769230769232e-13,1054.113785637337,,,23.631278618451134,23.344044722838063,23.34568271567427,23.495362987894843,23.7308639363754
sensor,1986-07-03 02:60,2609,12.2,23.609317848134832,Core_ZN,4.038461538461539e-09,6.730769230769232e-13,1054.1137856373377,,,23.609317848134832,23.314621515321203,23.31619767965317,23.467919985887693,23.700371756599882
sensor,1986-07-03 03:10,2610,12.116666666666665,23.58774554658239,Core_ZN,4.038461538461539e-09,6.730769230769232e-13,1054.1137856373384,,,23.58774554658239,23.285962583463245,23.287468845711704,23.44115383245541,23.670605445547412
sensor,1986-07-03 03:20,2611,12.033333333333335,23.56614388119104,Core_ZN,4.038461538461539e-09,6.730769230769232e-13,1054.113785637339,,,23.56614388119104,23.25734695408491,23.25874702573319,23.414387904990733,23.640785696562478
sensor,1986-07-03 03:30,2612,11.95,23.544396543598353,Core_ZN,4.038461538461539e-09,6.730769230769232e-13,1054.1137856373398,,,23.544396543598353,23.22862969762526,23.22989906675784,23.387487519014453,23.610793247389985
sensor,1986-07-03 03:40,2613,11.866666666666667,23.52246432841248,Core_ZN,4.038461538461539e-09,6.730769230769232e-13,1054.1137856373405,,,23.52246432841248,23.19976580725079,23.20088477098925,23.360411039964035,23.580596894677182
sensor,1986-07-03 03:50,2614,11.783333333333333,23.500333490421646,Core_ZN,4.038461538461539e-09,6.730769230769232e-13,1054.1137856373412,,,23.500333490421646,23.170737838919354,23.171687239676785,23.33314366926901,23.550188585565774
sensor,1986-07-03 03:60,2615,11.7,23.477998582592754,Core_ZN,4.038461538461539e-09,6.730769230769232e-13,1054.1137856373418,,,23.477998582592754,23.14153572332583,23.14229399740615,23.305678615030065,23.519566208793957
sensor,1986-07-03 04:10,2616,11.783333333333333,23.47429754975325,Core_ZN,4.038461538461539e-09,6.730769230769232e-13,1054.1137856373425,,,23.47429754975325,23.131063421109552,23.131560700323192,23.29650959608547,23.507637665092542
sensor,1986-07-03 04:20,2617,11.866666666666667,23.470740717964688,Core_ZN,4.038461538461539e-09,6.730769230769232e-13,1054.1137856373432,,,23.470740717964688,23.119097282092007,23.11909354664296,23.285615616862998,23.493612464697517
sensor,1986-07-03 04:30,2618,11.95,23.465606963077583,Core_ZN,4.038461538461539e-09,6.730769230769232e-13,1054.1137856373439,,,23.465606963077583,23.116006232540926,23.140295884170573,23.296164040064063,23.48748172129525
sensor,1986-07-03 04:40,2619,12.033333333333333,23.46091034217961,Core_ZN,4.038461538461539e-09,6.730769230769232e-13,1054.1137856373446,,,23.46091034217961,23.115413546167474,23.20637657718159,23.328182350743504,23.483279181464205
sensor,1986-07-03 04:50,2620,12.116666666666665,23.458071783759113,Core_ZN,4.038461538461539e-09,6.730769230769232e-13,1054.1137856373452,,,23.458071783759113,23.117667267662352,23.291857268245664,23.367745015904468,23.479080983672915
sensor,1986-07-03 04:60,2621,12.2,23.457677987578343,Core_ZN,4.038461538461539e-09,6.730769230769232e-13,1054.113785637346,,,23.457677987578343,23.124734476532264,23.409548245658854,23.419627234236884,23.480947529892305
sensor,1986-07-03 05:13,2622,12.483333333333333,23.913264039462177,Core_ZN,2585.371361175833,0.4308952268626388,1054.5446808642087,,,23.913264039462177,23.575541968394667,23.932156138126693,23.87508359652163,23.942152783298702
sensor,1986-07-03 05:25,2623,12.766666666666667,23.988558770980966,Core_ZN,2663.689143113785,0.44394819051896417,1054.9886290547277,,,23.988558770980966,23.956722934172255,23.985411076441608,23.98295941796607,23.98756898485469
sensor,1986-07-03 05:35,2624,13.05,23.998628339261185,Core_ZN,2718.498401554192,0.45308306692569866,1055.4417121216534,,,23.998628339261185,23.995045471340607,23.997222886018157,23.997789736401312,23.997699373856584
sensor,1986-07-03 05:45,2625,13.333333333333332,23.99982777721855,Core_ZN,2753.3454144004813,0.45889090240008024,1055.9006030240535,,,23.99982777721855,23.999408525688054,23.9994754272726,23.999704968048473,23.999576035974115
sensor,1986-07-03 05:53,2626,13.616666666666667,23.99998186803404,Core_ZN,2790.9231011253696,0.4651538501875616,1056.365756874241,,,23.99998186803404,23.99996979125143,23.999939392180227,23.999975917500816,23.999962674463383
sensor,1986-07-03 05:63,2627,13.9,23.999990958777836,Core_ZN,2824.586200912444,0.4707643668187407,1056.8365212410597,,,23.999990958777836,24.000000334419624,23.99998094259196,23.999992649354798,23.99999690772176
sensor,1986-07-03 06:13,2628,14.266666666666667,23.948204470061697,Core_ZN,2334.0848579238127,0.3890141429873021,1057.225535384047,,,23.948204470061697,23.85625465757237,23.999973676215923,23.9967039578287,24.000129696189816
sensor,1986-07-03 06:23,2629,14.633333333333335,23.944670157976837,Core_ZN,2377.2968342760773,0.3962161390460129,1057.6217515230928,,,23.944670157976837,23.774222194702286,23.999965998770424,24.005199385037844,24.000179147497732
sensor,1986-07-03 06:33,2630,15.0,23.983541008462588,Core_ZN,2416.898291423073,0.4028163819038455,1058.0245679049967,,,23.983541008462588,23.785761723845344,23.99996055451307,24.000243087162556,24.000172499696284
sensor,1986-07-03 06:43,2631,15.366666666666667,23.99945773852294,Core_ZN,2471.856657581653,0.41197610959694214,1058.4365440145937,,,23.99945773852294,23.8441964476014,23.999960494079065,24.00007058067452,24.000199215929086
sensor,1986-07-03 06:53,2632,15.733333333333334,24.00003843736826,Core_ZN,2518.569876138163,0.4197616460230272,1058.8563056606167,,,24.00003843736826,23.92366117459155,23.99995642498925,24.000079769786453,24.000225416337976
sensor,1986-07-03 06:63,2633,16.1,24.000081898355706,Core_ZN,2580.918937144847,0.43015315619080785,1059.2864588168075,,,24.000081898355706,23.995990593026864,23.99995295348825,24.00009656430767,24.00000089043492
sensor,1986-07-03 07:13,2634,16.283333333333335,23.999842763459558,Core_ZN,3321.7939794251497,0.5536323299041916,1059.8400911467118,,,23.999842763459558,23.999736833228322,23.999825022038646,23.999887942615963,23.99991952063343
sensor,1986-07-03 07:22,2635,16.46666666666667,23.99984651741078,Core_ZN,3444.0309991644754,0.5740051665274125,1060.4140963132393,,,23.99984651741078,23.99988844616299,23.99983014741846,23.99989137648627,23.99992513544383
sensor,1986-07-03 07:32,2636,16.65,23.999818716236874,Core_ZN,3538.294831656765,0.5897158052761274,1061.0038121185155,,,23.999818716236874,23.99986992300417,23.999795853961153,23.999869810921176,23.999910428621245
sensor,1986-07-03 07:42,2637,16.833333333333332,23.999800998248823,Core_ZN,3617.877862801617,0.6029796438002695,1061.6067917623159,,,23.999800998248823,23.99985444358788,23.999776838757878,23.999855635481868,23.99990164410926
sensor,1986-07-03 07:52,2638,17.016666666666666,23.99978570066043,Core_ZN,3688.5546223814945,0.6147591037302491,1062.221550866046,,,23.99978570066043,23.999840856860317,23.99976219718162,23.99984352346187,23.999894392747635
sensor,1986-07-03 07:62,2639,17.2,23.99977237639709,Core_ZN,3752.244188397136,0.6253740313995226,1062.8469248974457,,,23.99977237639709,23.999828871933527,23.999750756296013,23.999833107742063,23.999887765685568
sensor,1986-07-03 08:12,2640,17.383333333333333,23.999766480663652,Core_ZN,3812.413180814646,0.6354021968024409,1063.4823270942481,,,23.999766480663652,23.999823517422065,23.99974672594801,23.999827884558666,23.999884185115285
sensor,1986-07-03 08:22,2641,17.566666666666666,23.999759320168568,Core_ZN,3868.248324142479,0.6447080540237464,1064.127035148272,,,23.999759320168568,23.999818311762105,23.999743819524603,23.99982315816917,23.999880868766834
sensor,1986-07-03 08:32,2642,17.75,23.999753698059262,Core_ZN,3919.7776355654687,0.6532962725942447,1064.780331420866,,,23.999753698059262,23.99981372058661,23.999742086598395,23.99981899897523,23.999877912013325
sensor,1986-07-03 08:42,2643,17.933333333333334,23.999748979300318,Core_ZN,3966.143393488657,0.6610238989147761,1065.4413553197808,,,23.999748979300318,23.999809638041516,23.999742530467007,23.99981558315477,23.999875436541064
sensor,1986-07-03 08:52,2644,18.116666666666667,23.999744908828106,Core_ZN,4005.0706512080305,0.6675117752013384,1066.108867094982,,,23.999744908828106,23.99980638817896,23.999746874227306,23.999812967011344,23.99987323458356
sensor,1986-07-03 08:62,2645,18.3,23.999741400958165,Core_ZN,4039.3321654710253,0.6732220275785041,1066.7820891225606,,,23.999741400958165,23.999803625097186,23.99975321306527,23.999810608809895,23.999871449293828
sensor,1986-07-03 09:12,2646,18.583333333333336,23.99973847166153,Core_ZN,4083.7877630249986,0.6806312938374998,1067.462720416398,,,23.99973847166153,23.999800602175164,23.999761753638772,23.999808757464287,23.999869807426574
sensor,1986-07-03 09:22,2647,18.866666666666667,23.99973522938568,Core_ZN,4126.7659884612085,0.6877943314102014,1068.1505147478083,,,23.99973522938568,23.999797204608694,23.999770180118,23.99980678878653,23.999868069463382
sensor,1986-07-03 09:32,2648,19.15,23.999673252065897,Core_ZN,4167.974787832438,0.6946624646387396,1068.845177212447,,,23.999673252065897,23.999746596088443,23.999740114188505,23.999761339171933,23.99983653110042
sensor,1986-07-03 09:42,2649,19.433333333333334,23.999670081293644,Core_ZN,4206.665316686771,0.7011108861144618,1069.5462880985615,,,23.999670081293644,23.999744890036066,23.99974260762656,23.999760283072252,23.999835923480525
sensor,1986-07-03 09:53,2650,19.71666666666667,23.999667267508457,Core_ZN,4243.68413034202,0.7072806883903366,1070.2535687869517,,,23.999667267508457,23.999740691964323,23.99975271694918,23.999758006276785,23.999833968830927
sensor,1986-07-03 09:62,2651,20.0,23.99966460402831,Core_ZN,4281.48744341954,0.7135812405699232,1070.9671500275217,,,23.99966460402831,23.99973421977279,23.999763199506226,23.99975563797782,23.999831935100076
sensor,1986-07-03 10:12,2652,20.46666666666667,23.999645018136032,Core_ZN,4338.9049288157,0.7231508214692833,1071.690300848991,,,23.999645018136032,23.99970898593795,23.99976178841821,23.999737029453794,23.999820706371246
sensor,1986-07-03 10:23,2653,20.933333333333337,23.999621511294364,Core_ZN,4395.8077007573875,0.7326346167928979,1072.422935465784,,,23.999621511294364,23.999685421919825,23.999763207754746,23.999720307152792,23.999810886590105
sensor,1986-07-03 10:32,2654,21.4,23.999602888468612,Core_ZN,4449.946245411049,0.741657707568508,1073.1645931733524,,,23.999602888468612,23.999663094994514,23.999765873476896,23.99970474718738,23.999801765347847
sensor,1986-07-03 10:42,2655,21.866666666666667,23.99958657904994,Core_ZN,4501.540923659221,0.7502568206098702,1073.9148499939622,,,23.99958657904994,23.999642480896114,23.999769223997998,23.999690380217718,23.999793376382907
sensor,1986-07-03 10:53,2656,22.333333333333332,23.999571617935434,Core_ZN,4551.611064123984,0.7586018440206639,1074.6734518379828,,,23.999571617935434,23.999623257174832,23.999772477722903,23.99967686578612,23.999785522386343
sensor,1986-07-03 10:62,2657,22.8,23.999557710254138,Core_ZN,4608.999088681445,0.7681665147802408,1075.441618352763,,,23.999557710254138,23.999605280334592,23.999963216164936,23.999663980884236,23.999778098197922
sensor,1986-07-03 11:13,2658,22.883333333333333,23.99956074071592,Core_ZN,4401.208043660014,0.7335346739433356,1076.1751530267063,,,23.99956074071592,23.99959632158189,23.999983374711228,23.999666069909832,23.99977648500881
sensor,1986-07-03 11:23,2659,22.96666666666667,23.999628982249256,Core_ZN,4407.415983119658,0.7345693305199431,1076.9097223572262,,,23.999628982249256,23.999695833848314,24.00001261724745,23.9997516174249,23.999843246336564
sensor,1986-07-03 11:33,2660,23.05,23.999654460986008,Core_ZN,4420.351734925572,0.7367252891542619,1077.6464476463805,,,23.999654460986008,23.99973104370787,24.000002572873672,23.999782182738855,23.999861209986385
sensor,1986-07-03 11:43,2661,23.133333333333333,23.99967451232753,Core_ZN,4435.352985794711,0.7392254976324517,1078.385673144013,,,23.99967451232753,23.999758595897013,23.99999757837456,23.999805352280376,23.99987275248088
sensor,1986-07-03 11:53,2662,23.21666666666667,23.999690948138294,Core_ZN,4452.827117799808,0.7421378529666345,1079.1278109969796,,,23.999690948138294,23.999781693958766,24.00000020767805,23.99982448353617,23.99988193699166
sensor,1986-07-03 11:65,2663,23.3,23.999594875802774,Core_ZN,4472.5870663709875,0.7454311777284979,1079.8732421747081,,,23.999594875802774,23.9997223253795,24.00001356084128,23.999776549950276,23.999845457245286
sensor,1986-07-03 12:15,2664,23.483333333333334,23.999446581637336,Core_ZN,4735.727664159932,0.7892879440266554,1080.6625301187348,,,23.999446581637336,23.999615918078014,23.999940256912424,23.99967914657097,23.99975686687057
sensor,1986-07-03 12:25,2665,23.666666666666668,23.999430882026534,Core_ZN,4792.808780252651,0.7988014633754418,1081.4613315821102,,,23.999430882026534,23.999595419130884,23.999971878597584,23.999661861572612,23.99973963447606
sensor,1986-07-03 12:30,2666,23.85,23.999152766829386,Core_ZN,4841.509327260504,0.8069182212100838,1082.2682498033203,,,23.999152766829386,23.99943019922739,24.000037303121946,23.999516617029034,23.999639550360754
sensor,1986-07-03 12:40,2667,24.03333333333333,23.999038659823356,Core_ZN,4896.129396280617,0.8160215660467693,1083.0842713693671,,,23.999038659823356,23.99933397252975,24.000049411144968,23.999426221829584,23.999559943148064
sensor,1986-07-03 12:50,2668,24.216666666666665,23.999011027361203,Core_ZN,4951.69979258375,0.8252832987639583,1083.909554668131,,,23.999011027361203,23.999310290890236,23.999674890906423,23.999402245916993,23.999531439691108
sensor,1986-07-03 12:60,2669,24.4,23.999001240257712,Core_ZN,5007.9861072754575,0.8346643512125762,1084.7442190193435,,,23.999001240257712,23.999302052068636,23.99955325944416,23.999392469663388,23.999518713873968
sensor,1986-07-03 13:10,2670,24.216666666666665,23.999013058151675,Core_ZN,5010.764411519865,0.8351274019199774,1085.5793464212636,,,23.999013058151675,23.999314954069305,23.999525916566768,23.999402907773685,23.999519218315857
sensor,1986-07-03 13:25,2671,24.033333333333335,23.99939439819277,Core_ZN,5019.009054987534,0.836501509164589,1086.4158479304283,,,23.99939439819277,23.999548083621427,23.999709468551874,23.99961517060546,23.999690979022613
sensor,1986-07-03 13:35,2672,23.85,23.999390982720584,Core_ZN,5020.952639396687,0.8368254398994478,1087.2526733703278,,,23.999390982720584,23.99949720843984,23.999672883555508,23.99956574040295,23.999649111902134
sensor,1986-07-03 13:45,2673,23.666666666666668,23.999380458759646,Core_ZN,5016.246778103229,0.8360411296838716,1088.0887145000117,,,23.999380458759646,23.99947910366761,23.999659967042188,23.99954501710539,23.99961960990976
sensor,1986-07-03 13:55,2674,23.483333333333334,23.99937052030081,Core_ZN,5006.720515179757,0.8344534191966262,1088.9231679192085,,,23.99937052030081,23.99946976550327,23.99965245732225,23.999531100198386,23.999590802591904
sensor,1986-07-03 13:63,2675,23.3,23.999533085154653,Core_ZN,4998.008030961759,0.8330013384936265,1089.7561692577021,,,23.999533085154653,23.999609111541652,23.99974120768664,23.99965077125014,23.999659809817818
sensor,1986-07-03 14:13,2676,23.400000000000002,23.99954692480383,Core_ZN,5039.542181976117,0.8399236969960194,1090.5960929546982,,,23.99954692480383,23.999617423258695,23.999743872714667,23.99965607166419,23.99965450082191
sensor,1986-07-03 14:25,2677,23.5,23.999399408674073,Core_ZN,5082.185649873215,0.8470309416455357,1091.4431238963436,,,23.999399408674073,23.9995166213477,23.99968583201445,23.999560878949005,23.999523152966105
sensor,1986-07-03 14:35,2678,23.6,23.999386118752206,Core_ZN,5126.00467146295,0.8543341119104917,1092.2974580082541,,,23.999386118752206,23.999494416357038,23.999660477268613,23.999539057632397,23.999494718279973
sensor,1986-07-03 14:45,2679,23.7,23.999387571407105,Core_ZN,5171.608638394699,0.8619347730657831,1093.1593927813199,,,23.999387571407105,23.999495237449267,23.999656767432285,23.999537747006045,23.99947337676472
sensor,1986-07-03 14:53,2680,23.8,23.999568868480903,Core_ZN,5218.739985213375,0.8697899975355625,1094.0291827788553,,,23.999568868480903,23.999649456069356,23.999762619094042,23.999677710777767,23.99958168765432
sensor,1986-07-03 14:63,2681,23.9,23.999564517555843,Core_ZN,5266.366916295601,0.8777278193826001,1094.906910598238,,,23.999564517555843,23.999637538058224,23.999751344979927,23.99966684314138,23.999575104005025
sensor,1986-07-03 15:13,2682,23.900000000000002,23.99955416622884,Core_ZN,5293.676704427792,0.8822794507379653,1095.789190048976,,,23.99955416622884,23.999624494921907,23.999744000475605,23.99965476399204,23.999555007909308
sensor,1986-07-03 15:23,2683,23.9,23.999532052237164,Core_ZN,5313.263652224206,0.8855439420373676,1096.6747339910135,,,23.999532052237164,23.999615241158136,23.999739618091617,23.999646076280868,23.99954541490004
sensor,1986-07-03 15:33,2684,23.9,23.99951862417132,Core_ZN,5331.634377809983,0.8886057296349971,1097.5633397206484,,,23.99951862417132,23.999606784457487,23.999735900063527,23.999638311586313,23.999536766535208
sensor,1986-07-03 15:43,2685,23.9,23.999508566749448,Core_ZN,5347.358431961293,0.8912264053268821,1098.4545661259754,,,23.999508566749448,23.999600764264322,23.999733449494848,23.999632674008478,23.99952798314012
sensor,1986-07-03 15:53,2686,23.9,23.99950000254445,Core_ZN,5360.701058657408,0.8934501764429013,1099.3480163024183,,,23.99950000254445,23.999596054616802,23.999731752582633,23.999628262313763,23.999520786456443
sensor,1986-07-03 15:63,2687,23.9,23.99949262600792,Core_ZN,5372.271840863203,0.895378640143867,1100.2433949425622,,,23.99949262600792,23.999592236314154,23.99973060974639,23.999624745048017,23.99951491863044
sensor,1986-07-03 16:13,2688,23.900000000000002,23.999767961698808,Core_ZN,4717.97959791651,0.7863299329860849,1101.0297248755483,,,23.999767961698808,23.99981942674501,23.999879983566753,23.999837786670952,23.999740082352236
sensor,1986-07-03 16:23,2689,23.9,23.99981623950497,Core_ZN,4647.553068131199,0.7745921780218665,1101.8043170535702,,,23.99981623950497,23.999858303836625,23.999907993018248,23.999873132732613,23.999790396232374
sensor,1986-07-03 16:33,2690,23.9,23.99983624720921,Core_ZN,4611.382009328143,0.768563668221357,1102.5728807217915,,,23.99983624720921,23.999876642865438,23.999918943078452,23.999889520900897,23.999810702977825
sensor,1986-07-03 16:43,2691,23.9,23.9998495607247,Core_ZN,4577.570790801413,0.7629284651335687,1103.3358091869252,,,23.9998495607247,23.9998904648335,23.999926631405533,23.99990173175223,23.999828627956596
sensor,1986-07-03 16:53,2692,23.9,23.999859729561827,Core_ZN,4547.768292033046,0.7579613820055077,1104.0937705689307,,,23.999859729561827,23.99990134665731,23.99993256127548,23.999911245256666,23.999843331389517
sensor,1986-07-03 16:63,2693,23.9,23.99986763669444,Core_ZN,4524.167260979476,0.7540278768299126,1104.8477984457606,,,23.99986763669444,23.99991007910657,23.9999372412385,23.99991714605447,23.99985555080628
sensor,1986-07-03 17:13,2694,23.983333333333334,23.999918807118355,Core_ZN,4305.471372525774,0.717578562087629,1105.5653770078484,,,23.999918807118355,23.999954145086377,23.999967242806328,23.9999558071031,23.999915104726863
sensor,1986-07-03 17:23,2695,24.066666666666666,23.99993055225708,Core_ZN,4269.853012323133,0.7116421687205221,1106.277019176569,,,23.99993055225708,23.99996539665387,23.99997457063114,23.99996401605481,23.999934657649995
sensor,1986-07-03 17:33,2696,24.15,23.999936771664654,Core_ZN,4248.815031173397,0.7081358385288994,1106.985155015098,,,23.999936771664654,23.999971759836225,23.999978033796005,23.999967947661382,23.999945126345708
sensor,1986-07-03 17:43,2697,24.233333333333334,23.99994109947922,Core_ZN,4230.888950444655,0.7051481584074424,1107.6903031735053,,,23.99994109947922,23.99997654085424,23.99998050691112,23.999970917549796,23.99995371825197
sensor,1986-07-03 17:53,2698,24.316666666666663,23.999944441757933,Core_ZN,4214.796150761903,0.7024660251269839,1108.3927691986323,,,23.999944441757933,23.999980283059465,23.99998239624982,23.99997349535966,23.99996069786828
sensor,1986-07-03 17:63,2699,24.4,23.999947111023033,Core_ZN,4198.241704212525,0.6997069507020874,1109.0924761493345,,,23.999947111023033,23.999983244750318,23.999983861694936,23.99997630832077,23.99996635729413
sensor,1986-07-03 18:13,2700,24.216666666666665,23.999948625270736,Core_ZN,4131.320304233693,0.6885533840389488,1109.7810295333734,,,23.999948625270736,23.99998445808795,23.99998425510416,23.999978457712015,23.99997111145579
sensor,1986-07-03 18:23,2701,24.033333333333335,23.9999534234224,Core_ZN,4070.4080514442267,0.678401341907371,1110.4594308752808,,,23.9999534234224,23.99998535926746,23.999984568111966,23.99997996340572,23.999973989506948
sensor,1986-07-03 18:33,2702,23.85,23.999955733764683,Core_ZN,4011.9530039515057,0.6686588339919176,1111.1280897092727,,,23.999955733764683,23.999986041586865,23.99998479436809,23.999981415611323,23.99997642698251
sensor,1986-07-03 18:43,2703,23.666666666666668,23.999957288138326,Core_ZN,3958.5456746612103,0.659757612443535,1111.7878473217163,,,23.999957288138326,23.99998654371212,23.999984939320775,23.99998241985093,23.999977849931966
sensor,1986-07-03 18:53,2704,23.483333333333334,23.999958541757252,Core_ZN,3907.0073868452364,0.6511678978075394,1112.4390152195238,,,23.999958541757252,23.999987036542045,23.999985119906057,23.999983233439202,23.9999790141268
sensor,1986-07-03 18:63,2705,23.3,23.99995958213098,Core_ZN,3853.365988653118,0.6422276647755196,1113.0812428842992,,,23.99995958213098,23.999987469630327,23.999985308995395,23.9999842913891,23.999980693278346
sensor,1986-07-03 19:13,2706,23.116666666666667,23.999968908707572,Core_ZN,3748.503299942716,0.6247505499904527,1113.7059934342897,,,23.999968908707572,23.999994839592297,23.99999066148081,23.99999324116645,23.999990747040986
sensor,1986-07-03 19:23,2707,22.933333333333334,23.999971283331455,Core_ZN,3683.171182304012,0.6138618637173352,1114.319855298007,,,23.999971283331455,23.999997604652474,23.999992178015813,23.999996620405085,23.99999421453225
sensor,1986-07-03 19:33,2708,22.75,23.99997329122162,Core_ZN,3612.318656361786,0.602053109393631,1114.9219084074007,,,23.99997329122162,23.999999557766937,23.999993097005913,23.999999806039654,23.999996834565763
sensor,1986-07-03 19:43,2709,22.566666666666666,23.999975050135006,Core_ZN,3559.6586503050075,0.5932764417175012,1115.5151848491182,,,23.999975050135006,24.000000663399,23.99999360416189,24.000001109437704,23.999997346775046
sensor,1986-07-03 19:53,2710,22.383333333333333,23.999976425387928,Core_ZN,3514.8616035001996,0.5858102672500333,1116.1009951163683,,,23.999976425387928,24.00000136120001,23.999993968041604,24.000001767621335,23.999997275244894
sensor,1986-07-03 19:65,2711,22.2,23.999976886813947,Core_ZN,3473.76878013649,0.5789614633560816,1116.6799565797244,,,23.999976886813947,24.000012248198743,24.000000759115835,24.000013191516505,24.0000159472694
sensor,1986-07-03 20:15,2712,22.016666666666666,23.999966816636764,Core_ZN,3436.526916526758,0.572754486087793,1117.2527110658123,,,23.999966816636764,24.00000024669891,23.99999209264316,24.000000742623463,23.999995218778608
sensor,1986-07-03 20:25,2713,21.833333333333336,23.999972239269116,Core_ZN,3400.3128577943003,0.5667188096323834,1117.8194298754447,,,23.999972239269116,23.999998003930862,23.999990325951686,23.99999837726221,23.99999094025911
sensor,1986-07-03 20:35,2714,21.65,23.999973496560813,Core_ZN,3367.0173208875585,0.5611695534812597,1118.380599428926,,,23.999973496560813,23.999997041110277,23.999989865683588,23.999997357310285,23.99998963402205
sensor,1986-07-03 20:45,2715,21.46666666666667,23.999973897395243,Core_ZN,3335.2115066706633,0.5558685844451106,1118.936468013371,,,23.999973897395243,23.999996313434146,23.999989666137438,23.99999657339484,23.999988888376002
sensor,1986-07-03 20:55,2716,21.283333333333335,23.999974213981695,Core_ZN,3304.465441666944,0.550744240277824,1119.487212253649,,,23.999974213981695,23.999995700470926,23.999989544135275,23.999995895701257,23.999988304222413
sensor,1986-07-03 20:65,2717,21.1,23.999974465712572,Core_ZN,3274.532752635388,0.5457554587725646,1120.0329677124216,,,23.999974465712572,23.999995181465966,23.99998946555001,23.999995304168216,23.999987810448165
sensor,1986-07-03 21:13,2718,21.01666666666667,24.314199562340836,Core_ZN,4.038461538461539e-09,6.730769230769232e-13,1120.0329677124223,,,24.314199562340836,24.342596018420416,24.452559293279293,24.344555065564144,24.54957857509098
sensor,1986-07-03 21:20,2719,20.933333333333337,24.603222639460515,Core_ZN,4.038461538461539e-09,6.730769230769232e-13,1120.032967712423,,,24.603222639460515,24.621022609849454,24.794511467083552,24.628484009522698,24.962550024547056
sensor,1986-07-03 21:30,2720,20.85,24.70040726408294,Core_ZN,4.038461538461539e-09,6.730769230769232e-13,1120.0329677124237,,,24.70040726408294,24.695100758050184,24.87850484675703,24.707078052574087,25.05962720103108
sensor,1986-07-03 21:40,2721,20.76666666666667,24.75257045243967,Core_ZN,4.038461538461539e-09,6.730769230769232e-13,1120.0329677124244,,,24.75257045243967,24.735387697325326,24.92239108908544,24.75050374225971,25.109778480952865
sensor,1986-07-03 21:50,2722,20.683333333333334,24.78080597997283,Core_ZN,4.038461538461539e-09,6.730769230769232e-13,1120.032967712425,,,24.78080597997283,24.75612626805479,24.947362608657855,24.773261941391358,25.140991415893673
sensor,1986-07-03 21:60,2723,20.6,24.796888917433158,Core_ZN,4.038461538461539e-09,6.730769230769232e-13,1120.0329677124257,,,24.796888917433158,24.766680837332995,24.962033561616852,24.785378350902654,25.162512323525007
sensor,1986-07-03 22:10,2724,20.5,24.794490878786448,Core_ZN,4.038461538461539e-09,6.730769230769232e-13,1120.0329677124264,,,24.794490878786448,24.759814863274627,24.959319016699574,24.780106548156116,25.166655205224988
sensor,1986-07-03 22:20,2725,20.400000000000002,24.79103909822692,Core_ZN,4.038461538461539e-09,6.730769230769232e-13,1120.032967712427,,,24.79103909822692,24.75213908912213,24.955711453510528,24.7741628747999,25.16906668945465
sensor,1986-07-03 22:30,2726,20.3,24.787187561006558,Core_ZN,4.038461538461539e-09,6.730769230769232e-13,1120.0329677124278,,,24.787187561006558,24.743972526161198,24.951074633952803,24.767873278222687,25.16972077136663
sensor,1986-07-03 22:40,2727,20.2,24.782594210497958,Core_ZN,4.038461538461539e-09,6.730769230769232e-13,1120.0329677124284,,,24.782594210497958,24.734870670228656,24.944968732670155,24.760789436530462,25.168325514137788
sensor,1986-07-03 22:50,2728,20.1,24.77715122786564,Core_ZN,4.038461538461539e-09,6.730769230769232e-13,1120.0329677124291,,,24.77715122786564,24.72481017600453,24.937332567789777,24.752747551979983,25.16491664272196
sensor,1986-07-03 22:60,2729,20.0,24.77081477813323,Core_ZN,4.038461538461539e-09,6.730769230769232e-13,1120.0329677124298,,,24.77081477813323,24.71374904932074,24.92827906052485,24.74374925566056,25.159636542893924
sensor,1986-07-03 23:10,2730,19.900000000000002,24.67295990889653,Core_ZN,4.038461538461539e-09,6.730769230769232e-13,1120.0329677124305,,,24.67295990889653,24.61370199441051,24.832073526627056,24.646041078129514,25.068564220562912
sensor,1986-07-03 23:20,2731,19.8,24.610785969150005,Core_ZN,4.038461538461539e-09,6.730769230769232e-13,1120.0329677124312,,,24.610785969150005,24.558366901594482,24.782025356665763,24.590057513703343,25.027718130797567
sensor,1986-07-03 23:30,2732,19.7,24.57081211262138,Core_ZN,4.038461538461539e-09,6.730769230769232e-13,1120.0329677124319,,,24.57081211262138,24.525341096317078,24.75105820533154,24.5569954051763,25.00249678701352
sensor,1986-07-03 23:40,2733,19.6,24.543128894804873,Core_ZN,4.038461538461539e-09,6.730769230769232e-13,1120.0329677124325,,,24.543128894804873,24.501028906153902,24.727626791918137,24.533314546974015,24.982470718508022
sensor,1986-07-03 23:50,2734,19.5,24.521321348012076,Core_ZN,4.038461538461539e-09,6.730769230769232e-13,1120.0329677124332,,,24.521321348012076,24.480205522845427,24.70700331930389,24.51345861100776,24.964105951491355
sensor,1986-07-03 23:60,2735,19.4,24.502319802284813,Core_ZN,4.038461538461539e-09,6.730769230769232e-13,1120.032967712434,,,24.502319802284813,24.460834446455333,24.68742386898286,24.495191007489453,24.946159068639542
sensor,1986-07-04 00:10,2736,19.133333333333333,24.476933417578632,Core_ZN,4.038461538461539e-09,6.730769230769232e-13,1120.0329677124346,,,24.476933417578632,24.434618858865505,24.66030284929413,24.47039674823187,24.92022589007498
sensor,1986-07-04 00:20,2737,18.866666666666667,24.448891458400695,Core_ZN,4.038461538461539e-09,6.730769230769232e-13,1120.0329677124353,,,24.448891458400695,24.405879555541706,24.63051112201739,24.443113647425033,24.89113374141677
sensor,1986-07-04 00:30,2738,18.6,24.419654164254172,Core_ZN,4.038461538461539e-09,6.730769230769232e-13,1120.032967712436,,,24.419654164254172,24.375975130246808,24.59950581933706,24.41466184437689,24.86023566869396
sensor,1986-07-04 00:40,2739,18.333333333333336,24.3898199682147,Core_ZN,4.038461538461539e-09,6.730769230769232e-13,1120.0329677124366,,,24.3898199682147,24.34538704321431,24.56777954825245,24.385519533698556,24.828194009181665
sensor,1986-07-04 00:50,2740,18.066666666666666,24.35961702460103,Core_ZN,4.038461538461539e-09,6.730769230769232e-13,1120.0329677124373,,,24.35961702460103,24.314294041398743,24.53550548154736,24.355864128754302,24.795501816134507
sensor,1986-07-04 00:60,2741,17.8,24.329121265592516,Core_ZN,4.038461538461539e-09,6.730769230769232e-13,1120.032967712438,,,24.329121265592516,24.28276888349652,24.50275118697313,24.325763629910682,24.76233048822698
sensor,1986-07-04 01:10,2742,17.7,24.305898938882827,Core_ZN,4.038461538461539e-09,6.730769230769232e-13,1120.0329677124387,,,24.305898938882827,24.255610729836985,24.474934910293133,24.30035816391815,24.73409004322564
sensor,1986-07-04 01:20,2743,17.6,24.285333311690284,Core_ZN,4.038461538461539e-09,6.730769230769232e-13,1120.0329677124394,,,24.285333311690284,24.22964769823498,24.448327252619265,24.276300573944997,24.707040599495542
sensor,1986-07-04 01:30,2744,17.5,24.265799897704998,Core_ZN,4.038461538461539e-09,6.730769230769232e-13,1120.03296771244,,,24.265799897704998,24.203961611921173,24.42195707883878,24.25259186661049,24.680167119265516
sensor,1986-07-04 01:40,2745,17.4,24.246648988807724,Core_ZN,4.038461538461539e-09,6.730769230769232e-13,1120.0329677124407,,,24.246648988807724,24.178235200518277,24.395513115912454,24.22888057960815,24.653140338520863
sensor,1986-07-04 01:50,2746,17.3,24.227608810324195,Core_ZN,4.038461538461539e-09,6.730769230769232e-13,1120.0329677124414,,,24.227608810324195,24.15235595221125,24.36889269974095,24.205038209225055,24.62585485472738
sensor,1986-07-04 01:60,2747,17.2,24.20855598439932,Core_ZN,4.038461538461539e-09,6.730769230769232e-13,1120.032967712442,,,24.20855598439932,24.12628077990307,24.342058775362162,24.18101343660138,24.598277359208392
sensor,1986-07-04 02:10,2748,17.116666666666667,24.19027418235366,Core_ZN,4.038461538461539e-09,6.730769230769232e-13,1120.0329677124428,,,24.19027418235366,24.10034637191539,24.316048300368397,24.157154642244254,24.570870895601146
sensor,1986-07-04 02:20,2749,17.03333333333333,24.172209097333038,Core_ZN,4.038461538461539e-09,6.730769230769232e-13,1120.0329677124435,,,24.172209097333038,24.074305326661484,24.289602375410087,24.13320140798433,24.54330576112141
sensor,1986-07-04 02:30,2750,16.95,24.154162454072573,Core_ZN,4.038461538461539e-09,6.730769230769232e-13,1120.0329677124441,,,24.154162454072573,24.048088250033256,24.262892683438988,24.10907597377103,24.515502704916432
sensor,1986-07-04 02:40,2751,16.866666666666667,24.136049145171384,Core_ZN,4.038461538461539e-09,6.730769230769232e-13,1120.0329677124448,,,24.136049145171384,24.021670089194238,24.23594775681252,24.0847489802704,24.48743910787298
sensor,1986-07-04 02:50,2752,16.78333333333333,24.11782906271586,Core_ZN,4.038461538461539e-09,6.730769230769232e-13,1120.0329677124455,,,24.11782906271586,23.995042694067926,24.20877242862715,24.06020967862373,24.459111554550024
sensor,1986-07-04 02:60,2753,16.7,24.099480949850378,Core_ZN,4.038461538461539e-09,6.730769230769232e-13,1120.0329677124462,,,24.099480949850378,23.968203970895626,24.181368310261544,24.035454246313968,24.430522679986762
sensor,1986-07-04 03:10,2754,16.78333333333333,24.088397799432574,Core_ZN,4.038461538461539e-09,6.730769230769232e-13,1120.0329677124469,,,24.088397799432574,23.953446281650514,24.165894912846376,24.021624980487683,24.41374843293084
sensor,1986-07-04 03:20,2755,16.866666666666667,24.080088892584538,Core_ZN,4.038461538461539e-09,6.730769230769232e-13,1120.0329677124475,,,24.080088892584538,23.942841960564405,24.1541212576433,24.01155879809667,24.400645894544354
sensor,1986-07-04 03:30,2756,16.95,24.073337307610107,Core_ZN,4.038461538461539e-09,6.730769230769232e-13,1120.0329677124482,,,24.073337307610107,23.93442846885273,24.144329504945492,24.003482599679145,24.3894976042862
sensor,1986-07-04 03:40,2757,17.03333333333333,24.067214068165686,Core_ZN,4.038461538461539e-09,6.730769230769232e-13,1120.032967712449,,,24.067214068165686,23.927105551301356,24.13547960050018,23.996359980653494,24.379225893471546
sensor,1986-07-04 03:50,2758,17.116666666666667,24.061613499999712,Core_ZN,4.038461538461539e-09,6.730769230769232e-13,1120.0329677124496,,,24.061613499999712,23.920679619743968,24.127459738740566,23.990023012368823,24.369733489571452
sensor,1986-07-04 03:60,2759,17.2,24.056493538374554,Core_ZN,4.038461538461539e-09,6.730769230769232e-13,1120.0329677124503,,,24.056493538374554,23.91506184965078,24.118659684987016,23.984398053604007,24.360973625259614
sensor,1986-07-04 04:10,2760,17.3,24.05251902317881,Core_ZN,4.038461538461539e-09,6.730769230769232e-13,1120.032967712451,,,24.05251902317881,23.90709799553072,24.10882662211353,23.97673634560015,24.350329210970603
sensor,1986-07-04 04:20,2761,17.4,24.05055745798381,Core_ZN,4.038461538461539e-09,6.730769230769232e-13,1120.0329677124516,,,24.05055745798381,23.89843081058195,24.098838705165257,23.968477475343608,24.339258532356286
sensor,1986-07-04 04:30,2762,17.5,24.048452186634474,Core_ZN,4.038461538461539e-09,6.730769230769232e-13,1120.0329677124523,,,24.048452186634474,23.897520929603868,24.131478242190433,23.986564248529742,24.335098272496523
sensor,1986-07-04 04:40,2763,17.6,24.04773379459234,Core_ZN,4.038461538461539e-09,6.730769230769232e-13,1120.032967712453,,,24.04773379459234,23.90042467641991,24.206235932421045,24.02690168602579,24.334134765949873
sensor,1986-07-04 04:50,2764,17.7,24.049603627462226,Core_ZN,4.038461538461539e-09,6.730769230769232e-13,1120.0329677124537,,,24.049603627462226,23.90672145702122,24.305509902097842,24.077070725843967,24.336021761049437
sensor,1986-07-04 04:60,2765,17.8,24.054441392105094,Core_ZN,4.038461538461539e-09,6.730769230769232e-13,1120.0329677124544,,,24.054441392105094,23.916785552639737,24.416067861983368,24.130561965632648,24.341004960217347
sensor,1986-07-04 05:10,2766,17.983333333333334,24.06573293297288,Core_ZN,4.038461538461539e-09,6.730769230769232e-13,1120.032967712455,,,24.06573293297288,23.937849968917387,24.53923719410453,24.18677932714388,24.355949667654045
sensor,1986-07-04 05:20,2767,18.166666666666668,24.079404757024726,Core_ZN,4.038461538461539e-09,6.730769230769232e-13,1120.0329677124557,,,24.079404757024726,23.9671872036358,24.700466032480247,24.252689068239874,24.377661536224537
sensor,1986-07-04 05:35,2768,18.35,24.09271258312421,Core_ZN,4.038461538461539e-09,6.730769230769232e-13,1120.0329677124564,,,24.09271258312421,23.993880601413867,24.83687519486005,24.301527712089523,24.39706801568443
sensor,1986-07-04 05:45,2769,18.53333333333333,24.111021505593314,Core_ZN,4.038461538461539e-09,6.730769230769232e-13,1120.032967712457,,,24.111021505593314,24.029668003032313,25.007038120280466,24.356324422144436,24.422145601571412
sensor,1986-07-04 05:55,2770,18.716666666666665,24.13065112328205,Core_ZN,4.038461538461539e-09,6.730769230769232e-13,1120.0329677124578,,,24.13065112328205,24.067871807627043,25.180114761253414,24.4048662084,24.447934555513186
sensor,1986-07-04 05:65,2771,18.9,24.151142032001772,Core_ZN,4.038461538461539e-09,6.730769230769232e-13,1120.0329677124585,,,24.151142032001772,24.107999125153494,25.357511267975493,24.44903236097194,24.474248313359297
sensor,1986-07-04 06:15,2772,19.45,24.18544446059784,Core_ZN,4.038461538461539e-09,6.730769230769232e-13,1120.0329677124591,,,24.18544446059784,24.164676522744976,25.551040252947292,24.499151459202476,24.51655798427869
sensor,1986-07-04 06:23,2773,20.0,24.226200540450346,Core_ZN,4.038461538461539e-09,6.730769230769232e-13,1120.0329677124598,,,24.226200540450346,24.228211177141848,25.734544725809272,24.547395764375345,24.56556910218496
sensor,1986-07-04 06:33,2774,20.549999999999997,24.275735370244178,Core_ZN,4.038461538461539e-09,6.730769230769232e-13,1120.0329677124605,,,24.275735370244178,24.30468005493446,25.930973989544977,24.599090261293533,24.62392090039021
sensor,1986-07-04 06:43,2775,21.099999999999998,24.329988851263753,Core_ZN,4.038461538461539e-09,6.730769230769232e-13,1120.0329677124612,,,24.329988851263753,24.39168557158674,26.092110062161822,24.647800025250035,24.688516194999846
sensor,1986-07-04 06:53,2776,21.65,24.389171676524676,Core_ZN,4.038461538461539e-09,6.730769230769232e-13,1120.0329677124619,,,24.389171676524676,24.48509696882286,26.195056915533133,24.691607502339004,24.757047906495423
sensor,1986-07-04 06:63,2777,22.2,24.44835172249842,Core_ZN,4.038461538461539e-09,6.730769230769232e-13,1120.0329677124626,,,24.44835172249842,24.576309815261816,26.27227397292465,24.735850205211634,24.83008504598775
sensor,1986-07-04 07:13,2778,22.383333333333333,24.493794604399895,Core_ZN,4.038461538461539e-09,6.730769230769232e-13,1120.0329677124632,,,24.493794604399895,24.65165735868962,26.32493682740395,24.775498631083963,24.894562077384073
sensor,1986-07-04 07:23,2779,22.566666666666666,24.526105483983287,Core_ZN,4.038461538461539e-09,6.730769230769232e-13,1120.032967712464,,,24.526105483983287,24.71348330359907,26.36009623279245,24.811914410955133,24.949031131642172
sensor,1986-07-04 07:33,2780,22.75,24.551557238406733,Core_ZN,4.038461538461539e-09,6.730769230769232e-13,1120.0329677124646,,,24.551557238406733,24.767786705963978,26.362936219918897,24.84643780057893,24.998180404344566
sensor,1986-07-04 07:43,2781,22.933333333333334,24.573942758628863,Core_ZN,4.038461538461539e-09,6.730769230769232e-13,1120.0329677124653,,,24.573942758628863,24.817914772613676,26.411951679540493,24.880249196753454,25.04505492955874
sensor,1986-07-04 07:53,2782,23.116666666666667,24.59503908753696,Core_ZN,4.038461538461539e-09,6.730769230769232e-13,1120.032967712466,,,24.59503908753696,24.865283617541667,26.4919072310244,24.91372403864259,25.089901219697957
sensor,1986-07-04 07:63,2783,23.3,24.61568793225317,Core_ZN,4.038461538461539e-09,6.730769230769232e-13,1120.0329677124666,,,24.61568793225317,24.911131537186275,26.577354838652614,24.947465689589762,25.132955957870145
sensor,1986-07-04 08:13,2784,23.583333333333336,24.63936815592502,Core_ZN,4.038461538461539e-09,6.730769230769232e-13,1120.0329677124673,,,24.63936815592502,24.959765297806022,26.667723789078558,24.98522623490297,25.178676636797892
sensor,1986-07-04 08:23,2785,23.866666666666667,24.665506163809063,Core_ZN,4.038461538461539e-09,6.730769230769232e-13,1120.032967712468,,,24.665506163809063,25.010729447462495,26.760232418865222,25.02612272997605,25.226850673102312
sensor,1986-07-04 08:33,2786,24.15,24.69267571197811,Core_ZN,4.038461538461539e-09,6.730769230769232e-13,1120.0329677124687,,,24.69267571197811,25.062759564572172,26.851954800207558,25.068912791958414,25.276166318355994
sensor,1986-07-04 08:43,2787,24.43333333333333,24.7204007440856,Core_ZN,4.038461538461539e-09,6.730769230769232e-13,1120.0329677124694,,,24.7204007440856,25.11575946366665,26.967645315042326,25.113225459917217,25.326580791731473
sensor,1986-07-04 08:53,2788,24.71666666666667,24.748569468513324,Core_ZN,4.038461538461539e-09,6.730769230769232e-13,1120.03296771247,,,24.748569468513324,25.169390638322497,27.073460080067367,25.15867769730088,25.377742913662384
sensor,1986-07-04 08:63,2789,25.0,24.777077433151234,Core_ZN,4.038461538461539e-09,6.730769230769232e-13,1120.0329677124707,,,24.777077433151234,25.22397609126488,27.157716981808395,25.20479119390776,25.429525519752374
sensor,1986-07-04 09:12,2790,25.283333333333335,24.804678432752006,Core_ZN,631.9485416014421,0.10532475693357368,1120.1382924694044,,,24.804678432752006,25.27892645623284,27.029668488759494,25.2498743986593,25.479608375500298
sensor,1986-07-04 09:23,2791,25.566666666666666,24.833367375136497,Core_ZN,599.9653533561395,0.09999422555935658,1120.2382866949638,,,24.833367375136497,25.33846353308777,26.720589436484016,25.297307805552492,25.531921918499037
sensor,1986-07-04 09:32,2792,25.85,24.8617673652463,Core_ZN,601.3438071887451,0.10022396786479085,1120.3385106628286,,,24.8617673652463,25.39978567225087,26.70127406862904,25.344990282271482,25.58458276578981
sensor,1986-07-04 09:43,2793,26.133333333333333,24.890835006933976,Core_ZN,4.038461538461539e-09,6.730769230769232e-13,1120.3385106628293,,,24.890835006933976,25.458967491979138,26.972327933638727,25.3906799510143,25.635337664351585
sensor,1986-07-04 09:53,2794,26.416666666666664,24.918385264041127,Core_ZN,4.038461538461539e-09,6.730769230769232e-13,1120.33851066283,,,24.918385264041127,25.51044128399837,27.113953258102633,25.430174402455442,25.67993272736168
sensor,1986-07-04 09:65,2795,26.7,24.94755084942866,Core_ZN,4.038461538461539e-09,6.730769230769232e-13,1120.3385106628307,,,24.94755084942866,25.567120026118054,27.08094811974098,25.472076906708736,25.727111742329278
sensor,1986-07-04 10:10,2796,26.7,24.968257205088758,Core_ZN,4.038461538461539e-09,6.730769230769232e-13,1120.3385106628314,,,24.968257205088758,25.61664112093212,26.98794284126425,25.504167136075818,25.763540034312985
sensor,1986-07-04 10:20,2797,26.7,24.98028787250203,Core_ZN,4.038461538461539e-09,6.730769230769232e-13,1120.338510662832,,,24.98028787250203,25.653343385164874,26.900892395103508,25.52912263808123,25.792172273063446
sensor,1986-07-04 10:30,2798,26.7,24.98979858227176,Core_ZN,4.038461538461539e-09,6.730769230769232e-13,1120.3385106628327,,,24.98979858227176,25.6816815714049,26.822497104528015,25.548738370847477,25.815168732576954
sensor,1986-07-04 10:40,2799,26.699999999999996,24.99784782794855,Core_ZN,4.038461538461539e-09,6.730769230769232e-13,1120.3385106628334,,,24.99784782794855,25.717514794558856,26.766830613003922,25.56311418087825,25.83262627398817
sensor,1986-07-04 10:55,2800,26.7,25.003628983632638,Core_ZN,4.038461538461539e-09,6.730769230769232e-13,1120.338510662834,,,25.003628983632638,25.75526434553384,26.722292390844295,25.577355431204104,25.849616494297557
sensor,1986-07-04 10:63,2801,26.7,25.00994892577706,Core_ZN,4.038461538461539e-09,6.730769230769232e-13,1120.3385106628348,,,25.00994892577706,25.803324370752172,26.683305847182034,25.592040447831465,25.867335960868736
sensor,1986-07-04 11:12,2802,26.78333333333333,25.018587763169375,Core_ZN,4.038461538461539e-09,6.730769230769232e-13,1120.3385106628355,,,25.018587763169375,25.859885622534925,26.659628147213,25.61044949170305,25.889118995100436
sensor,1986-07-04 11:22,2803,26.866666666666667,25.028978555896497,Core_ZN,4.038461538461539e-09,6.730769230769232e-13,1120.3385106628361,,,25.028978555896497,25.919091676730257,26.6440217968289,25.628274944358896,25.9102488106242
sensor,1986-07-04 11:32,2804,26.95,25.04037076497505,Core_ZN,4.038461538461539e-09,6.730769230769232e-13,1120.3385106628368,,,25.04037076497505,25.983804765118897,26.636128090618456,25.648029963300893,25.93345076804416
sensor,1986-07-04 11:42,2805,27.03333333333333,25.052237324583306,Core_ZN,4.038461538461539e-09,6.730769230769232e-13,1120.3385106628375,,,25.052237324583306,26.03887165947777,26.631804736454296,25.666737789422974,25.955398196277407
sensor,1986-07-04 11:53,2806,27.116666666666667,25.06463285806573,Core_ZN,4.038461538461539e-09,6.730769230769232e-13,1120.3385106628382,,,25.06463285806573,26.08266940095136,26.62839649920524,25.68319428900989,25.974804574047454
sensor,1986-07-04 11:63,2807,27.2,25.077386318577723,Core_ZN,4.038461538461539e-09,6.730769230769232e-13,1120.3385106628389,,,25.077386318577723,26.119459540914583,26.6263040120593,25.6983240306968,25.992595644676214
sensor,1986-07-04 12:15,2808,27.566666666666666,25.099900807122587,Core_ZN,4.038461538461539e-09,6.730769230769232e-13,1120.3385106628396,,,25.099900807122587,26.161603761444745,26.636555057667536,25.72283439135527,26.020610438734867
sensor,1986-07-04 12:25,2809,27.933333333333337,25.127712100891134,Core_ZN,4.038461538461539e-09,6.730769230769232e-13,1120.3385106628402,,,25.127712100891134,26.20195244297237,26.654095254245824,25.750963350732665,26.052282082295967
sensor,1986-07-04 12:30,2810,28.299999999999997,25.163128128304713,Core_ZN,4.038461538461539e-09,6.730769230769232e-13,1120.338510662841,,,25.163128128304713,26.24719793936747,26.679685984131584,25.786986523970874,26.09228297490188
sensor,1986-07-04 12:40,2811,28.666666666666664,25.19365667819996,Core_ZN,4.038461538461539e-09,6.730769230769232e-13,1120.3385106628416,,,25.19365667819996,26.286433826881776,26.708217042077145,25.822532851099346,26.13130723421544
sensor,1986-07-04 12:50,2812,29.03333333333333,25.22483666974734,Core_ZN,4.038461538461539e-09,6.730769230769232e-13,1120.3385106628423,,,25.22483666974734,26.326128964793014,26.741595349161546,25.861718606814478,26.17392656716616
sensor,1986-07-04 12:60,2813,29.4,25.256675815737477,Core_ZN,4.038461538461539e-09,6.730769230769232e-13,1120.338510662843,,,25.256675815737477,26.36487922734918,26.77857415963354,25.903529849073287,26.219101335761547
sensor,1986-07-04 13:10,2814,29.4,25.27506497882821,Core_ZN,4.038461538461539e-09,6.730769230769232e-13,1120.3385106628436,,,25.27506497882821,26.387437223811876,26.802117436595566,25.93293351437602,26.29913730958998
sensor,1986-07-04 13:20,2815,29.4,25.288940805921538,Core_ZN,4.038461538461539e-09,6.730769230769232e-13,1120.3385106628443,,,25.288940805921538,26.40485057115859,26.823569008582858,25.96032597362552,26.40441942030819
sensor,1986-07-04 13:30,2816,29.4,25.302492907218102,Core_ZN,4.038461538461539e-09,6.730769230769232e-13,1120.338510662845,,,25.302492907218102,26.41935495155709,26.845076664942418,25.987744028041018,26.52592886460739
sensor,1986-07-04 13:40,2817,29.4,25.315923919997246,Core_ZN,4.038461538461539e-09,6.730769230769232e-13,1120.3385106628457,,,25.315923919997246,26.42781799169751,26.863092912554038,26.011992826436632,26.658655073183496
sensor,1986-07-04 13:50,2818,29.4,25.329269373731773,Core_ZN,4.038461538461539e-09,6.730769230769232e-13,1120.3385106628464,,,25.329269373731773,26.431625208712695,26.879200599561507,26.03467119764016,26.801199817167603
sensor,1986-07-04 13:60,2819,29.4,25.342434389825215,Core_ZN,4.038461538461539e-09,6.730769230769232e-13,1120.338510662847,,,25.342434389825215,26.433170805786588,26.894061334347814,26.0564389982837,26.952121356279186
sensor,1986-07-04 14:10,2820,29.6,25.36381359732637,Core_ZN,4.038461538461539e-09,6.730769230769232e-13,1120.3385106628477,,,25.36381359732637,26.448814459522794,26.91675620861904,26.08546018970439,27.119335089305945
sensor,1986-07-04 14:20,2821,29.8,25.387187524990882,Core_ZN,4.038461538461539e-09,6.730769230769232e-13,1120.3385106628484,,,25.387187524990882,26.468859526804543,26.94094409050095,26.116043212460596,27.29459889454389
sensor,1986-07-04 14:35,2822,30.0,25.407628566388247,Core_ZN,756.1039340001984,0.12601732233336638,1120.4645279851818,,,25.407628566388247,26.486434866287837,26.960860696398722,26.141449093452568,26.774424424931166
sensor,1986-07-04 14:40,2823,30.2,25.43887728444717,Core_ZN,739.132117176435,0.1231886861960725,1120.5877166713778,,,25.43887728444717,26.510837955671846,26.98835345440272,26.177987669120814,26.708815487591526
sensor,1986-07-04 14:50,2824,30.400000000000002,25.465499787598656,Core_ZN,753.7680343705445,0.12562800572842406,1120.7133446771063,,,25.465499787598656,26.53024053513513,27.01005141481756,26.20784926202298,26.703098746027496
sensor,1986-07-04 14:62,2825,30.6,25.48417237248451,Core_ZN,4.038461538461539e-09,6.730769230769232e-13,1120.713344677107,,,25.48417237248451,26.54493866345784,27.024677281309735,26.228438740763465,27.34491924018905
sensor,1986-07-04 15:15,2826,30.6,25.508305409097797,Core_ZN,831.5110936942829,0.13858518228238048,1120.8519298593894,,,25.508305409097797,26.562059218142696,27.039376832930664,26.25398344918902,26.75954258969884
sensor,1986-07-04 15:20,2827,30.6,25.530218323919676,Core_ZN,805.7545345925723,0.13429242243209538,1120.9862222818215,,,25.530218323919676,26.57648787565495,27.048640801070984,26.276233181863297,26.706329012164552
sensor,1986-07-04 15:35,2828,30.6,25.543924799653766,Core_ZN,804.8770760059459,0.13414617933432432,1121.1203684611557,,,25.543924799653766,26.585370986170304,27.053025651560098,26.289691977005,26.700414977021516
sensor,1986-07-04 15:42,2829,30.6,25.55846723067051,Core_ZN,4.038461538461539e-09,6.730769230769232e-13,1121.1203684611564,,,25.55846723067051,26.59547143879823,27.057605290833735,26.30411043574091,27.47134828040916
sensor,1986-07-04 15:53,2830,30.6,25.575048762944267,Core_ZN,819.5396098754417,0.13658993497924027,1121.2569583961356,,,25.575048762944267,26.607742730112278,27.06242980578778,26.320562225440348,26.732339848252355
sensor,1986-07-04 15:65,2831,30.6,25.592068210510114,Core_ZN,837.4024474074399,0.13956707456790665,1121.3965254707034,,,25.592068210510114,26.62103578111615,27.066659888492623,26.337241760433102,26.7056446832394
sensor,1986-07-04 16:15,2832,30.500000000000004,25.604375180663574,Core_ZN,828.7609458996274,0.13812682431660456,1121.5346522950201,,,25.604375180663574,26.626100744779748,27.062772117897993,26.345482243277992,26.70067738472592
sensor,1986-07-04 16:23,2833,30.400000000000002,25.61327059016171,Core_ZN,4.038461538461539e-09,6.730769230769232e-13,1121.5346522950208,,,25.61327059016171,26.628920119183373,27.057298192947876,26.35076222839956,27.55860841411608
sensor,1986-07-04 16:33,2834,30.3,25.622684322264966,Core_ZN,812.2194679375174,0.13536991132291956,1121.6700222063437,,,25.622684322264966,26.63239252259045,27.050326624304798,26.356775318126285,26.736511414882155
sensor,1986-07-04 16:43,2835,30.200000000000003,25.631294318523214,Core_ZN,835.9380577689308,0.13932300962815514,1121.809345215972,,,25.631294318523214,26.63453860377813,27.041723307497122,26.361614765518482,26.703192391301485
sensor,1986-07-04 16:53,2836,30.099999999999998,25.639073874085295,Core_ZN,817.8388241496406,0.13630647069160676,1121.9456516866635,,,25.639073874085295,26.634284050967224,27.03135874455365,26.364668528548812,26.70006894262258
sensor,1986-07-04 16:63,2837,30.0,25.64563664774632,Core_ZN,4.038461538461539e-09,6.730769230769232e-13,1121.9456516866642,,,25.64563664774632,26.631548146678576,27.020216992030758,26.37326984389222,27.53084901146347
sensor,1986-07-04 17:13,2838,29.816666666666666,25.650153714132124,Core_ZN,754.9406212245237,0.12582343687075395,1122.071475123535,,,25.650153714132124,26.624252193112703,27.005019709866005,26.389323456226244,26.735249701643827
sensor,1986-07-04 17:23,2839,29.633333333333336,25.653533076425308,Core_ZN,788.2035652268919,0.13136726087114864,1122.2028423844063,,,25.653533076425308,26.61405307676802,26.98831825198176,26.409344948047533,26.703169382418157
sensor,1986-07-04 17:33,2840,29.45,25.65667966319429,Core_ZN,760.7843970030084,0.1267973995005014,1122.3296397839067,,,25.65667966319429,26.598908665378897,26.968829929785088,26.42511455401914,26.700122777257
sensor,1986-07-04 17:43,2841,29.266666666666666,25.659112674459728,Core_ZN,4.038461538461539e-09,6.730769230769232e-13,1122.3296397839074,,,25.659112674459728,26.580308013526984,26.948365541492173,26.4369493513027,27.36709827618438
sensor,1986-07-04 17:53,2842,29.083333333333332,25.661000604579975,Core_ZN,696.0188424265485,0.11600314040442475,1122.4456429243119,,,25.661000604579975,26.557555203685368,26.92532612358912,26.445711187152682,26.728022107010432
sensor,1986-07-04 17:63,2843,28.9,25.661964960365225,Core_ZN,712.767690471237,0.1187946150785395,1122.5644375393904,,,25.661964960365225,26.533788685652098,26.902356129558427,26.445440553429087,26.70256760371987
sensor,1986-07-04 18:13,2844,28.799999999999997,25.66379863327299,Core_ZN,689.0281130075548,0.11483801883459246,1122.679275558225,,,25.66379863327299,26.509904305440294,26.880585467740026,26.437802415100272,26.70013251675918
sensor,1986-07-04 18:23,2845,28.700000000000003,25.665320697097624,Core_ZN,4.038461538461539e-09,6.730769230769232e-13,1122.6792755582258,,,25.665320697097624,26.484134297574325,26.858289644899074,26.41681377431967,27.14865281224108
sensor,1986-07-04 18:33,2846,28.6,25.66557764129341,Core_ZN,632.4570755164611,0.10540951258607685,1122.7846850708117,,,25.66557764129341,26.457120340928363,26.83557505851742,26.38857458574045,26.720067397679976
sensor,1986-07-04 18:43,2847,28.5,25.66463103503721,Core_ZN,637.5185369303935,0.1062530894883989,1122.8909381603,,,25.66463103503721,26.43023986438068,26.81325429470364,26.363802078377894,26.70190533036571
sensor,1986-07-04 18:53,2848,28.400000000000002,25.662726352707118,Core_ZN,623.8584365923931,0.10397640609873218,1122.9949145663988,,,25.662726352707118,26.403517939035773,26.791089036084333,26.34254456471122,26.700129924377155
sensor,1986-07-04 18:65,2849,28.3,25.65993643544868,Core_ZN,4.038461538461539e-09,6.730769230769232e-13,1122.9949145663995,,,25.65993643544868,26.375144637075117,26.767097139380176,26.318532231786428,26.995699550941346
sensor,1986-07-04 19:15,2850,28.21666666666667,25.65730736268319,Core_ZN,4.038461538461539e-09,6.730769230769232e-13,1122.9949145664002,,,25.65730736268319,26.34961109167162,26.745034957289764,26.291918487465743,27.145790360272173
sensor,1986-07-04 19:25,2851,28.133333333333336,25.65445408223186,Core_ZN,4.038461538461539e-09,6.730769230769232e-13,1122.994914566401,,,25.65445408223186,26.32473420497689,26.72313618771699,26.260662290256796,27.156205654363994
sensor,1986-07-04 19:35,2852,28.05,25.650972474956866,Core_ZN,4.038461538461539e-09,6.730769230769232e-13,1122.9949145664016,,,25.650972474956866,26.298037505861117,26.69837481845352,26.21882381259914,27.105048077934768
sensor,1986-07-04 19:45,2853,27.96666666666667,25.64663339369337,Core_ZN,4.038461538461539e-09,6.730769230769232e-13,1122.9949145664023,,,25.64663339369337,26.274295196971593,26.675205978199983,26.183530074831403,27.05000649028515
sensor,1986-07-04 19:55,2854,27.883333333333333,25.64181655133646,Core_ZN,4.038461538461539e-09,6.730769230769232e-13,1122.994914566403,,,25.64181655133646,26.254276734313557,26.654367309362602,26.15673310248632,27.004684545234525
sensor,1986-07-04 19:65,2855,27.8,25.63699634214882,Core_ZN,4.038461538461539e-09,6.730769230769232e-13,1122.9949145664036,,,25.63699634214882,26.236731971655377,26.635224829626928,26.135163771428942,26.96691949280247
sensor,1986-07-04 20:15,2856,27.616666666666667,25.629136778119385,Core_ZN,4.038461538461539e-09,6.730769230769232e-13,1122.9949145664043,,,25.629136778119385,26.217166442224503,26.61345485275603,26.113402565884357,26.93043940107195
sensor,1986-07-04 20:25,2857,27.433333333333334,25.620448453834108,Core_ZN,4.038461538461539e-09,6.730769230769232e-13,1122.994914566405,,,25.620448453834108,26.196344473278042,26.59038975248101,26.091613660018243,26.895529898114372
sensor,1986-07-04 20:35,2858,27.25,25.610776296463307,Core_ZN,4.038461538461539e-09,6.730769230769232e-13,1122.9949145664057,,,25.610776296463307,26.17517386874995,26.567015057358248,26.0703657955853,26.862696644523457
sensor,1986-07-04 20:40,2859,27.066666666666663,25.598378581233305,Core_ZN,4.038461538461539e-09,6.730769230769232e-13,1122.9949145664064,,,25.598378581233305,26.149554997000433,26.538792665086106,26.04552499653614,26.825672221158097
sensor,1986-07-04 20:50,2860,26.883333333333333,25.58763612260971,Core_ZN,4.038461538461539e-09,6.730769230769232e-13,1122.994914566407,,,25.58763612260971,26.12801708948524,26.514684443810854,26.025330804040266,26.796517872098747
sensor,1986-07-04 20:60,2861,26.7,25.57660636142346,Core_ZN,4.038461538461539e-09,6.730769230769232e-13,1122.9949145664077,,,25.57660636142346,26.10620260995742,26.49035758906491,26.0053681109995,26.768491256741555
sensor,1986-07-04 21:10,2862,26.7,25.57289269173127,Core_ZN,4.038461538461539e-09,6.730769230769232e-13,1122.9949145664084,,,25.57289269173127,26.094031847725855,26.47596696798512,25.994502476830025,26.75149119148124
sensor,1986-07-04 21:20,2863,26.7,25.57062743472543,Core_ZN,4.038461538461539e-09,6.730769230769232e-13,1122.994914566409,,,25.57062743472543,26.085764161583338,26.465161278442984,25.98738908352617,26.738749586912284
sensor,1986-07-04 21:30,2864,26.7,25.5702385043089,Core_ZN,4.038461538461539e-09,6.730769230769232e-13,1122.9949145664098,,,25.5702385043089,26.07945390848984,26.456045575818983,25.98218715824614,26.728232125288216
sensor,1986-07-04 21:40,2865,26.699999999999996,25.57071055166635,Core_ZN,4.038461538461539e-09,6.730769230769232e-13,1122.9949145664104,,,25.57071055166635,26.074336522813486,26.44794933285909,25.97816302702096,26.719160022090477
sensor,1986-07-04 21:50,2866,26.7,25.57168900680253,Core_ZN,4.038461538461539e-09,6.730769230769232e-13,1122.9949145664111,,,25.57168900680253,26.070052750777066,26.440582961244164,25.974969998069604,26.71114570874893
sensor,1986-07-04 21:60,2867,26.7,25.573006816956322,Core_ZN,4.038461538461539e-09,6.730769230769232e-13,1122.9949145664118,,,25.573006816956322,26.066377115164602,26.433784012000405,25.97240696897878,26.703940511653563
sensor,1986-07-04 22:10,2868,26.7,25.57455886535962,Core_ZN,4.038461538461539e-09,6.730769230769232e-13,1122.9949145664125,,,25.57455886535962,26.06254883857688,26.42697205090798,25.96990324251733,26.696838529845717
sensor,1986-07-04 22:20,2869,26.7,25.576282063016276,Core_ZN,4.038461538461539e-09,6.730769230769232e-13,1122.9949145664132,,,25.576282063016276,26.058674092506948,26.42023662826436,25.96749506520686,26.689882601130385
sensor,1986-07-04 22:30,2870,26.7,25.578104113622597,Core_ZN,4.038461538461539e-09,6.730769230769232e-13,1122.9949145664139,,,25.578104113622597,26.05490541059671,26.413668626524007,25.965244828970615,26.68313964620134
sensor,1986-07-04 22:40,2871,26.699999999999996,25.57997578065896,Core_ZN,4.038461538461539e-09,6.730769230769232e-13,1122.9949145664145,,,25.57997578065896,26.05126050049601,26.4072526813425,25.963142170164243,26.676565350234288
sensor,1986-07-04 22:50,2872,26.7,25.581862633655682,Core_ZN,4.038461538461539e-09,6.730769230769232e-13,1122.9949145664152,,,25.581862633655682,26.047714538857438,26.40095142115613,25.96115356966597,26.670094962074344
sensor,1986-07-04 22:60,2873,26.7,25.58373523550518,Core_ZN,4.038461538461539e-09,6.730769230769232e-13,1122.994914566416,,,25.58373523550518,26.04423392310299,26.394727329230903,25.959242718495982,26.663668765565827
sensor,1986-07-04 23:10,2874,26.516666666666666,25.577912616041047,Core_ZN,4.038461538461539e-09,6.730769230769232e-13,1122.9949145664166,,,25.577912616041047,26.031149699924043,26.378705315228373,25.94834579179981,26.64743824278434
sensor,1986-07-04 23:20,2875,26.333333333333336,25.569465916448152,Core_ZN,4.038461538461539e-09,6.730769230769232e-13,1122.9949145664173,,,25.569465916448152,26.01405253473713,26.359193608277916,25.933682788958937,26.627776340583686
sensor,1986-07-04 23:30,2876,26.15,25.559154475362984,Core_ZN,4.038461538461539e-09,6.730769230769232e-13,1122.994914566418,,,25.559154475362984,25.994782139986352,26.33783117226607,25.917042405204075,26.6062563546852
sensor,1986-07-04 23:40,2877,25.96666666666667,25.547616804863807,Core_ZN,4.038461538461539e-09,6.730769230769232e-13,1122.9949145664186,,,25.547616804863807,25.97403085167833,26.315169011395312,25.899107063608096,26.583391640552172
sensor,1986-07-04 23:50,2878,25.783333333333335,25.53512182169951,Core_ZN,4.038461538461539e-09,6.730769230769232e-13,1122.9949145664193,,,25.53512182169951,25.952161994967607,26.291426083721525,25.880153708314474,26.559383584821664
sensor,1986-07-04 23:60,2879,25.6,25.521755014092555,Core_ZN,4.038461538461539e-09,6.730769230769232e-13,1122.99491456642,,,25.521755014092555,25.929324597956505,26.267834362345102,25.860308014280193,26.534332630727203
sensor,1986-07-05 00:10,2880,25.6,25.51549283072314,Core_ZN,4.038461538461539e-09,6.730769230769232e-13,1122.9949145664207,,,25.51549283072314,25.915891520814796,26.251925361507606,25.84909583218433,26.518654473305563
sensor,1986-07-05 00:20,2881,25.6,25.511838330149775,Core_ZN,4.038461538461539e-09,6.730769230769232e-13,1122.9949145664214,,,25.511838330149775,25.90595805181403,26.239473746233728,25.84103837843217,26.505811778617115
sensor,1986-07-05 00:30,2882,25.6,25.50929076616796,Core_ZN,4.038461538461539e-09,6.730769230769232e-13,1122.994914566422,,,25.50929076616796,25.897497043311844,26.228323763884646,25.834278435968784,26.494034241743716
sensor,1986-07-05 00:40,2883,25.6,25.507237203563207,Core_ZN,4.038461538461539e-09,6.730769230769232e-13,1122.9949145664227,,,25.507237203563207,25.889749023825836,26.2177894474859,25.82811914573242,26.482748501978467
sensor,1986-07-05 00:50,2884,25.6,25.50541524838499,Core_ZN,4.038461538461539e-09,6.730769230769232e-13,1122.9949145664234,,,25.50541524838499,25.88240470233996,26.207616715627683,25.822277620505556,26.47174198991508
sensor,1986-07-05 00:60,2885,25.6,25.503701937245335,Core_ZN,4.038461538461539e-09,6.730769230769232e-13,1122.994914566424,,,25.503701937245335,25.875320194844516,26.19769035223496,25.8166236091575,26.46091651972407
sensor,1986-07-05 01:10,2886,25.6,25.502033199849798,Core_ZN,4.038461538461539e-09,6.730769230769232e-13,1122.9949145664248,,,25.502033199849798,25.8681037656304,26.187758666796217,25.810908366249894,26.449957976302002
sensor,1986-07-05 01:20,2887,25.6,25.500368502689085,Core_ZN,4.038461538461539e-09,6.730769230769232e-13,1122.9949145664255,,,25.500368502689085,25.860794357681893,26.17784150531638,25.805142514399257,26.438912108446864
sensor,1986-07-05 01:30,2888,25.6,25.498727293938995,Core_ZN,4.038461538461539e-09,6.730769230769232e-13,1122.9949145664261,,,25.498727293938995,25.853573945101186,26.168110994136295,25.79944605626089,26.42799690800586
sensor,1986-07-05 01:40,2889,25.6,25.49702807971529,Core_ZN,4.038461538461539e-09,6.730769230769232e-13,1122.9949145664268,,,25.49702807971529,25.846357579768117,26.158426105731014,25.793736259602415,26.417067729085748
sensor,1986-07-05 01:50,2890,25.6,25.495247456074022,Core_ZN,4.038461538461539e-09,6.730769230769232e-13,1122.9949145664275,,,25.495247456074022,25.839102505967816,26.1487263400358,25.7879733096582,26.406065004894838
sensor,1986-07-05 01:60,2891,25.6,25.493377244631706,Core_ZN,4.038461538461539e-09,6.730769230769232e-13,1122.9949145664282,,,25.493377244631706,25.831804724613793,26.13983258473827,25.782151858167392,26.394991134879223
sensor,1986-07-05 02:10,2892,25.5,25.4870852615893,Core_ZN,4.038461538461539e-09,6.730769230769232e-13,1122.9949145664289,,,25.4870852615893,25.820632107330923,26.126410327399398,25.77238759308074,26.379723366988678
sensor,1986-07-05 02:20,2893,25.400000000000002,25.478943491904367,Core_ZN,4.038461538461539e-09,6.730769230769232e-13,1122.9949145664295,,,25.478943491904367,25.8079178567405,26.111264638442215,25.761029123394234,26.363033883209198
sensor,1986-07-05 02:30,2894,25.3,25.469813953300886,Core_ZN,4.038461538461539e-09,6.730769230769232e-13,1122.9949145664302,,,25.469813953300886,25.794346004229848,26.095268813343107,25.74879750598375,26.34556185638267
sensor,1986-07-05 02:40,2895,25.2,25.460039449960405,Core_ZN,4.038461538461539e-09,6.730769230769232e-13,1122.994914566431,,,25.460039449960405,25.780191220921772,26.078705955391136,25.735979777893398,26.32753190827359
sensor,1986-07-05 02:50,2896,25.1,25.449761251819293,Core_ZN,4.038461538461539e-09,6.730769230769232e-13,1122.9949145664316,,,25.449761251819293,25.765568795189953,26.061682218648652,25.72269717740771,26.309032217304956
sensor,1986-07-05 02:60,2897,25.0,25.439037512235156,Core_ZN,4.038461538461539e-09,6.730769230769232e-13,1122.9949145664323,,,25.439037512235156,25.750532854897454,26.044246457053465,25.70900750816501,26.290105614344913
sensor,1986-07-05 03:10,2898,25.0,25.432358528275753,Core_ZN,4.038461538461539e-09,6.730769230769232e-13,1122.994914566433,,,25.432358528275753,25.73926922574388,26.03084659106941,25.69905698279229,26.275218829197
sensor,1986-07-05 03:20,2899,25.0,25.42727249045926,Core_ZN,4.038461538461539e-09,6.730769230769232e-13,1122.9949145664336,,,25.42727249045926,25.729290634268423,26.01864959376252,25.690412800386945,26.261481265242768
sensor,1986-07-05 03:30,2900,25.0,25.42286155721009,Core_ZN,4.038461538461539e-09,6.730769230769232e-13,1122.9949145664343,,,25.42286155721009,25.71982688014451,26.006900016589608,25.682289445440766,26.24816107315737
sensor,1986-07-05 03:40,2901,25.0,25.418727417918138,Core_ZN,4.038461538461539e-09,6.730769230769232e-13,1122.994914566435,,,25.418727417918138,25.71058053235912,25.995336411053636,25.674382739139613,26.235013453743424
sensor,1986-07-05 03:50,2902,25.0,25.41467345231598,Core_ZN,4.038461538461539e-09,6.730769230769232e-13,1122.9949145664357,,,25.41467345231598,25.701427492222372,25.98385835581227,25.66656756383316,26.221946068322335
sensor,1986-07-05 03:60,2903,25.0,25.41062639720567,Core_ZN,4.038461538461539e-09,6.730769230769232e-13,1122.9949145664364,,,25.41062639720567,25.692310227756618,25.97242145095843,25.65878725256607,26.208917452750217
sensor,1986-07-05 04:10,2904,25.0,25.40654947162501,Core_ZN,4.038461538461539e-09,6.730769230769232e-13,1122.994914566437,,,25.40654947162501,25.683660861174136,25.96053926657714,25.651272938241554,26.196272970499862
sensor,1986-07-05 04:20,2905,25.0,25.40359019425186,Core_ZN,4.038461538461539e-09,6.730769230769232e-13,1122.9949145664377,,,25.40359019425186,25.67533144332422,25.949414909785936,25.64393151995203,26.18388153892965
sensor,1986-07-05 04:30,2906,25.0,25.400074439698063,Core_ZN,4.038461538461539e-09,6.730769230769232e-13,1122.9949145664384,,,25.400074439698063,25.673559607657072,25.973451539039306,25.65735847170813,26.177318687125315
sensor,1986-07-05 04:40,2907,25.0,25.39737218995302,Core_ZN,4.038461538461539e-09,6.730769230769232e-13,1122.994914566439,,,25.39737218995302,25.675606155592934,26.032337747801673,25.689622304735384,26.174348704110937
sensor,1986-07-05 04:50,2908,25.0,25.39628129972331,Core_ZN,4.038461538461539e-09,6.730769230769232e-13,1122.9949145664398,,,25.39628129972331,25.68066889672682,26.120355013846083,25.72997928185538,26.174628388617165
sensor,1986-07-05 04:60,2909,25.0,25.397615049488774,Core_ZN,4.038461538461539e-09,6.730769230769232e-13,1122.9949145664405,,,25.397615049488774,25.688526793811675,26.22710740354013,25.777479271077144,26.177976634739874
sensor,1986-07-05 05:15,2910,24.81666666666667,24.103836516192665,Core_ZN,5380.187952053678,0.8966979920089463,1123.8916125584494,,,24.103836516192665,24.13552964106847,24.295263817259627,24.147236337287207,24.282572349747753
sensor,1986-07-05 05:20,2911,24.633333333333333,24.003734740573616,Core_ZN,5682.1467684433655,0.9470244614072275,1124.8386370198566,,,24.003734740573616,24.0055271669982,24.030976008346165,24.00627644900217,24.028998545505537
sensor,1986-07-05 05:30,2912,24.45,24.000162312535632,Core_ZN,5340.799528415396,0.8901332547358992,1125.7287702745925,,,24.000162312535632,24.00024643196013,24.008995497065598,24.00029248242255,24.008551915424828
sensor,1986-07-05 05:40,2913,24.266666666666666,23.999506666797984,Core_ZN,5133.97238146969,0.8556620635782816,1126.584432338171,,,23.999506666797984,23.999307302636403,24.002269440248178,23.999193028505772,24.002352193923997
sensor,1986-07-05 05:50,2914,24.083333333333336,23.999433738120175,Core_ZN,4981.881209456246,0.8303135349093744,1127.4147458730804,,,23.999433738120175,23.99922693976356,24.000219552049554,23.99908389477404,24.000492358704328
sensor,1986-07-05 05:60,2915,23.9,23.999472949145968,Core_ZN,4874.147976046764,0.812357996007794,1128.2271038690883,,,23.999472949145968,23.999294367101864,23.999596303289543,23.999154824182742,23.99995272299283
sensor,1986-07-05 06:15,2916,24.183333333333334,23.999790169559176,Core_ZN,4938.321734232479,0.8230536223720797,1129.0501574914604,,,23.999790169559176,23.999720973682027,23.999413455612945,23.999664385502694,23.99981918347836
sensor,1986-07-05 06:25,2917,24.46666666666667,23.99985128961827,Core_ZN,4977.793540405511,0.8296322567342518,1129.8797897481945,,,23.99985128961827,23.999820854007613,23.999589191394325,23.999799550221873,23.999869047996732
sensor,1986-07-05 06:33,2918,24.75,23.99989755202142,Core_ZN,5022.285093678775,0.8370475156131292,1130.7168372638077,,,23.99989755202142,23.99986602190925,23.999569484058014,23.99986750772168,23.99989919974526
sensor,1986-07-05 06:43,2919,25.03333333333333,23.999913737103096,Core_ZN,5064.311516066007,0.8440519193443344,1131.560889183152,,,23.999913737103096,23.999893181906426,23.999689007234444,23.999906927511937,23.999922623627185
sensor,1986-07-05 06:53,2920,25.316666666666666,23.999921134068707,Core_ZN,5108.122393225398,0.8513537322042329,1132.4122429153563,,,23.999921134068707,23.999901394359703,23.999714509688836,23.999925555882417,23.99993007627803
sensor,1986-07-05 06:63,2921,25.6,23.999926809811832,Core_ZN,5154.908887701049,0.8591514812835082,1133.2713943966398,,,23.999926809811832,23.99990650469318,23.99973158856291,23.999937019007362,23.999934240078186
sensor,1986-07-05 07:13,2922,25.783333333333335,23.999852385586173,Core_ZN,5459.290873489684,0.9098818122482806,1134.1812762088882,,,23.999852385586173,23.99982323117516,23.999654277308117,23.999863691010155,23.999885168052487
sensor,1986-07-05 07:23,2923,25.96666666666667,23.999847808343336,Core_ZN,5536.145736799288,0.9226909561332146,1135.1039671650215,,,23.999847808343336,23.999819102208832,23.999649376232227,23.999858894253567,23.99988149126837
sensor,1986-07-05 07:33,2924,26.15,23.99984925702218,Core_ZN,5599.359301464827,0.9332265502441378,1136.0371937152656,,,23.99984925702218,23.999820746855427,23.999652034756956,23.999858640033057,23.99988137460098
sensor,1986-07-05 07:43,2925,26.333333333333332,23.99985089629011,Core_ZN,5657.348991911818,0.9428914986519696,1136.9800852139176,,,23.99985089629011,23.999823018057533,23.999659268292945,23.99985847066755,23.99988136599038
sensor,1986-07-05 07:53,2926,26.516666666666666,23.999887603869563,Core_ZN,5712.69304069587,0.9521155067826449,1137.9322007207002,,,23.999887603869563,23.999860069402427,23.9997228213385,23.999892578009764,23.999910317535214
sensor,1986-07-05 07:62,2927,26.7,23.999887242775614,Core_ZN,5769.268810813239,0.9615448018022065,1138.8937455225023,,,23.999887242775614,23.99986201004904,23.99974058271546,23.999887657787063,23.99990623521288
sensor,1986-07-05 08:12,2928,26.96666666666667,23.99988099696275,Core_ZN,5833.968275930436,0.972328045988406,1139.8660735684907,,,23.99988099696275,23.99985418880807,23.9997389614716,23.99987814100874,23.999899933050244
sensor,1986-07-05 08:23,2929,27.233333333333334,23.99987250339005,Core_ZN,5896.414017438133,0.982735669573022,1140.8488092380637,,,23.99987250339005,23.999848304166328,23.99973963176662,23.999870727195322,23.999895215988857
sensor,1986-07-05 08:32,2930,27.5,23.9998669107825,Core_ZN,5955.039319012923,0.9925065531688206,1141.8413157912325,,,23.9998669107825,23.999843385436918,23.999742139917743,23.999864488176392,23.999891232808345
sensor,1986-07-05 08:42,2931,27.766666666666666,23.999862529430942,Core_ZN,6008.886059852799,1.0014810099754663,1142.8427968012081,,,23.999862529430942,23.99983962146802,23.99974794098751,23.999859549344976,23.999888057007407
sensor,1986-07-05 08:53,2932,28.033333333333335,23.999858908261913,Core_ZN,6055.336807551501,1.0092228012585833,1143.8520196024667,,,23.999858908261913,23.999836373747552,23.99976118175731,23.999855444125295,23.9998853657432
sensor,1986-07-05 08:62,2933,28.3,23.99985592136202,Core_ZN,6097.064295184726,1.0161773825307876,1144.8681969849974,,,23.99985592136202,23.999833081813183,23.9997767061895,23.999852006327494,23.999883021680382
sensor,1986-07-05 09:12,2934,28.483333333333334,23.99985695631504,Core_ZN,6121.076913278318,1.0201794855463864,1145.8883764705438,,,23.99985695631504,23.9998335256481,23.999795380387095,23.99985339972418,23.999883787121313
sensor,1986-07-05 09:23,2935,28.66666666666667,23.999816688295397,Core_ZN,6143.580614765071,1.0239301024608451,1146.9123065730046,,,23.999816688295397,23.999782444068536,23.99979023672605,23.999811832737183,23.999850396529396
sensor,1986-07-05 09:33,2936,28.85,23.999819906768707,Core_ZN,6165.126145010396,1.0275210241683992,1147.939827597173,,,23.999819906768707,23.999787514633265,23.99977811603815,23.99981607651265,23.999854018127344
sensor,1986-07-05 09:43,2937,29.03333333333333,23.999820943809368,Core_ZN,6184.511905426737,1.0307519842377895,1148.970579581411,,,23.999820943809368,23.999786139010695,23.99979264753121,23.99981666037374,23.99985414133167
sensor,1986-07-05 09:53,2938,29.216666666666665,23.999821686499118,Core_ZN,6202.672221621211,1.033778703603535,1150.0043582850144,,,23.999821686499118,23.999784216655424,23.999808394907014,23.999816771896867,23.99985382419638
sensor,1986-07-05 09:63,2939,29.4,23.999822262588424,Core_ZN,6223.319362476677,1.0372198937461128,1151.0415781787606,,,23.999822262588424,23.999777607428854,23.999823122510307,23.999816619526,23.999853365138748
sensor,1986-07-05 10:13,2940,29.683333333333334,23.9998273628953,Core_ZN,6272.36854776913,1.0453947579615215,1152.086972936722,,,23.9998273628953,23.999776636036316,23.999843138232997,23.99982276740889,23.99985643777749
sensor,1986-07-05 10:23,2941,29.96666666666667,23.999827725233494,Core_ZN,6324.383782773906,1.054063963795651,1153.1410369005177,,,23.999827725233494,23.99977379972526,23.999858868397467,23.999826865000394,23.999858113721153
sensor,1986-07-05 10:33,2942,30.25,23.99982908602547,Core_ZN,6377.501467530739,1.062916911255123,1154.2039538117729,,,23.99982908602547,23.999769956931992,23.99987159516148,23.999829508477163,23.999858933193842
sensor,1986-07-05 10:43,2943,30.533333333333335,23.999830125886966,Core_ZN,6427.901298760378,1.0713168831267297,1155.2752706948995,,,23.999830125886966,23.999768225958324,23.99988272641561,23.9998321407898,23.999859816069517
sensor,1986-07-05 10:53,2944,30.816666666666666,23.999830682872982,Core_ZN,6479.118978374614,1.0798531630624355,1156.3551238579619,,,23.999830682872982,23.999767102189114,23.999891051063386,23.999834055356217,23.99986032160518
sensor,1986-07-05 10:63,2945,31.1,23.99983081172232,Core_ZN,6544.671632767523,1.0907786054612538,1157.4459024634232,,,23.99983081172232,23.999766119947047,23.999885317582894,23.999835204754113,23.99986044096501
sensor,1986-07-05 11:13,2946,31.1,23.99991183986107,Core_ZN,6213.55928099678,1.0355932134994634,1158.4814956769226,,,23.99991183986107,23.99986244811549,23.999929305646234,23.999914894666833,23.999915203767312
sensor,1986-07-05 11:25,2947,31.100000000000005,23.999890266910732,Core_ZN,6171.809428067573,1.0286349046779288,1159.5101305816006,,,23.999890266910732,23.999813332244834,23.999945477001425,23.999893767110816,23.99989754455562
sensor,1986-07-05 11:30,2948,31.1,23.999821657113813,Core_ZN,6145.07347295395,1.0241789121589915,1160.5343094937596,,,23.999821657113813,23.999739413284725,23.999866445569857,23.999834645672212,23.999851815557463
sensor,1986-07-05 11:40,2949,31.1,23.999800772283702,Core_ZN,6125.424448278232,1.0209040747130387,1161.5552135684727,,,23.999800772283702,23.999720393621775,23.999827421339816,23.99981310263927,23.999837468053855
sensor,1986-07-05 11:50,2950,31.1,23.999795923318505,Core_ZN,6108.596844596591,1.0180994740994318,1162.5733130425722,,,23.999795923318505,23.999709933568415,23.999815585521265,23.99980471587897,23.999834201498647
sensor,1986-07-05 11:60,2951,31.1,23.99979466602787,Core_ZN,6093.241003857669,1.0155401673096114,1163.5888532098818,,,23.99979466602787,23.99970249584405,23.99981219057337,23.999799557137695,23.999834212136673
sensor,1986-07-05 12:10,2952,31.283333333333335,23.999785957799528,Core_ZN,6123.818637299174,1.0206364395498624,1164.6094896494317,,,23.999785957799528,23.99968950317038,23.99980440276602,23.99978780627703,23.999828401405246
sensor,1986-07-05 12:20,2953,31.466666666666672,23.999786907397095,Core_ZN,6156.6208715431985,1.026103478590533,1165.6355931280223,,,23.999786907397095,23.999693997514342,23.99980334115379,23.99978909414574,23.999827448053406
sensor,1986-07-05 12:30,2954,31.650000000000002,23.999791086127424,Core_ZN,6188.659178380275,1.0314431963967126,1166.667036324419,,,23.999791086127424,23.999700764645528,23.999803746923025,23.999791893797035,23.999827578668228
sensor,1986-07-05 12:40,2955,31.833333333333336,23.999793601392774,Core_ZN,6225.9460498361705,1.037657674972695,1167.7046939993918,,,23.999793601392774,23.999710302996267,23.99980444493692,23.999794417731493,23.99982806801968
sensor,1986-07-05 12:50,2956,32.016666666666666,23.999795249656135,Core_ZN,6262.940742569219,1.0438234570948697,1168.7485174564868,,,23.999795249656135,23.99971574411573,23.999804587307977,23.999795359389367,23.99982809225855
sensor,1986-07-05 12:60,2957,32.2,23.999796289756954,Core_ZN,6300.336732116265,1.0500561220193774,1169.7985735785062,,,23.999796289756954,23.999721509701928,23.999804372220737,23.99979543540255,23.99982783640166
sensor,1986-07-05 13:10,2958,32.300000000000004,23.99979790212419,Core_ZN,6333.076300663403,1.0555127167772338,1170.8540862952834,,,23.99979790212419,23.999728815495537,23.99980507641727,23.99979610133115,23.999833281775736
sensor,1986-07-05 13:20,2959,32.400000000000006,23.999798245745605,Core_ZN,6370.267792548112,1.0617112987580186,1171.9157975940414,,,23.999798245745605,23.999733439835445,23.99980468801563,23.999794453157698,23.999827576912732
sensor,1986-07-05 13:30,2960,32.5,23.99980569580907,Core_ZN,6410.976874093716,1.068496145682286,1172.9842937397236,,,23.99980569580907,23.99973763755402,23.99980398330014,23.99979220387022,23.99981350873938
sensor,1986-07-05 13:40,2961,32.6,23.99980763153857,Core_ZN,6454.407143666943,1.0757345239444904,1174.060028263668,,,23.99980763153857,23.999741799099603,23.99980325075218,23.999789772733767,23.99979387749835
sensor,1986-07-05 13:50,2962,32.699999999999996,23.999808107182528,Core_ZN,6497.529779670334,1.0829216299450557,1175.1429498936131,,,23.999808107182528,23.999745469239038,23.999802207403302,23.999786732903143,23.999770651433014
sensor,1986-07-05 13:60,2963,32.8,23.999808064774395,Core_ZN,6544.07743722391,1.0906795728706515,1176.2336294664838,,,23.999808064774395,23.99975045621041,23.999801850803433,23.999784938277404,23.999743698842813
sensor,1986-07-05 14:10,2964,32.8,23.999810787831805,Core_ZN,6570.742188877117,1.095123698146186,1177.32875316463,,,23.999810787831805,23.99975740130843,23.99980416770749,23.99978545311698,23.999718065221355
sensor,1986-07-05 14:20,2965,32.8,23.999809988747476,Core_ZN,6597.574203445423,1.0995957005742372,1178.428348865204,,,23.999809988747476,23.999753158568662,23.999803973726276,23.999780753679588,23.999689130608655
sensor,1986-07-05 14:30,2966,32.8,23.999812344116673,Core_ZN,6624.509765474115,1.1040849609123524,1179.5324338261164,,,23.999812344116673,23.999746696664385,23.999803234235973,23.999775479935074,23.999659899355844
sensor,1986-07-05 14:45,2967,32.8,23.999867015013436,Core_ZN,6640.953799792605,1.1068256332987674,1180.6392594594151,,,23.999867015013436,23.999810852442597,23.99984279929611,23.999822308996485,23.999560891776547
sensor,1986-07-05 14:55,2968,32.8,23.999876603835418,Core_ZN,6657.996059633683,1.1096660099389473,1181.7489254693542,,,23.999876603835418,23.99982058943072,23.99985713008165,23.999837329499,23.99964422649687
sensor,1986-07-05 14:65,2969,32.8,23.999877026549434,Core_ZN,6674.276907839026,1.1123794846398376,1182.861304953994,,,23.999877026549434,23.999820418558723,23.999859955602858,23.999838433956498,23.999647921564506
sensor,1986-07-05 15:15,2970,32.61666666666667,23.999885653392052,Core_ZN,6654.234191417595,1.1090390319029324,1183.970343985897,,,23.999885653392052,23.99983456549169,23.99986798642633,23.999851872417743,23.999653051793615
sensor,1986-07-05 15:25,2971,32.43333333333334,23.999891501987364,Core_ZN,6630.286124374392,1.1050476873957318,1185.0753916732926,,,23.999891501987364,23.999845083463065,23.999873830659823,23.999862138007455,23.999661338621753
sensor,1986-07-05 15:35,2972,32.25,23.999896552002532,Core_ZN,6604.9149998693665,1.1008191666448943,1186.1762108399375,,,23.999896552002532,23.999852806859934,23.999878266412978,23.9998699993937,23.999669028020527
sensor,1986-07-05 15:45,2973,32.06666666666666,23.999900515323272,Core_ZN,6575.783648764275,1.0959639414607125,1187.2721747813982,,,23.999900515323272,23.99985914181532,23.999881898346118,23.999876519691725,23.999677033227577
sensor,1986-07-05 15:55,2974,31.883333333333333,23.999903535674996,Core_ZN,6544.669134358763,1.0907781890597938,1188.362952970458,,,23.999903535674996,23.99986396369119,23.999884756295724,23.999881665709175,23.99968413854569
sensor,1986-07-05 15:63,2975,31.7,23.999939275240557,Core_ZN,6504.09977843274,1.0840166297387899,1189.4469696001968,,,23.999939275240557,23.999916798980365,23.99993051422164,23.999927338421912,23.999746793950823
sensor,1986-07-05 16:13,2976,31.700000000000003,23.999959180011217,Core_ZN,6357.131735331699,1.0595219558886164,1190.5064915560854,,,23.999959180011217,23.999942390055118,23.99994382594015,23.999951501980615,23.999810128848722
sensor,1986-07-05 16:23,2977,31.700000000000003,23.999962560184294,Core_ZN,6335.639055294957,1.0559398425491593,1191.5624313986345,,,23.999962560184294,23.999942294958085,23.999944958037375,23.999951864072102,23.999820581309812
sensor,1986-07-05 16:33,2978,31.7,23.99996259751041,Core_ZN,6322.806762744299,1.0538011271240497,1192.6162325257585,,,23.99996259751041,23.999940438983703,23.999944979830943,23.999950564895,23.999825128016912
sensor,1986-07-05 16:43,2979,31.700000000000003,23.999962187218408,Core_ZN,6312.95494725215,1.0521591578753582,1193.668391683634,,,23.999962187218408,23.99993952362714,23.99994534867764,23.999949755275974,23.999824104843988
sensor,1986-07-05 16:53,2980,31.7,23.999961724720382,Core_ZN,6313.509028653777,1.0522515047756293,1194.7206431884094,,,23.999961724720382,23.999937239482172,23.99994506023612,23.999947718623652,23.999817096657374
sensor,1986-07-05 16:63,2981,31.7,23.99996121013881,Core_ZN,6312.796685339947,1.052132780889991,1195.7727759692993,,,23.99996121013881,23.999936874916344,23.99994559572555,23.999942866551038,23.999815884900116
sensor,1986-07-05 17:12,2982,31.516666666666666,24.512913836512173,Core_ZN,4.038461538461539e-09,6.730769230769232e-13,1195.7727759693,,,24.512913836512173,24.892771032615318,25.032424422310157,24.84201872474411,25.86775006088595
sensor,1986-07-05 17:23,2983,31.333333333333336,25.026275672303427,Core_ZN,436.77413483410476,0.07279568913901746,1195.845571658439,,,25.026275672303427,25.638065056992907,25.84280005671613,25.582071383610298,27.25308724009993
sensor,1986-07-05 17:33,2984,31.15,25.251508897387417,Core_ZN,744.6466059646327,0.12410776766077211,1195.9696794260997,,,25.251508897387417,25.964066951571972,26.177676581393584,25.942179903602046,26.716034274387447
sensor,1986-07-05 17:43,2985,30.96666666666667,25.34636075227308,Core_ZN,744.8979299595417,0.12414965499325693,1196.093829081093,,,25.34636075227308,26.09346026942992,26.305339638692786,26.11841491568124,26.70141634765821
sensor,1986-07-05 17:53,2986,30.783333333333335,25.40814657672347,Core_ZN,4.038461538461539e-09,6.730769230769232e-13,1196.0938290810936,,,25.40814657672347,26.16287198743568,26.37916487923804,26.233806097146005,27.425003069031053
sensor,1986-07-05 17:63,2987,30.6,25.462044280633002,Core_ZN,737.3190724441977,0.12288651207403295,1196.2167155931677,,,25.462044280633002,26.21367012854545,26.43964323720828,26.327147958844968,26.729906726954738
sensor,1986-07-05 18:13,2988,30.400000000000002,25.50585398626222,Core_ZN,751.4446497869156,0.12524077496448593,1196.3419563681323,,,25.50585398626222,26.250223008035203,26.485628968057014,26.3952827527412,26.70271870744277
sensor,1986-07-05 18:23,2989,30.200000000000003,25.54295350224696,Core_ZN,736.9433847884561,0.12282389746474268,1196.464780265597,,,25.54295350224696,26.27786458854347,26.523593113992273,26.44682363554515,26.700105805722977
sensor,1986-07-05 18:33,2990,30.0,25.574123034083836,Core_ZN,4.038461538461539e-09,6.730769230769232e-13,1196.4647802655977,,,25.574123034083836,26.295753780929484,26.553555012112977,26.477324787379217,27.361583391086825
sensor,1986-07-05 18:43,2991,29.799999999999997,25.600360846252453,Core_ZN,690.7640723761933,0.11512734539603221,1196.5799076109938,,,25.600360846252453,26.307211385798425,26.577953520169793,26.495382777159087,26.729555791555754
sensor,1986-07-05 18:53,2992,29.599999999999998,25.622374575791767,Core_ZN,701.8478314678342,0.11697463857797237,1196.696882249572,,,25.622374575791767,26.313969610529917,26.597468988315455,26.505075662896942,26.702725008879888
sensor,1986-07-05 18:63,2993,29.4,25.639945794379237,Core_ZN,677.9588145879013,0.11299313576465021,1196.8098753853365,,,25.639945794379237,26.315739922232908,26.61182534694226,26.502091416820186,26.70015598864594
sensor,1986-07-05 19:13,2994,29.21666666666667,25.65324985114543,Core_ZN,4.038461538461539e-09,6.730769230769232e-13,1196.8098753853371,,,25.65324985114543,26.31277071775553,26.621434711158667,26.482804721920814,27.127796924185855
sensor,1986-07-05 19:23,2995,29.033333333333335,25.662188610606457,Core_ZN,625.874332029798,0.104312388671633,1196.9141877740087,,,25.662188610606457,26.305339896743174,26.626130119744715,26.44629384629898,26.71895507859309
sensor,1986-07-05 19:33,2996,28.85,25.666562872398217,Core_ZN,611.5157763839412,0.1019192960639902,1197.0161070700726,,,25.666562872398217,26.291169891136747,26.62387765874907,26.38698253086649,26.701826387155926
sensor,1986-07-05 19:43,2997,28.666666666666668,25.666490605763503,Core_ZN,598.6139680195066,0.09976899466991776,1197.1158760647425,,,25.666490605763503,26.27606281166288,26.618637296454537,26.337842028083507,26.700140658393096
sensor,1986-07-05 19:55,2998,28.483333333333334,25.663164164179456,Core_ZN,4.038461538461539e-09,6.730769230769232e-13,1197.1158760647431,,,25.663164164179456,26.261516377855013,26.611798098479415,26.300943137171483,26.92680825179335
sensor,1986-07-05 19:65,2999,28.3,25.65868591170885,Core_ZN,4.038461538461539e-09,6.730769230769232e-13,1197.1158760647438,,,25.65868591170885,26.249160569105165,26.604404982641164,26.274033810234187,27.02548782107598
sensor,1986-07-05 20:15,3000,28.116666666666667,25.653827413181645,Core_ZN,4.038461538461539e-09,6.730769230769232e-13,1197.1158760647445,,,25.653827413181645,26.23715956797362,26.596345768596883,26.25154664140677,27.02902987322628
sensor,1986-07-05 20:25,3001,27.933333333333337,25.64939306578302,Core_ZN,4.038461538461539e-09,6.730769230769232e-13,1197.1158760647452,,,25.64939306578302,26.22553828182877,26.587524896112726,26.232153045335444,27.01065025705346
sensor,1986-07-05 20:35,3002,27.75,25.644532898894063,Core_ZN,4.038461538461539e-09,6.730769230769232e-13,1197.1158760647459,,,25.644532898894063,26.21424761139745,26.577815577286863,26.214942778871336,26.988301665402325
sensor,1986-07-05 20:45,3003,27.56666666666667,25.639202456490416,Core_ZN,4.038461538461539e-09,6.730769230769232e-13,1197.1158760647465,,,25.639202456490416,26.203059755159238,26.567763516419866,26.199268351098482,26.96638897621026
sensor,1986-07-05 20:55,3004,27.383333333333333,25.633453176597072,Core_ZN,4.038461538461539e-09,6.730769230769232e-13,1197.1158760647472,,,25.633453176597072,26.191798194943203,26.55739970389373,26.184683983299646,26.9458488753385
sensor,1986-07-05 20:60,3005,27.2,25.625955661032698,Core_ZN,4.038461538461539e-09,6.730769230769232e-13,1197.115876064748,,,25.625955661032698,26.178043197095242,26.546301955900496,26.168148064008548,26.923058364327687
sensor,1986-07-05 21:10,3006,27.200000000000003,25.626758670714626,Core_ZN,4.038461538461539e-09,6.730769230769232e-13,1197.1158760647486,,,25.626758670714626,26.174279491123425,26.54396335022235,26.162698304192723,26.913677372276517
sensor,1986-07-05 21:20,3007,27.200000000000003,25.628614479040223,Core_ZN,4.038461538461539e-09,6.730769230769232e-13,1197.1158760647493,,,25.628614479040223,26.173165128231247,26.54340084927994,26.160413527956486,26.907671764067
sensor,1986-07-05 21:30,3008,27.2,25.632445934441325,Core_ZN,4.038461538461539e-09,6.730769230769232e-13,1197.11587606475,,,25.632445934441325,26.173205396436174,26.543531813767476,26.159747150477106,26.903527297198597
sensor,1986-07-05 21:40,3009,27.200000000000003,25.637020873100983,Core_ZN,4.038461538461539e-09,6.730769230769232e-13,1197.1158760647506,,,25.637020873100983,26.173838838226363,26.54397299635453,26.16006629332669,26.90060473442291
sensor,1986-07-05 21:50,3010,27.2,25.642138154640364,Core_ZN,4.038461538461539e-09,6.730769230769232e-13,1197.1158760647513,,,25.642138154640364,26.174782683880135,26.544554879992067,26.16105610202919,26.898538309902055
sensor,1986-07-05 21:60,3011,27.2,25.64756477408239,Core_ZN,4.038461538461539e-09,6.730769230769232e-13,1197.115876064752,,,25.64756477408239,26.175891798168287,26.545177664732048,26.162509001875307,26.897066876861082
sensor,1986-07-05 22:10,3012,27.200000000000003,25.653178005508764,Core_ZN,4.038461538461539e-09,6.730769230769232e-13,1197.1158760647527,,,25.653178005508764,26.177288796747014,26.545949131987573,26.164367259970096,26.896153360626016
sensor,1986-07-05 22:20,3013,27.200000000000003,25.658888842146588,Core_ZN,4.038461538461539e-09,6.730769230769232e-13,1197.1158760647534,,,25.658888842146588,26.178837102223415,26.546747501976323,26.16648885598752,26.895569139804365
sensor,1986-07-05 22:30,3014,27.2,25.664636272447922,Core_ZN,4.038461538461539e-09,6.730769230769232e-13,1197.115876064754,,,25.664636272447922,26.180413451463497,26.54747100279294,26.1687512833035,26.895124620390707
sensor,1986-07-05 22:40,3015,27.200000000000003,25.67037329055149,Core_ZN,4.038461538461539e-09,6.730769230769232e-13,1197.1158760647547,,,25.67037329055149,26.181952199155727,26.5480684975624,26.171069672224284,26.894695620270458
sensor,1986-07-05 22:50,3016,27.2,25.676061514445372,Core_ZN,4.038461538461539e-09,6.730769230769232e-13,1197.1158760647554,,,25.676061514445372,26.183408385884974,26.548504883711054,26.173377351070442,26.894187965174723
sensor,1986-07-05 22:60,3017,27.2,25.68166871064836,Core_ZN,4.038461538461539e-09,6.730769230769232e-13,1197.115876064756,,,25.68166871064836,26.184746835543642,26.54875253496231,26.17561968216857,26.89352722982779
sensor,1986-07-05 23:10,3018,27.016666666666666,25.679311916038422,Core_ZN,4.038461538461539e-09,6.730769230769232e-13,1197.1158760647568,,,25.679311916038422,26.177718256200063,26.5394049270805,26.169903507072785,26.884163956078634
sensor,1986-07-05 23:20,3019,26.833333333333336,25.673236946582463,Core_ZN,4.038461538461539e-09,6.730769230769232e-13,1197.1158760647575,,,25.673236946582463,26.167467228406593,26.52773037742031,26.161155087602857,26.871948813152144
sensor,1986-07-05 23:30,3020,26.65,25.66559965499713,Core_ZN,4.038461538461539e-09,6.730769230769232e-13,1197.1158760647581,,,25.66559965499713,26.1553964934646,26.514539074350903,26.150708433308733,26.85806745561599
sensor,1986-07-05 23:40,3021,26.46666666666667,25.656876506761304,Core_ZN,4.038461538461539e-09,6.730769230769232e-13,1197.1158760647588,,,25.656876506761304,26.14199885242043,26.500141600682664,26.139032457431146,26.84288744010997
sensor,1986-07-05 23:50,3022,26.283333333333335,25.647272811910998,Core_ZN,4.038461538461539e-09,6.730769230769232e-13,1197.1158760647595,,,25.647272811910998,26.127540169772203,26.484674667995783,26.12636376982522,26.82654975409108
sensor,1986-07-05 23:60,3023,26.1,25.636954487604143,Core_ZN,4.038461538461539e-09,6.730769230769232e-13,1197.1158760647602,,,25.636954487604143,26.11211736301019,26.46821624433961,26.112786058772265,26.809128317402102
sensor,1986-07-06 00:10,3024,26.1,25.633894535550965,Core_ZN,4.038461538461539e-09,6.730769230769232e-13,1197.1158760647609,,,25.633894535550965,26.104324324611174,26.459664624658735,26.106467323850783,26.799440641863455
sensor,1986-07-06 00:20,3025,26.1,25.633474608916398,Core_ZN,4.038461538461539e-09,6.730769230769232e-13,1197.1158760647616,,,25.633474608916398,26.09888407956223,26.45309392832465,26.102358388759164,26.791546906986884
sensor,1986-07-06 00:30,3026,26.1,25.6341105039656,Core_ZN,4.038461538461539e-09,6.730769230769232e-13,1197.1158760647622,,,25.6341105039656,26.09428305934085,26.447150048974603,26.09900940068731,26.7841492915304
sensor,1986-07-06 00:40,3027,26.1,25.63515289641387,Core_ZN,4.038461538461539e-09,6.730769230769232e-13,1197.115876064763,,,25.63515289641387,26.089994102063486,26.441415087581657,26.09591723341044,26.776855441218462
sensor,1986-07-06 00:50,3028,26.1,25.636327111105754,Core_ZN,4.038461538461539e-09,6.730769230769232e-13,1197.1158760647636,,,25.636327111105754,26.08581359686015,26.435739658833903,26.09288920624966,26.76952792409149
sensor,1986-07-06 00:60,3029,26.1,25.637507887929974,Core_ZN,4.038461538461539e-09,6.730769230769232e-13,1197.1158760647643,,,25.637507887929974,26.081648707512386,26.430055064070647,26.089838481628863,26.762104980498293
sensor,1986-07-06 01:10,3030,26.1,25.63863348478963,Core_ZN,4.038461538461539e-09,6.730769230769232e-13,1197.115876064765,,,25.63863348478963,26.0779261196772,26.42460093704831,26.086985109810456,26.75493982822796
sensor,1986-07-06 01:20,3031,26.1,25.63967336044038,Core_ZN,4.038461538461539e-09,6.730769230769232e-13,1197.1158760647656,,,25.63967336044038,26.074435936873464,26.41923225358184,26.084197706589304,26.747849715712242
sensor,1986-07-06 01:30,3032,26.1,25.64061570460355,Core_ZN,4.038461538461539e-09,6.730769230769232e-13,1197.1158760647663,,,25.64061570460355,26.0710431014184,26.413917202145058,26.081411686131936,26.740794484256305
sensor,1986-07-06 01:40,3033,26.1,25.641447645105117,Core_ZN,4.038461538461539e-09,6.730769230769232e-13,1197.115876064767,,,25.641447645105117,26.06762715136539,26.408538122728423,26.078539742431712,26.733627336713443
sensor,1986-07-06 01:50,3034,26.1,25.642158761799518,Core_ZN,4.038461538461539e-09,6.730769230769232e-13,1197.1158760647677,,,25.642158761799518,26.064142050027396,26.40305459600715,26.07554813305259,26.72630323135412
sensor,1986-07-06 01:60,3035,26.1,25.642741887917616,Core_ZN,4.038461538461539e-09,6.730769230769232e-13,1197.1158760647684,,,25.642741887917616,26.06057568599239,26.397462734040136,26.07242928789137,26.718824412829733
sensor,1986-07-06 02:10,3036,25.633333333333336,25.62281435339987,Core_ZN,4.038461538461539e-09,6.730769230769232e-13,1197.115876064769,,,25.62281435339987,26.033865823316823,26.368578779459707,26.047868978599414,26.687768728961117
sensor,1986-07-06 02:20,3037,25.166666666666668,25.59410272472878,Core_ZN,4.038461538461539e-09,6.730769230769232e-13,1197.1158760647697,,,25.59410272472878,25.997924222160627,26.331615558260687,26.01486681197338,26.648693675466905
sensor,1986-07-06 02:30,3038,24.700000000000003,25.56065051809544,Core_ZN,4.038461538461539e-09,6.730769230769232e-13,1197.1158760647704,,,25.56065051809544,25.956963742889688,26.290222179713446,25.97729981235598,26.605186264314337
sensor,1986-07-06 02:40,3039,24.233333333333334,25.524042950275426,Core_ZN,4.038461538461539e-09,6.730769230769232e-13,1197.115876064771,,,25.524042950275426,25.9124981274366,26.245585275519442,25.936558720044424,26.558382425069524
sensor,1986-07-06 02:50,3040,23.766666666666666,25.484766046281617,Core_ZN,4.038461538461539e-09,6.730769230769232e-13,1197.1158760647718,,,25.484766046281617,25.864930385756256,26.198024054592416,25.89306338703152,26.50855925405754
sensor,1986-07-06 02:65,3041,23.3,25.451670561867893,Core_ZN,4.038461538461539e-09,6.730769230769232e-13,1197.1158760647725,,,25.451670561867893,25.825094870533157,26.15784530953907,25.856508856250905,26.466447923659146
sensor,1986-07-06 03:10,3042,23.116666666666667,25.411960219565948,Core_ZN,4.038461538461539e-09,6.730769230769232e-13,1197.1158760647731,,,25.411960219565948,25.776865822594694,26.109729072012925,25.8124913796777,26.415343941786116
sensor,1986-07-06 03:20,3043,22.933333333333334,25.38562715899451,Core_ZN,4.038461538461539e-09,6.730769230769232e-13,1197.1158760647738,,,25.38562715899451,25.742915582176888,26.075106944018962,25.78159076891525,26.377973422123798
sensor,1986-07-06 03:30,3044,22.75,25.36101686608333,Core_ZN,4.038461538461539e-09,6.730769230769232e-13,1197.1158760647745,,,25.36101686608333,25.710306815015198,26.041407007036927,25.751892689848372,26.341293125285617
sensor,1986-07-06 03:40,3045,22.566666666666666,25.336951546970898,Core_ZN,4.038461538461539e-09,6.730769230769232e-13,1197.1158760647752,,,25.336951546970898,25.677991465749958,26.0077114070065,25.722435085448286,26.304074454075813
sensor,1986-07-06 03:50,3046,22.383333333333333,25.31292456101924,Core_ZN,4.038461538461539e-09,6.730769230769232e-13,1197.1158760647759,,,25.31292456101924,25.645543507194148,25.973623265349527,25.69284175353548,26.26684213539404
sensor,1986-07-06 03:60,3047,22.2,25.288698391033268,Core_ZN,4.038461538461539e-09,6.730769230769232e-13,1197.1158760647766,,,25.288698391033268,25.612729673519766,25.93878078125982,25.662927489504632,26.230133946512492
sensor,1986-07-06 04:10,3048,22.116666666666667,25.268769242514725,Core_ZN,4.038461538461539e-09,6.730769230769232e-13,1197.1158760647772,,,25.268769242514725,25.584705377107934,25.908521418325357,25.637478534651564,26.199056972923277
sensor,1986-07-06 04:20,3049,22.03333333333333,25.251832124611933,Core_ZN,4.038461538461539e-09,6.730769230769232e-13,1197.115876064778,,,25.251832124611933,25.558366063800584,25.880622416202982,25.613638434003388,26.169972485644518
sensor,1986-07-06 04:30,3050,21.95,25.235507929922267,Core_ZN,4.038461538461539e-09,6.730769230769232e-13,1197.1158760647786,,,25.235507929922267,25.540459993540278,25.912600372553904,25.6250873698989,26.149321574479007
sensor,1986-07-06 04:40,3051,21.866666666666667,25.221235888917434,Core_ZN,4.038461538461539e-09,6.730769230769232e-13,1197.1158760647793,,,25.221235888917434,25.526684350551953,25.98702546829851,25.661233157089967,26.13184951678952
sensor,1986-07-06 04:50,3052,21.78333333333333,25.210328564986963,Core_ZN,4.038461538461539e-09,6.730769230769232e-13,1197.11587606478,,,25.210328564986963,25.51734942893093,26.092984765091927,25.70955608895644,26.117626764877297
sensor,1986-07-06 04:60,3053,21.7,25.203441744200443,Core_ZN,4.038461538461539e-09,6.730769230769232e-13,1197.1158760647807,,,25.203441744200443,25.51295563044362,26.232181287261184,25.760741037347902,26.106267529660737
sensor,1986-07-06 05:10,3054,21.966666666666665,25.2165880643709,Core_ZN,4.038461538461539e-09,6.730769230769232e-13,1197.1158760647813,,,25.2165880643709,25.532490161368912,26.408980247961196,25.827760448743813,26.116329018210575
sensor,1986-07-06 05:20,3055,22.233333333333334,25.238687878228337,Core_ZN,4.038461538461539e-09,6.730769230769232e-13,1197.115876064782,,,25.238687878228337,25.56673414506359,26.616714742863774,25.906646030904753,26.13882977464888
sensor,1986-07-06 05:35,3056,22.5,25.26093040866613,Core_ZN,4.038461538461539e-09,6.730769230769232e-13,1197.1158760647827,,,25.26093040866613,25.600044005287394,26.795086631020105,25.968823830356676,26.160541215901997
sensor,1986-07-06 05:45,3057,22.766666666666666,25.29180196744617,Core_ZN,4.038461538461539e-09,6.730769230769232e-13,1197.1158760647834,,,25.29180196744617,25.645882258905438,27.015484628348055,26.03735081384992,26.18912026389043
sensor,1986-07-06 05:55,3058,23.033333333333335,25.324672662601387,Core_ZN,4.038461538461539e-09,6.730769230769232e-13,1197.115876064784,,,25.324672662601387,25.69378521244962,27.230095384497062,26.09554837716386,26.218897327587896
sensor,1986-07-06 05:65,3059,23.3,25.358545749110082,Core_ZN,675.0833228163078,0.11251388713605129,1197.22838995192,,,25.358545749110082,25.742665624799336,26.76551902802624,26.145623319077146,26.249822592936162
sensor,1986-07-06 06:13,3060,23.683333333333334,25.393701469645656,Core_ZN,687.6226478181832,0.11460377463636386,1197.3429937265564,,,25.393701469645656,25.792185697233034,26.705589594024467,26.184565415466288,26.284100316553463
sensor,1986-07-06 06:23,3061,24.06666666666667,25.433533808738982,Core_ZN,710.0631369752981,0.11834385616254968,1197.461337582719,,,25.433533808738982,25.848579913241714,26.70042831417536,26.215770119625187,26.324679855224375
sensor,1986-07-06 06:33,3062,24.450000000000003,25.471507886120452,Core_ZN,4.038461538461539e-09,6.730769230769232e-13,1197.4613375827196,,,25.471507886120452,25.90409548381546,27.398193743524203,26.23631494236812,26.365041174331857
sensor,1986-07-06 06:43,3063,24.833333333333336,25.511663667424767,Core_ZN,738.8166926487436,0.12313611544145726,1197.584473698161,,,25.511663667424767,25.964626563923645,26.729690756313104,26.250534601084453,26.409395392386998
sensor,1986-07-06 06:53,3064,25.21666666666667,25.547133040297638,Core_ZN,784.4643953016986,0.13074406588361642,1197.7152177640446,,,25.547133040297638,26.020497046106716,26.701421997688083,26.260377278691276,26.450020020981754
sensor,1986-07-06 06:63,3065,25.6,25.580605479183788,Core_ZN,798.2049845119165,0.1330341640853194,1197.84825192813,,,25.580605479183788,26.07831762930073,26.699856785728006,26.272660426130802,26.4911706821824
sensor,1986-07-06 07:12,3066,25.783333333333335,25.60482844216859,Core_ZN,4.038461538461539e-09,6.730769230769232e-13,1197.8482519281306,,,25.60482844216859,26.129094780830837,27.61677642588589,26.288351501786945,26.525655488503944
sensor,1986-07-06 07:23,3067,25.96666666666667,25.624374111344643,Core_ZN,774.3103473026729,0.12905172455044547,1197.977303652681,,,25.624374111344643,26.17694223689644,26.72080582845856,26.30920867323586,26.557760748368505
sensor,1986-07-06 07:33,3068,26.15,25.642260432417487,Core_ZN,853.5724806751031,0.14226208011251718,1198.1195657327935,,,25.642260432417487,26.224572892881856,26.70088719800465,26.335965866636744,26.591042123216607
sensor,1986-07-06 07:43,3069,26.333333333333332,25.66000067784872,Core_ZN,852.9188682297222,0.1421531447049537,1198.2617188774984,,,25.66000067784872,26.269994451394652,26.699762407957802,26.36432101385919,26.62462982555497
sensor,1986-07-06 07:52,3070,26.516666666666666,25.677276840615562,Core_ZN,4.038461538461539e-09,6.730769230769232e-13,1198.261718877499,,,25.677276840615562,26.310387805624842,27.76900283115295,26.39108037329207,26.65662804302804
sensor,1986-07-06 07:62,3071,26.7,25.695846630825205,Core_ZN,792.5785467461648,0.13209642445769412,1198.3938153019567,,,25.695846630825205,26.350355133863,26.724714666767948,26.41926534960497,26.690033708140948
sensor,1986-07-06 08:12,3072,26.96666666666667,25.717117742392336,Core_ZN,893.9291215792709,0.14898818692987847,1198.5428034888866,,,25.717117742392336,26.39107675367413,26.701053094372103,26.450287608372385,26.725348453595874
sensor,1986-07-06 08:23,3073,27.233333333333334,25.740296098611392,Core_ZN,887.30989111406,0.14788498185234333,1198.690688470739,,,25.740296098611392,26.432416144346405,26.699738377782698,26.483267811508465,26.762652251681175
sensor,1986-07-06 08:32,3074,27.5,25.76320329027053,Core_ZN,4.038461538461539e-09,6.730769230769232e-13,1198.6906884707396,,,25.76320329027053,26.472138983500606,27.843680495416695,26.51571819104497,26.799824453081477
sensor,1986-07-06 08:42,3075,27.766666666666666,25.787623386359662,Core_ZN,798.3752841271412,0.13306254735452352,1198.823751018094,,,25.787623386359662,26.513396213112692,26.726635210597713,26.55000458265939,26.838725772265597
sensor,1986-07-06 08:53,3076,28.033333333333335,25.813072032351133,Core_ZN,913.5567591365381,0.15225945985608969,1198.9760104779502,,,25.813072032351133,26.55564496697108,26.702036504854387,26.585468757832015,26.877935172226273
sensor,1986-07-06 08:63,3077,28.3,25.837348506478172,Core_ZN,893.1538528747877,0.1488589754791313,1199.1248694534295,,,25.837348506478172,26.597672625001124,26.69981102275644,26.619263034197147,26.915668227581328
sensor,1986-07-06 09:12,3078,28.483333333333334,25.857297629357525,Core_ZN,4.038461538461539e-09,6.730769230769232e-13,1199.1248694534302,,,25.857297629357525,26.63579414628092,27.78130404815938,26.647654415472605,26.94835073263146
sensor,1986-07-06 09:23,3079,28.66666666666667,25.877917506191398,Core_ZN,790.7360867485941,0.13178934779143234,1199.2566588012216,,,25.877917506191398,26.678571159377935,26.746167300527873,26.677622289884503,26.98322230547042
sensor,1986-07-06 09:32,3080,28.85,25.89626645986204,Core_ZN,875.7416644935018,0.1459569440822503,1199.4026157453038,,,25.89626645986204,26.718500605677885,26.702251503169514,26.704598009720762,27.014212706726916
sensor,1986-07-06 09:42,3081,29.03333333333333,25.914736468985897,Core_ZN,849.5151144789547,0.14158585241315913,1199.544201597717,,,25.914736468985897,26.759982973298232,26.6998707387822,26.731575649664133,27.045667268474965
sensor,1986-07-06 09:52,3082,29.216666666666665,25.93197761729497,Core_ZN,4.038461538461539e-09,6.730769230769232e-13,1199.5442015977176,,,25.93197761729497,26.80692770916643,27.603457309139383,26.757544382669366,27.076740437070768
sensor,1986-07-06 09:62,3083,29.4,25.949759484844847,Core_ZN,750.675600586133,0.12511260009768882,1199.6693141978153,,,25.949759484844847,26.863727181451935,26.720604568403484,26.7841796962568,27.108772626971522
sensor,1986-07-06 10:12,3084,29.683333333333334,25.970032972099347,Core_ZN,811.7864401417708,0.13529774002362843,1199.804611937839,,,25.970032972099347,26.926961994442976,26.70097679564557,26.81294887922749,27.14274580258353
sensor,1986-07-06 10:23,3085,29.96666666666667,25.992671530261777,Core_ZN,791.9622924225583,0.1319937154037597,1199.9366056532426,,,25.992671530261777,26.994351580106862,26.699868737652558,26.843570390285784,27.17874799337865
sensor,1986-07-06 10:32,3086,30.25,26.015624554236798,Core_ZN,738.5818762157753,0.12309697936929588,1200.059702632612,,,26.015624554236798,27.06319091020094,27.44683374634865,26.87454967665007,27.027130430915836
sensor,1986-07-06 10:43,3087,30.533333333333335,26.03959235063127,Core_ZN,1410.7304953849632,0.2351217492308272,1200.2948243818428,,,26.03959235063127,27.132899510940874,26.73200568128626,26.906004010540315,26.733691779764616
sensor,1986-07-06 10:53,3088,30.816666666666666,26.063016942642037,Core_ZN,1441.5852627103409,0.24026421045172347,1200.5350885922944,,,26.063016942642037,27.197765990612663,26.70294533933695,26.93566052891602,26.703391699868725
sensor,1986-07-06 10:65,3089,31.1,26.088104418453554,Core_ZN,1577.6741399080513,0.2629456899846752,1200.798034282279,,,26.088104418453554,26.73803627223131,26.700377280744668,26.966838951983263,27.02684733796238
sensor,1986-07-06 11:13,3090,31.200000000000003,26.104497454661296,Core_ZN,1209.3279411793585,0.2015546568632264,1200.9995889391423,,,26.104497454661296,26.702095267167778,27.321560647669738,26.988080955201994,27.300001954978413
sensor,1986-07-06 11:25,3091,31.300000000000004,26.120284350351994,Core_ZN,2251.1045170606862,0.375184086176781,1201.3747730253192,,,26.120284350351994,26.700055311614335,26.763964745216608,27.009707684640965,26.76011177572625
sensor,1986-07-06 11:35,3092,31.4,26.13405065031489,Core_ZN,1449.672779171939,0.24161212986198982,1201.6163851551812,,,26.13405065031489,27.09388433521344,26.710940469073364,27.029241443864237,26.71082159464663
sensor,1986-07-06 11:45,3093,31.5,26.147361043772936,Core_ZN,1580.0784369557953,0.26334640615929916,1201.8797315613406,,,26.147361043772936,26.725373244991637,26.70172730432512,27.05143986981708,27.066481667966737
sensor,1986-07-06 11:53,3094,31.6,26.159702292978004,Core_ZN,1824.5584655735292,0.3040930775955882,1202.1838246389361,,,26.159702292978004,26.701291897452798,27.306070061883595,27.073634505318434,27.179652715125492
sensor,1986-07-06 11:65,3095,31.7,26.174164505944642,Core_ZN,2287.65434550833,0.38127572425138834,1202.5651003631874,,,26.174164505944642,26.699913743639875,26.762220996670003,27.100554072769935,26.791808931086152
sensor,1986-07-06 12:15,3096,31.783333333333335,26.187341694101953,Core_ZN,1463.6046030711805,0.2439341005118634,1202.8090344636992,,,26.187341694101953,27.139954620650308,26.710662574917734,27.12631513710356,26.716501103990552
sensor,1986-07-06 12:25,3097,31.86666666666667,26.20124995484555,Core_ZN,1609.248882961281,0.26820814716021346,1203.0772426108595,,,26.20124995484555,26.728614302018293,26.70167345127726,27.151810846744972,27.104580217172497
sensor,1986-07-06 12:33,3098,31.950000000000003,26.214051730755294,Core_ZN,1542.3781175764057,0.2570630195960676,1203.3343056304554,,,26.214051730755294,26.701444633010304,27.32687622887459,27.176222556904225,26.719790038356322
sensor,1986-07-06 12:45,3099,32.03333333333334,26.228911097382703,Core_ZN,2729.7524839120892,0.4549587473186816,1203.789264377774,,,26.228911097382703,26.699910993664613,26.76436896295094,27.315414853267445,26.70383568275861
sensor,1986-07-06 12:53,3100,32.11666666666667,26.24189706990188,Core_ZN,2317.682049008372,0.38628034150139534,1204.1755447192754,,,26.24189706990188,27.13666555314733,26.705377959518525,26.719146030864046,26.70021652391099
sensor,1986-07-06 12:65,3101,32.2,26.2570551726301,Core_ZN,2455.885982209367,0.40931433036822784,1204.5848590496437,,,26.2570551726301,26.72559823927216,26.700824067801797,26.702488734639132,27.143096826797233
sensor,1986-07-06 13:13,3102,32.300000000000004,26.27045137097359,Core_ZN,1572.4404469062874,0.26207340781771454,1204.8469324574614,,,26.27045137097359,26.701254629708018,27.360705455748626,26.99825648687868,26.721612615423503
sensor,1986-07-06 13:25,3103,32.400000000000006,26.285424445669747,Core_ZN,2351.7871674686075,0.3919645279114346,1205.2388969853728,,,26.285424445669747,26.699882038297574,26.76792876587021,27.223874667242555,26.704102952572004
sensor,1986-07-06 13:33,3104,32.5,26.299283891649306,Core_ZN,2391.140855183146,0.39852347586385767,1205.6374204612366,,,26.299283891649306,27.15682033075921,26.705657960440796,26.718750141842133,26.70015337601847
sensor,1986-07-06 13:43,3105,32.6,26.31510288802994,Core_ZN,2453.8966829662754,0.4089827804943792,1206.046403241731,,,26.31510288802994,26.711550844594754,26.70038205785713,26.701137530994327,27.34121837842187
sensor,1986-07-06 13:53,3106,32.699999999999996,26.33074614463011,Core_ZN,2470.395874551036,0.411732645758506,1206.4581358874896,,,26.33074614463011,26.700260826956693,27.360556924957997,26.69992645894012,26.71534033660756
sensor,1986-07-06 13:63,3107,32.8,26.347726332690854,Core_ZN,2422.8495098000403,0.40380825163334,1206.861944139123,,,26.347726332690854,26.699825023672695,26.72809801821643,27.031680386695037,26.701204139191876
sensor,1986-07-06 14:13,3108,32.7,26.3586425213669,Core_ZN,2948.064740249968,0.49134412337499467,1207.353288262498,,,26.3586425213669,27.138301351434283,26.70256795796984,27.137780967361337,26.69985249864987
sensor,1986-07-06 14:22,3109,32.6,26.365316108622984,Core_ZN,2410.007084401642,0.4016678474002736,1207.754956109898,,,26.365316108622984,26.70380650984933,26.699963215460645,26.710225725402232,27.522863424275585
sensor,1986-07-06 14:32,3110,32.5,26.371902261010693,Core_ZN,2491.145216511987,0.41519086941866457,1208.1701469793168,,,26.371902261010693,26.69999580666709,27.363817677062002,26.700285058464996,26.717338099479193
sensor,1986-07-06 14:43,3111,32.400000000000006,26.37844194707638,Core_ZN,2459.755942055309,0.4099593236758848,1208.5801063029926,,,26.37844194707638,26.699829040987588,26.728278014678665,27.030304130111077,26.701219327329223
sensor,1986-07-06 14:55,3112,32.3,26.384872679183978,Core_ZN,2171.2573462143373,0.3618762243690562,1208.9419825273617,,,26.384872679183978,27.16060666285564,26.705227838966366,27.371001251463554,26.699637369337943
sensor,1986-07-06 14:62,3113,32.2,26.390092416093356,Core_ZN,2394.449166530978,0.39907486108849627,1209.3410573884503,,,26.390092416093356,26.70466775973555,26.700039432771515,26.70745327927146,27.66288699458059
sensor,1986-07-06 15:12,3114,32.2,26.39918292939427,Core_ZN,2476.185133816769,0.4126975223027948,1209.753754910753,,,26.39918292939427,26.70003879998446,27.348195575495993,26.700171498773575,26.72102417540452
sensor,1986-07-06 15:23,3115,32.2,26.410184135020636,Core_ZN,2484.899702651522,0.4141499504419204,1210.167904861195,,,26.410184135020636,26.699842185348473,26.72763220477401,27.038287133219402,26.701462776282987
sensor,1986-07-06 15:33,3116,32.2,26.420632976295536,Core_ZN,2984.300459699531,0.4973834099499218,1210.6652882711448,,,26.420632976295536,27.112091458944565,26.702525817302153,27.14777378000389,26.699732526879714
sensor,1986-07-06 15:42,3117,32.2,26.430208890360007,Core_ZN,2358.826553221377,0.39313775887022945,1211.058426030015,,,26.430208890360007,26.703597047365562,26.69996861984059,26.71040115082732,27.7623597860335
sensor,1986-07-06 15:53,3118,32.2,26.441184811135606,Core_ZN,2482.91425442293,0.4138190424038216,1211.472245072419,,,26.441184811135606,26.700065537600587,27.36751278056104,26.70056153204631,26.74338057624771
sensor,1986-07-06 15:65,3119,32.2,26.452528093823517,Core_ZN,2555.364552264287,0.42589409204404777,1211.898139164463,,,26.452528093823517,26.699802914077473,26.768814940192772,27.07051877632939,26.70694671369173
sensor,1986-07-06 16:15,3120,32.016666666666666,26.457356797878347,Core_ZN,2239.8315686411115,0.3733052614401853,1212.2714444259032,,,26.457356797878347,27.14195243524781,26.71176009719063,27.381344453324672,26.700531124262994
sensor,1986-07-06 16:22,3121,31.83333333333334,26.459167953403032,Core_ZN,2336.007559721313,0.3893345932868855,1212.66077901919,,,26.459167953403032,26.704497240551138,26.700272369054115,26.70758584884505,27.968865225699624
sensor,1986-07-06 16:33,3122,31.650000000000002,26.460975946010283,Core_ZN,2501.5535411652268,0.41692559019420444,1213.0777046093842,,,26.460975946010283,26.70013879136191,27.324210901515492,26.700376878706066,26.752857516182566
sensor,1986-07-06 16:45,3123,31.46666666666667,26.46222431771244,Core_ZN,2568.0088795747915,0.4280014799291319,1213.5057060893134,,,26.46222431771244,26.699836565856863,26.764285875901628,27.052544646259683,26.70824574340502
sensor,1986-07-06 16:55,3124,31.283333333333335,26.461991867495204,Core_ZN,2247.7047270034896,0.3746174545005816,1213.880323543814,,,26.461991867495204,27.111774504411827,26.711027153631687,27.35591158342001,26.700643922072405
sensor,1986-07-06 16:62,3125,31.1,26.46115161214666,Core_ZN,2269.434704339512,0.37823911738991867,1214.258562661204,,,26.46115161214666,26.704192959176616,26.700264187325928,26.70724855142793,28.028538484111547
sensor,1986-07-06 17:13,3126,31.016666666666666,26.463573409667617,Core_ZN,2462.7363145303225,0.41045605242172034,1214.6690187136257,,,26.463573409667617,26.700136943816435,27.27095780833806,26.700354400044514,26.755932937414492
sensor,1986-07-06 17:23,3127,30.933333333333337,26.469068248096768,Core_ZN,2480.790915341971,0.4134651525569951,1215.0824838661827,,,26.469068248096768,26.699893648357815,26.725993978498188,27.042969107869155,26.7044434212648
sensor,1986-07-06 17:33,3128,30.85,26.475904047509054,Core_ZN,2958.3795850852835,0.4930632641808806,1215.5755471303635,,,26.475904047509054,27.047054218060687,26.70242865670027,27.160312309220682,26.699879198670814
sensor,1986-07-06 17:42,3129,30.766666666666666,26.482791247101062,Core_ZN,2249.3567258461085,0.3748927876410181,1215.9504399180046,,,26.482791247101062,26.941343781753126,26.700001724216293,26.710630348784235,27.905797250612913
sensor,1986-07-06 17:53,3130,30.683333333333337,26.490101475708112,Core_ZN,2366.3350845859836,0.39438918076433055,1216.344829098769,,,26.490101475708112,26.708896301300033,27.193559206330693,26.70030105562564,26.727375679159607
sensor,1986-07-06 17:63,3131,30.6,26.496077054678587,Core_ZN,2330.2215181448105,0.3883702530241351,1216.733199351793,,,26.496077054678587,26.700251829452114,26.711283588623402,27.021935176319523,26.701175708075464
sensor,1986-07-06 18:13,3132,29.300000000000004,26.46650764359655,Core_ZN,2814.6561915448196,0.46910936525746993,1217.2023087170505,,,26.46650764359655,26.938203168970496,26.70058287490928,27.138776178691423,26.699797431564026
sensor,1986-07-06 18:22,3133,28.0,26.408789921159617,Core_ZN,1362.2556185201177,0.22704260308668625,1217.4293513201371,,,26.408789921159617,27.0851451319174,26.699960857283727,26.710412298590008,27.452615193882124
sensor,1986-07-06 18:32,3134,26.700000000000003,26.333761664898304,Core_ZN,1301.8027404954469,0.2169671234159078,1217.6463184435531,,,26.333761664898304,27.07330188752098,27.01989330078321,26.700243837491165,26.710230959891902
sensor,1986-07-06 18:42,3135,25.4,26.244975377346616,Core_ZN,1314.4509954121356,0.2190751659020226,1217.8653936094552,,,26.244975377346616,26.999538839173972,27.058869293863285,26.769254563733387,26.700291398125884
sensor,1986-07-06 18:52,3136,24.099999999999998,26.143119206517927,Core_ZN,1238.9609784156867,0.20649349640261444,1218.0718871058577,,,26.143119206517927,26.90096648367796,26.71401080850121,26.781727799002343,26.699945758817773
sensor,1986-07-06 18:63,3137,22.8,26.032298818101758,Core_ZN,581.1553590797066,0.09685922651328444,1218.168746332371,,,26.032298818101758,26.786221319749664,26.700822885530712,26.70943681336453,27.02467656605112
sensor,1986-07-06 19:13,3138,22.433333333333334,25.94904718328831,Core_ZN,408.8066286288523,0.06813443810480871,1218.2368807704759,,,25.94904718328831,26.69367437021896,26.851178059633817,26.634470259550703,27.252968583664295
sensor,1986-07-06 19:23,3139,22.06666666666667,25.888001533241688,Core_ZN,554.0936391260129,0.09234893985433548,1218.3292297103303,,,25.888001533241688,26.619190224365628,26.93822210876619,26.569425830290385,26.71383810990518
sensor,1986-07-06 19:33,3140,21.700000000000003,25.833831678413667,Core_ZN,577.408197088069,0.09623469951467817,1218.425464409845,,,25.833831678413667,26.54873118273591,26.93590932879659,26.504984352278974,26.701323104168786
sensor,1986-07-06 19:43,3141,21.333333333333336,25.785019189832866,Core_ZN,4.038461538461539e-09,6.730769230769232e-13,1218.4254644098457,,,25.785019189832866,26.48742347722701,26.907733168367557,26.448015194014516,26.88661614824337
sensor,1986-07-06 19:53,3142,20.96666666666667,25.73644938102356,Core_ZN,4.038461538461539e-09,6.730769230769232e-13,1218.4254644098464,,,25.73644938102356,26.431072041209678,26.871280742696108,26.39549517141792,26.97225252222551
sensor,1986-07-06 19:63,3143,20.6,25.688129768533514,Core_ZN,4.038461538461539e-09,6.730769230769232e-13,1218.425464409847,,,25.688129768533514,26.377955624978636,26.83162413286984,26.346090472621217,26.964836492326306
sensor,1986-07-06 20:15,3144,20.6,25.652204410066695,Core_ZN,4.038461538461539e-09,6.730769230769232e-13,1218.4254644098478,,,25.652204410066695,26.334095790298004,26.798985116221786,26.30576909491453,26.941205848213585
sensor,1986-07-06 20:25,3145,20.6,25.63200804940479,Core_ZN,4.038461538461539e-09,6.730769230769232e-13,1218.4254644098485,,,25.63200804940479,26.301788012119182,26.774716228978157,26.27663749532232,26.918002680233702
sensor,1986-07-06 20:35,3146,20.6,25.616874860689222,Core_ZN,4.038461538461539e-09,6.730769230769232e-13,1218.4254644098492,,,25.616874860689222,26.272847904176494,26.752065339189585,26.250910293378574,26.894868297000343
sensor,1986-07-06 20:45,3147,20.6,25.604320127700554,Core_ZN,4.038461538461539e-09,6.730769230769232e-13,1218.4254644098498,,,25.604320127700554,26.245773640935095,26.729984298202176,26.22709309542629,26.87224001754958
sensor,1986-07-06 20:55,3148,20.6,25.59343143718391,Core_ZN,4.038461538461539e-09,6.730769230769232e-13,1218.4254644098505,,,25.59343143718391,26.219894198851435,26.70810474594757,26.204509536643613,26.850148705381045
sensor,1986-07-06 20:65,3149,20.6,25.583719672240857,Core_ZN,4.038461538461539e-09,6.730769230769232e-13,1218.4254644098512,,,25.583719672240857,26.195412175444226,26.686258451901857,26.182778082109216,26.82848507745063
sensor,1986-07-06 21:15,3150,20.21666666666667,25.56106579368934,Core_ZN,4.038461538461539e-09,6.730769230769232e-13,1218.4254644098519,,,25.56106579368934,26.159161854648616,26.651248685961548,26.149549536713135,26.794277043486034
sensor,1986-07-06 21:25,3151,19.833333333333336,25.52893844062884,Core_ZN,4.038461538461539e-09,6.730769230769232e-13,1218.4254644098526,,,25.52893844062884,26.115625839254697,26.608419979130076,26.10959976112119,26.752944699511936
sensor,1986-07-06 21:35,3152,19.450000000000003,25.49366496239845,Core_ZN,4.038461538461539e-09,6.730769230769232e-13,1218.4254644098532,,,25.49366496239845,26.068985269330845,26.561986119427885,26.066897173155866,26.70855982802925
sensor,1986-07-06 21:45,3153,19.066666666666666,25.457214273118925,Core_ZN,4.038461538461539e-09,6.730769230769232e-13,1218.425464409854,,,25.457214273118925,26.020474224703946,26.513534014855683,26.02257410677424,26.662172276245947
sensor,1986-07-06 21:55,3154,18.683333333333334,25.42011248091663,Core_ZN,4.038461538461539e-09,6.730769230769232e-13,1218.4254644098546,,,25.42011248091663,25.97052424679999,26.463779448973575,25.97692403096582,26.613989944574186
sensor,1986-07-06 21:65,3155,18.3,25.382551354836416,Core_ZN,4.038461538461539e-09,6.730769230769232e-13,1218.4254644098553,,,25.382551354836416,25.919721821684707,26.412855242749195,25.930442378427284,26.564348400963105
sensor,1986-07-06 22:15,3156,18.683333333333337,25.37155928917499,Core_ZN,4.038461538461539e-09,6.730769230769232e-13,1218.425464409856,,,25.37155928917499,25.89923419964267,26.392947544210944,25.91244748568261,26.54576589232504
sensor,1986-07-06 22:20,3157,19.06666666666667,25.378626733425953,Core_ZN,4.038461538461539e-09,6.730769230769232e-13,1218.4254644098567,,,25.378626733425953,25.895490505971537,26.389067022345323,25.91069286261442,26.543426932904133
sensor,1986-07-06 22:30,3158,19.450000000000003,25.39218611585569,Core_ZN,4.038461538461539e-09,6.730769230769232e-13,1218.4254644098573,,,25.39218611585569,25.899870076297802,26.392592932856946,25.916402246316043,26.548489207282927
sensor,1986-07-06 22:40,3159,19.833333333333336,25.40906074274931,Core_ZN,4.038461538461539e-09,6.730769230769232e-13,1218.425464409858,,,25.40906074274931,25.90776466003633,26.39931019593676,25.92550195547072,26.55604767144775
sensor,1986-07-06 22:50,3160,20.21666666666667,25.428340236502134,Core_ZN,4.038461538461539e-09,6.730769230769232e-13,1218.4254644098587,,,25.428340236502134,25.918501325742216,26.408690452624576,25.93695295602961,26.565410689366004
sensor,1986-07-06 22:60,3161,20.6,25.44961919835207,Core_ZN,4.038461538461539e-09,6.730769230769232e-13,1218.4254644098594,,,25.44961919835207,25.93090651244567,26.419804438794724,25.95002268633268,26.576300695610307
sensor,1986-07-06 23:10,3162,20.683333333333334,25.52991680690211,Core_ZN,4.038461538461539e-09,6.730769230769232e-13,1218.42546440986,,,25.52991680690211,25.99947335522954,26.484200355148673,26.019754801213278,26.6400859683377
sensor,1986-07-06 23:20,3163,20.76666666666667,25.570901137015397,Core_ZN,4.038461538461539e-09,6.730769230769232e-13,1218.4254644098608,,,25.570901137015397,26.025306336155,26.504186806265913,26.04701294885207,26.659446374360908
sensor,1986-07-06 23:30,3164,20.85,25.596203939522777,Core_ZN,4.038461538461539e-09,6.730769230769232e-13,1218.4254644098614,,,25.596203939522777,26.037696032417834,26.512039650393437,26.060559575016466,26.667225661697458
sensor,1986-07-06 23:40,3165,20.933333333333334,25.614969503911006,Core_ZN,4.038461538461539e-09,6.730769230769232e-13,1218.4254644098621,,,25.614969503911006,26.044968571137534,26.515609886625455,26.068773932388034,26.670935505465657
sensor,1986-07-06 23:50,3166,21.01666666666667,25.62972176244337,Core_ZN,4.038461538461539e-09,6.730769230769232e-13,1218.4254644098628,,,25.62972176244337,26.050019150568627,26.51733879286367,26.074614208344137,26.672839411987905
sensor,1986-07-06 23:60,3167,21.1,25.641655602881066,Core_ZN,4.038461538461539e-09,6.730769230769232e-13,1218.4254644098635,,,25.641655602881066,26.053947072234266,26.51810308645169,26.079218558559898,26.67373485431794
sensor,1986-07-07 00:10,3168,21.1,25.647878729557647,Core_ZN,4.038461538461539e-09,6.730769230769232e-13,1218.4254644098642,,,25.647878729557647,26.050971020229508,26.51215411316118,26.07746806892424,26.66784075909491
sensor,1986-07-07 00:20,3169,21.1,25.65105293203385,Core_ZN,4.038461538461539e-09,6.730769230769232e-13,1218.4254644098648,,,25.65105293203385,26.045016520720235,26.503588108438105,26.0728500135017,26.659337510511726
sensor,1986-07-07 00:30,3170,21.1,25.65237096737996,Core_ZN,4.038461538461539e-09,6.730769230769232e-13,1218.4254644098655,,,25.65237096737996,26.03729834566445,26.493456274945068,26.066498194074562,26.64922242197305
sensor,1986-07-07 00:40,3171,21.1,25.652415313126117,Core_ZN,4.038461538461539e-09,6.730769230769232e-13,1218.4254644098662,,,25.652415313126117,26.028320097149518,26.48215766865187,26.058893431186647,26.637873047031167
sensor,1986-07-07 00:50,3172,21.1,25.651489639041788,Core_ZN,4.038461538461539e-09,6.730769230769232e-13,1218.425464409867,,,25.651489639041788,26.01834093520761,26.4698877326585,26.050284239851088,26.625478432196388
sensor,1986-07-07 00:60,3173,21.1,25.64971632894175,Core_ZN,4.038461538461539e-09,6.730769230769232e-13,1218.4254644098676,,,25.64971632894175,26.007364885783407,26.456588114638592,26.040689607697438,26.61197157243779
sensor,1986-07-07 01:10,3174,21.01666666666667,25.643361839909478,Core_ZN,4.038461538461539e-09,6.730769230769232e-13,1218.4254644098683,,,25.643361839909478,25.99683871777256,26.44286461560651,26.030543389151866,26.598215444145477
sensor,1986-07-07 01:20,3175,20.933333333333337,25.634592613542548,Core_ZN,4.038461538461539e-09,6.730769230769232e-13,1218.425464409869,,,25.634592613542548,25.986159005798775,26.42859968310556,26.01980714489181,26.58392312155403
sensor,1986-07-07 01:30,3176,20.85,25.6242575945882,Core_ZN,4.038461538461539e-09,6.730769230769232e-13,1218.4254644098696,,,25.6242575945882,25.97503681475843,26.41367157812805,26.00841883463596,26.5689347087063
sensor,1986-07-07 01:40,3177,20.76666666666667,25.612848519762025,Core_ZN,4.038461538461539e-09,6.730769230769232e-13,1218.4254644098703,,,25.612848519762025,25.96357216941147,26.398306369476202,25.996550756673003,26.55347664280836
sensor,1986-07-07 01:50,3178,20.683333333333334,25.60060270451642,Core_ZN,4.038461538461539e-09,6.730769230769232e-13,1218.425464409871,,,25.60060270451642,25.95095982521807,26.38260481047236,25.9850165533167,26.537647534105012
sensor,1986-07-07 01:60,3179,20.6,25.58762075026128,Core_ZN,4.038461538461539e-09,6.730769230769232e-13,1218.4254644098717,,,25.58762075026128,25.938422053188717,26.366584025471454,25.972832191557874,26.52146306669221
sensor,1986-07-07 02:10,3180,20.683333333333334,25.58200063301621,Core_ZN,4.038461538461539e-09,6.730769230769232e-13,1218.4254644098723,,,25.58200063301621,25.93261423252876,26.35749946215266,25.966891766099053,26.512010716195217
sensor,1986-07-07 02:20,3181,20.76666666666667,25.579883306228602,Core_ZN,4.038461538461539e-09,6.730769230769232e-13,1218.425464409873,,,25.579883306228602,25.929345604140742,26.35061444199042,25.963354049822513,26.504569220684285
sensor,1986-07-07 02:30,3182,20.85,25.579504400242396,Core_ZN,4.038461538461539e-09,6.730769230769232e-13,1218.4254644098737,,,25.579504400242396,25.92729159076031,26.344688992637913,25.960958040584273,26.49798463680664
sensor,1986-07-07 02:40,3183,20.933333333333334,25.57998520310702,Core_ZN,4.038461538461539e-09,6.730769230769232e-13,1218.4254644098744,,,25.57998520310702,25.9259553967043,26.33930655833349,25.95922650303042,26.491881972699126
sensor,1986-07-07 02:50,3184,21.01666666666667,25.580887824679696,Core_ZN,4.038461538461539e-09,6.730769230769232e-13,1218.425464409875,,,25.580887824679696,25.925140529164874,26.33431106725165,25.95797929271129,26.48612447856427
sensor,1986-07-07 02:60,3185,21.1,25.581994153034117,Core_ZN,4.038461538461539e-09,6.730769230769232e-13,1218.4254644098758,,,25.581994153034117,25.9247692958098,26.329633504014918,25.957166182944935,26.480652033668477
sensor,1986-07-07 03:10,3186,21.1,25.579206612550987,Core_ZN,4.038461538461539e-09,6.730769230769232e-13,1218.4254644098764,,,25.579206612550987,25.91903269441573,26.319678609870895,25.951490001101543,26.46988712394804
sensor,1986-07-07 03:20,3187,21.1,25.57454141742441,Core_ZN,4.038461538461539e-09,6.730769230769232e-13,1218.4254644098771,,,25.57454141742441,25.911161623932834,26.30800187997095,25.943788574070993,26.457443853499274
sensor,1986-07-07 03:30,3188,21.1,25.568857286001943,Core_ZN,4.038461538461539e-09,6.730769230769232e-13,1218.4254644098778,,,25.568857286001943,25.90224737180324,26.29540608834652,25.935021170264626,26.444168875953125
sensor,1986-07-07 03:40,3189,21.1,25.56255339617817,Core_ZN,4.038461538461539e-09,6.730769230769232e-13,1218.4254644098785,,,25.56255339617817,25.892631666669644,26.282423397821226,25.92544499367296,26.430429235196197
sensor,1986-07-07 03:50,3190,21.1,25.555934866106867,Core_ZN,4.038461538461539e-09,6.730769230769232e-13,1218.4254644098792,,,25.555934866106867,25.882815611111038,26.26940416248316,25.915307719477134,26.416312554093164
sensor,1986-07-07 03:60,3191,21.1,25.549021328719906,Core_ZN,4.038461538461539e-09,6.730769230769232e-13,1218.4254644098799,,,25.549021328719906,25.872676030937267,26.25609083118364,25.90445013190608,26.401476578360242
sensor,1986-07-07 04:10,3192,21.01666666666667,25.54871160216779,Core_ZN,4.038461538461539e-09,6.730769230769232e-13,1218.4254644098805,,,25.54871160216779,25.86628073875769,26.24660466037636,25.898641026089837,26.391515119052173
sensor,1986-07-07 04:20,3193,20.933333333333337,25.544586422725736,Core_ZN,4.038461538461539e-09,6.730769230769232e-13,1218.4254644098812,,,25.544586422725736,25.853724039339554,26.230910708599634,25.887239228486163,26.37553003730122
sensor,1986-07-07 04:30,3194,20.85,25.5363467512615,Core_ZN,4.038461538461539e-09,6.730769230769232e-13,1218.425464409882,,,25.5363467512615,25.83946375863478,26.21378700715379,25.87363581590365,26.358126152905285
sensor,1986-07-07 04:40,3195,20.76666666666667,25.525706269452332,Core_ZN,4.038461538461539e-09,6.730769230769232e-13,1218.4254644098826,,,25.525706269452332,25.827833916619507,26.20483353445245,25.864625463996685,26.343131698786237
sensor,1986-07-07 04:50,3196,20.683333333333334,25.51376403630867,Core_ZN,4.038461538461539e-09,6.730769230769232e-13,1218.4254644098833,,,25.51376403630867,25.81887500793676,26.206616794722336,25.861206541080684,26.330172350794896
sensor,1986-07-07 04:60,3197,20.6,25.501170393260782,Core_ZN,4.038461538461539e-09,6.730769230769232e-13,1218.425464409884,,,25.501170393260782,25.811068321121734,26.214489230514996,25.8606985895883,26.317928110682278
sensor,1986-07-07 05:13,3198,20.6,24.05022143098909,Core_ZN,4626.468651689375,0.7710781086148959,1219.1965425184987,,,24.05022143098909,24.103481316233065,24.13434883780172,24.10306155196775,24.13706298857314
sensor,1986-07-07 05:20,3199,20.6,23.999100416389,Core_ZN,5583.977972838806,0.9306629954731342,1220.1272055139718,,,23.999100416389,23.9989266163767,24.001182882378917,23.999052742172765,24.000841149909135
sensor,1986-07-07 05:30,3200,20.6,23.99884282834666,Core_ZN,5173.592972598473,0.8622654954330788,1220.989471009405,,,23.99884282834666,23.99849605244311,23.99987779613385,23.99855292217084,23.999651238199014
sensor,1986-07-07 05:40,3201,20.6,23.999023352822157,Core_ZN,4922.664477378506,0.8204440795630843,1221.809915088968,,,23.999023352822157,23.998745560168288,23.999635318604582,23.998780912057004,23.999489749326838
sensor,1986-07-07 05:50,3202,20.6,23.999197898351948,Core_ZN,4734.447595570619,0.7890745992617699,1222.5989896882297,,,23.999197898351948,23.99898822495448,23.999637501066964,23.999018555121456,23.999536489370545
sensor,1986-07-07 05:60,3203,20.6,23.999328946030023,Core_ZN,4588.740093567713,0.7647900155946188,1223.3637797038243,,,23.999328946030023,23.999167300013397,23.999685606959392,23.99919697592716,23.99960962020178
sensor,1986-07-07 06:10,3204,20.683333333333334,23.99920854424185,Core_ZN,4387.011278206414,0.7311685463677358,1224.0949482501921,,,23.99920854424185,23.999067397795578,23.99954735265551,23.999103310836894,23.99945590478342
sensor,1986-07-07 06:20,3205,20.76666666666667,23.999529757991784,Core_ZN,4360.863753682206,0.726810625613701,1224.821758875806,,,23.999529757991784,23.999484850991756,23.9997111044038,23.99950415557858,23.999670606280585
sensor,1986-07-07 06:35,3206,20.85,23.99967133584522,Core_ZN,4326.025253652347,0.7210042089420577,1225.542763084748,,,23.99967133584522,23.999654131392433,23.999735315502384,23.99967021613198,23.99972957103632
sensor,1986-07-07 06:45,3207,20.933333333333334,23.999744115132646,Core_ZN,4305.799492027202,0.7176332486712004,1226.2603963334193,,,23.999744115132646,23.99974642350029,23.99981899355597,23.99976160524246,23.999813763227223
sensor,1986-07-07 06:55,3208,21.01666666666667,23.99976237896589,Core_ZN,4290.657883035518,0.7151096471725863,1226.9755059805918,,,23.99976237896589,23.999766540257447,23.999838670143703,23.999783065522635,23.99983402235405
sensor,1986-07-07 06:65,3209,21.1,23.999773378310138,Core_ZN,4279.897267112983,0.7133162111854972,1227.6888221917773,,,23.999773378310138,23.999776744640673,23.999847355838902,23.999794488470137,23.999842955422135
sensor,1986-07-07 07:15,3210,21.200000000000003,23.999060556123776,Core_ZN,5229.690719102727,0.8716151198504544,1228.5604373116278,,,23.999060556123776,23.999146861278327,23.999517933556064,23.99920524787546,23.999493377169482
sensor,1986-07-07 07:25,3211,21.300000000000004,23.99896491655204,Core_ZN,5341.9116100806805,0.8903186016801135,1229.4507559133078,,,23.99896491655204,23.99907982986152,23.999464145334237,23.999142062770282,23.999439330354083
sensor,1986-07-07 07:35,3212,21.4,23.998956525924605,Core_ZN,5396.507328619804,0.8994178881033006,1230.350173801411,,,23.998956525924605,23.999076640211456,23.999452168212883,23.99913885167371,23.9994285292619
sensor,1986-07-07 07:45,3213,21.5,23.99896261971476,Core_ZN,5465.44678422881,0.9109077973714684,1231.2610815987825,,,23.99896261971476,23.99907480624757,23.99940617536389,23.99913849537809,23.999422784185406
sensor,1986-07-07 07:53,3214,21.599999999999998,23.999177639272265,Core_ZN,5534.396169382472,0.9223993615637454,1232.1834809603463,,,23.999177639272265,23.99922622912957,23.999411817015833,23.999282643857395,23.999499791421243
sensor,1986-07-07 07:62,3215,21.7,23.99936966170929,Core_ZN,5597.115717444749,0.9328526195741247,1233.1163335799204,,,23.99936966170929,23.99939278392803,23.9994943732897,23.999438535483776,23.999603920075014
sensor,1986-07-07 08:12,3216,21.966666666666665,23.999395753265766,Core_ZN,5680.063849059624,0.946677308176604,1234.0630108880969,,,23.999395753265766,23.999417274603985,23.999513022023624,23.99946152665627,23.999624932958486
sensor,1986-07-07 08:22,3217,22.233333333333334,23.999472571018117,Core_ZN,5764.720949777864,0.9607868249629773,1235.0237977130598,,,23.999472571018117,23.99947501318897,23.999506231853935,23.99951570684901,23.99965525738315
sensor,1986-07-07 08:32,3218,22.5,23.999488930756208,Core_ZN,5842.03196482439,0.9736719941373984,1235.9974697071973,,,23.999488930756208,23.999493037947772,23.99952949791861,23.999532487555243,23.999671687634773
sensor,1986-07-07 08:42,3219,22.766666666666666,23.999486431176162,Core_ZN,5889.47109374569,0.9815785156242818,1236.9790482228216,,,23.999486431176162,23.999492551751928,23.999545392933783,23.99953117375397,23.999670887820244
sensor,1986-07-07 08:52,3220,23.033333333333335,23.999484505565082,Core_ZN,5924.830995242544,0.987471832540424,1237.966520055362,,,23.999484505565082,23.999493515046453,23.999565476747687,23.99953123304867,23.99967042959602
sensor,1986-07-07 08:62,3221,23.3,23.99934604187035,Core_ZN,5954.721680663529,0.9924536134439214,1238.958973668806,,,23.99934604187035,23.99935568140549,23.9994632053383,23.99940341677616,23.999574270030713
sensor,1986-07-07 09:12,3222,23.3,23.999403079587985,Core_ZN,5943.60993655404,0.99060165609234,1239.9495753248984,,,23.999403079587985,23.999425262049396,23.999548122095362,23.999469484303347,23.999627236801476
sensor,1986-07-07 09:23,3223,23.3,23.999240235282635,Core_ZN,5934.04269472488,0.98900711578748,1240.9385824406859,,,23.999240235282635,23.99927353627708,23.999450224191946,23.99933078634357,23.99952459127765
sensor,1986-07-07 09:33,3224,23.3,23.999289280123897,Core_ZN,5922.8529776095975,0.9871421629349328,1241.925724603621,,,23.999289280123897,23.999333592735976,23.999506657434587,23.99938739497111,23.99956696110806
sensor,1986-07-07 09:45,3225,23.3,23.99902700635169,Core_ZN,5920.413103701708,0.9867355172836179,1242.9124601209046,,,23.99902700635169,23.999095013226757,23.99936110358899,23.99917164087223,23.999415644677406
sensor,1986-07-07 09:53,3226,23.3,23.99929172090299,Core_ZN,5917.7992995575905,0.9862998832595984,1243.8987600041642,,,23.99929172090299,23.99932539725252,23.999516697892464,23.999389505625384,23.9995577424539
sensor,1986-07-07 09:63,3227,23.3,23.99932713973221,Core_ZN,5916.411393133051,0.9860685655221753,1244.8848285696863,,,23.99932713973221,23.999359694508108,23.999540431011916,23.99942781596718,23.99958835191783
sensor,1986-07-07 10:12,3228,23.950000000000003,23.999448819680442,Core_ZN,6023.721254000659,1.0039535423334431,1245.8887821120197,,,23.999448819680442,23.99945784776961,23.99963219793829,23.99952464353025,23.99965205745508
sensor,1986-07-07 10:23,3229,24.6,23.99944251192938,Core_ZN,6131.678508031377,1.0219464180052293,1246.910728530025,,,23.99944251192938,23.99945481952375,23.999642554749897,23.999527592778687,23.99965606105583
sensor,1986-07-07 10:32,3230,25.25,23.99951901381614,Core_ZN,6235.415884187428,1.0392359806979046,1247.9499645107228,,,23.99951901381614,23.99951573834446,23.999702506792808,23.999587107232138,23.999693020999732
sensor,1986-07-07 10:42,3231,25.9,23.999516907725432,Core_ZN,6333.007305032456,1.0555012175054093,1249.0054657282283,,,23.999516907725432,23.999517479643053,23.999713103333978,23.99958902913464,23.99969839603859
sensor,1986-07-07 10:52,3232,26.55,23.999506184073837,Core_ZN,6427.234896655238,1.0712058161092064,1250.0766715443374,,,23.999506184073837,23.99950539767335,23.999717504048245,23.999579544909345,23.999691887282918
sensor,1986-07-07 10:62,3233,27.2,23.999367968251097,Core_ZN,6526.5036826112555,1.0877506137685424,1251.164422158106,,,23.999367968251097,23.999363807906153,23.999643804405803,23.99945917148357,23.999597753093067
sensor,1986-07-07 11:12,3234,27.483333333333334,23.99953553826283,Core_ZN,6301.3039703279555,1.0502173283879925,1252.214639486494,,,23.99953553826283,23.99953207522108,23.999747907967194,23.999610426047898,23.999723011365226
sensor,1986-07-07 11:23,3235,27.76666666666667,23.999394460169015,Core_ZN,6328.136507783473,1.0546894179639121,1253.2693289044578,,,23.999394460169015,23.9994009314796,23.99967210453281,23.999499970340203,23.999631736685707
sensor,1986-07-07 11:33,3236,28.049999999999997,23.999448563662984,Core_ZN,6360.078934232485,1.060013155705414,1254.3293420601633,,,23.999448563662984,23.999496823788448,23.999733741597957,23.999580835629096,23.999706402218806
sensor,1986-07-07 11:43,3237,28.333333333333336,23.999460681485893,Core_ZN,6392.157817262061,1.0653596362103435,1255.3947016963737,,,23.999460681485893,23.999522510786623,23.999747314652637,23.999601043263638,23.999722069672835
sensor,1986-07-07 11:55,3238,28.616666666666664,23.99922294596351,Core_ZN,6428.088842717494,1.0713481404529155,1256.4660498368266,,,23.99922294596351,23.999312572237457,23.99961845213631,23.999415806745894,23.999572254612893
sensor,1986-07-07 11:65,3239,28.9,23.99928330730825,Core_ZN,6462.935123207832,1.0771558538679717,1257.5432056906945,,,23.99928330730825,23.999408416070864,23.999680337249572,23.99949852082532,23.999649076327664
sensor,1986-07-07 12:10,3240,28.616666666666667,23.99884544996098,Core_ZN,6671.710185907451,1.1119516976512418,1258.6551573883457,,,23.99884544996098,23.999126089770574,23.999549223672844,23.999244281921218,23.999504247206982
sensor,1986-07-07 12:20,3241,28.333333333333336,23.998637528036976,Core_ZN,6646.1070775006865,1.107684512916781,1259.7628419012626,,,23.998637528036976,23.99892628997496,23.999380715575697,23.999066643103575,23.99933991100719
sensor,1986-07-07 12:30,3242,28.049999999999997,23.998626410457632,Core_ZN,6615.7304452560575,1.1026217408760095,1260.8654636421386,,,23.998626410457632,23.99889528230417,23.999330327515228,23.999041707324615,23.99929404432099
sensor,1986-07-07 12:40,3243,27.766666666666666,23.99864083347373,Core_ZN,6578.9164389794405,1.09648607316324,1261.961949715302,,,23.99864083347373,23.99889947080826,23.999314651008504,23.999044807173103,23.99928222845299
sensor,1986-07-07 12:55,3244,27.483333333333334,23.999195860917673,Core_ZN,6538.640907269401,1.0897734845449003,1263.0517231998467,,,23.999195860917673,23.999340602450623,23.999600306360083,23.99943506414148,23.999579499681225
sensor,1986-07-07 12:63,3245,27.2,23.99944262570139,Core_ZN,6492.30876127658,1.0820514602127633,1264.1337746600595,,,23.99944262570139,23.999537389083336,23.99972331398587,23.99960302814207,23.999711814197365
sensor,1986-07-07 13:12,3246,27.116666666666667,23.99953472072389,Core_ZN,6478.382098654808,1.0797303497758013,1265.2135050098354,,,23.99953472072389,23.999600248416243,23.99975504463161,23.999649819957636,23.999743031804535
sensor,1986-07-07 13:23,3247,27.033333333333335,23.9995211218108,Core_ZN,6451.4862181323415,1.0752477030220569,1266.2887527128576,,,23.9995211218108,23.99956370153587,23.999721881889506,23.99961066308896,23.99970894525824
sensor,1986-07-07 13:32,3248,26.95,23.999515458327487,Core_ZN,6423.611148283215,1.0706018580472025,1267.3593545709048,,,23.999515458327487,23.99954913425549,23.99971000290061,23.99959196351547,23.999699334704992
sensor,1986-07-07 13:42,3249,26.866666666666667,23.99951007602366,Core_ZN,6392.704349224971,1.0654507248708285,1268.4248052957755,,,23.99951007602366,23.99953863527655,23.999703614387997,23.99958069001375,23.999692724713782
sensor,1986-07-07 13:53,3250,26.78333333333333,23.99950622689257,Core_ZN,6359.49965520218,1.0599166092003633,1269.484721904976,,,23.99950622689257,23.999531955722183,23.999699914704014,23.99957343421125,23.99968862673194
sensor,1986-07-07 13:62,3251,26.7,23.99950362021046,Core_ZN,6324.517810213278,1.0540863017022128,1270.5388082066781,,,23.99950362021046,23.999528229764532,23.999698063536073,23.999569010647694,23.99968656853106
sensor,1986-07-07 14:12,3252,26.7,23.99950767014093,Core_ZN,6305.324162969691,1.0508873604949485,1271.589695567173,,,23.99950767014093,23.99953469157296,23.99970187437984,23.999573837014935,23.999690269746782
sensor,1986-07-07 14:23,3253,26.7,23.999371109457233,Core_ZN,6286.062338090388,1.047677056348398,1272.6373726235215,,,23.999371109457233,23.999419413756897,23.999627146465848,23.99946445364171,23.999612869139163
sensor,1986-07-07 14:33,3254,26.7,23.999383270787447,Core_ZN,6266.139686203349,1.0443566143672247,1273.6817292378887,,,23.999383270787447,23.999426824407188,23.999634054513635,23.999473163250038,23.9996199313051
sensor,1986-07-07 14:43,3255,26.699999999999996,23.999386767831776,Core_ZN,6252.275423534302,1.0420459039223835,1274.723775141811,,,23.999386767831776,23.999430113913313,23.999636700086832,23.999476121797173,23.999621748091705
sensor,1986-07-07 14:53,3256,26.7,23.999389238551263,Core_ZN,6240.415231884105,1.0400692053140175,1275.763844347125,,,23.999389238551263,23.99943258261601,23.999638718662908,23.999478295928263,23.999622717418607
sensor,1986-07-07 14:65,3257,26.7,23.999161732332063,Core_ZN,6230.272951537665,1.0383788252562773,1276.8022231723814,,,23.999161732332063,23.99924321492523,23.99952200608945,23.999299913960325,23.999498770475068
sensor,1986-07-07 15:15,3258,26.516666666666666,23.999197550655865,Core_ZN,6196.8116623703045,1.032801943728384,1277.8350251161098,,,23.999197550655865,23.99927451134112,23.999536750478484,23.999331974726385,23.999513647320704
sensor,1986-07-07 15:25,3259,26.333333333333336,23.999197118544515,Core_ZN,6168.315304459344,1.0280525507432239,1278.863077666853,,,23.999197118544515,23.999300311520837,23.999548286440344,23.99935628403973,23.999525040393667
sensor,1986-07-07 15:35,3260,26.15,23.999204735997598,Core_ZN,6140.85204844707,1.023475341407845,1279.886553008261,,,23.999204735997598,23.99931957089453,23.999556860414348,23.999374290847747,23.99953324310409
sensor,1986-07-07 15:45,3261,25.96666666666667,23.99921148226639,Core_ZN,6108.520549202695,1.0180867582004491,1280.9046397664615,,,23.99921148226639,23.999336485528424,23.99956416227934,23.999389551240803,23.999542104732633
sensor,1986-07-07 15:55,3262,25.783333333333335,23.999215363229105,Core_ZN,6074.978882330894,1.0124964803884822,1281.91713624685,,,23.999215363229105,23.9993501099131,23.999569917483086,23.999401547811786,23.999549854729075
sensor,1986-07-07 15:65,3263,25.6,23.999216935264993,Core_ZN,6040.957163486518,1.0068261939144196,1282.9239624407644,,,23.999216935264993,23.99936096146498,23.99957441116836,23.999410842150436,23.999556465129153
sensor,1986-07-07 16:15,3264,25.31666666666667,23.999669252621587,Core_ZN,5269.899781329166,0.8783166302215277,1283.8022790709858,,,23.999669252621587,23.999764576866877,23.999820180896727,23.999786475600366,23.99981769413749
sensor,1986-07-07 16:23,3265,25.033333333333335,23.999853811407384,Core_ZN,5134.765712367881,0.8557942853946467,1284.6580733563806,,,23.999853811407384,23.99991553012063,23.99992735986847,23.999925167115364,23.999934928212813
sensor,1986-07-07 16:33,3266,24.75,23.999871174421145,Core_ZN,5039.53895762664,0.8399231596044399,1285.497996515985,,,23.999871174421145,23.99992883382707,23.999931969410802,23.99993617213663,23.99993499246964
sensor,1986-07-07 16:43,3267,24.46666666666667,23.999888548054795,Core_ZN,4964.151185072052,0.8273585308453419,1286.3253550468303,,,23.999888548054795,23.99994537549363,23.999939493314336,23.999951101382173,23.999942124365262
sensor,1986-07-07 16:53,3268,24.183333333333334,23.9999008945018,Core_ZN,4899.863642583655,0.8166439404306091,1287.1419989872609,,,23.9999008945018,23.999956487529445,23.99994466430646,23.999961283426458,23.999947172494608
sensor,1986-07-07 16:63,3269,23.9,23.999909248013637,Core_ZN,4842.871023032352,0.807145170505392,1287.9491441577663,,,23.999909248013637,23.999963440346033,23.999947797227268,23.999967671406537,23.999950172623468
sensor,1986-07-07 17:15,3270,23.8,23.99998993186237,Core_ZN,4581.230243102026,0.7635383738503376,1288.7126825316166,,,23.99998993186237,24.000065063625303,24.000019726877404,24.00006251056267,24.000031053449405
sensor,1986-07-07 17:25,3271,23.7,23.999949291615117,Core_ZN,4522.922333640091,0.7538203889400151,1289.4665029205566,,,23.999949291615117,24.00000818199044,23.99997539973356,24.00000860973109,23.999978883304816
sensor,1986-07-07 17:35,3272,23.6,23.99994434686974,Core_ZN,4482.078963896016,0.747013160649336,1290.213516081206,,,23.99994434686974,23.999998575723296,23.99996691626398,23.999999181676877,23.999968637275032
sensor,1986-07-07 17:45,3273,23.5,23.999942804862723,Core_ZN,4443.004409113605,0.7405007348522675,1290.9540168160584,,,23.999942804862723,23.999995378948913,23.999965191336237,23.99999586945328,23.999966459148055
sensor,1986-07-07 17:55,3274,23.4,23.999941420310975,Core_ZN,4406.799722639114,0.7344666204398523,1291.6884834364982,,,23.999941420310975,23.999993052910398,23.99996456578884,23.999993397384884,23.999965649716138
sensor,1986-07-07 17:65,3275,23.3,23.99993995138032,Core_ZN,4372.873434557826,0.7288122390929709,1292.4172956755913,,,23.99993995138032,23.99999099029985,23.9999641360316,23.999991274902897,23.99996518920768
sensor,1986-07-07 18:15,3276,23.3,23.9999126751018,Core_ZN,4346.036679945948,0.724339446657658,1293.141635122249,,,23.9999126751018,23.999957665834156,23.999951861824457,23.999960944778323,23.999952215485546
sensor,1986-07-07 18:25,3277,23.3,23.999896830130414,Core_ZN,4316.548287629401,0.7194247146049002,1293.8610598368539,,,23.999896830130414,23.999931102680833,23.99994239774961,23.999936590856194,23.99994214771295
sensor,1986-07-07 18:35,3278,23.3,23.999880262968375,Core_ZN,4286.56841142114,0.7144280685701899,1294.575487905424,,,23.999880262968375,23.99990994390729,23.999934981822577,23.999917020833244,23.999934215160525
sensor,1986-07-07 18:45,3279,23.3,23.999866060547678,Core_ZN,4256.993032063349,0.709498838677225,1295.2849867441014,,,23.999866060547678,23.999893067965587,23.99992936522785,23.99990107294132,23.999927824902542
sensor,1986-07-07 18:55,3280,23.3,23.999854421549195,Core_ZN,4227.553022230486,0.7045921703717477,1295.9895789144732,,,23.999854421549195,23.999879749879337,23.999925255483106,23.99988809475363,23.999922723142827
sensor,1986-07-07 18:65,3281,23.3,23.99984487318126,Core_ZN,4197.611908556726,0.6996019847594543,1296.6891808992327,,,23.99984487318126,23.999869310040513,23.999922356956617,23.999877743784563,23.999918943329263
sensor,1986-07-07 19:15,3282,23.21666666666667,23.999870900575658,Core_ZN,4109.290074301997,0.6848816790503328,1297.374062578283,,,23.999870900575658,23.999896857388634,23.999937631798183,23.999902757163056,23.999934696457437
sensor,1986-07-07 19:25,3283,23.133333333333333,23.999878792392202,Core_ZN,4062.6558004283665,0.6771093000713944,1298.0511718783544,,,23.999878792392202,23.99990881364515,23.999943964728608,23.999913459409225,23.99994124586586
sensor,1986-07-07 19:35,3284,23.05,23.999885676349674,Core_ZN,4014.1576033513807,0.6690262672252301,1298.7201981455796,,,23.999885676349674,23.99991809167794,23.99994866723911,23.999923135231313,23.99994746196044
sensor,1986-07-07 19:45,3285,22.96666666666667,23.99989155420567,Core_ZN,3975.1708821129805,0.6625284803521634,1299.3827266259318,,,23.99989155420567,23.99992458550848,23.999952148365274,23.999929361705057,23.999951416819755
sensor,1986-07-07 19:55,3286,22.883333333333333,23.9998964458224,Core_ZN,3940.665681678044,0.6567776136130073,1300.0395042395448,,,23.9998964458224,23.999929472469432,23.99995492037437,23.999933934461644,23.99995432021647
sensor,1986-07-07 19:65,3287,22.8,23.99990051769038,Core_ZN,3908.6660626912917,0.651444343781882,1300.6909485833266,,,23.99990051769038,23.99993335201534,23.999957194187036,23.999937542112583,23.99995662523903
sensor,1986-07-07 20:10,3288,22.8,23.99985287228926,Core_ZN,3891.65970081675,0.648609950136125,1301.3395585334629,,,23.99985287228926,23.99990450800677,23.999945590924384,23.999910840642084,23.99994422577157
sensor,1986-07-07 20:20,3289,22.800000000000004,23.999861563438692,Core_ZN,3873.443195247902,0.6455738658746504,1301.9851323993375,,,23.999861563438692,23.999913834869634,23.999957054354482,23.99992099140007,23.999953459532946
sensor,1986-07-07 20:30,3290,22.8,23.99988282689775,Core_ZN,3857.3815750533986,0.6428969291755664,1302.628029328513,,,23.99988282689775,23.999917592363396,23.99996178001475,23.999924889635995,23.999957513845555
sensor,1986-07-07 20:40,3291,22.8,23.999890176046392,Core_ZN,3842.232007097878,0.6403720011829797,1303.268401329696,,,23.999890176046392,23.99991988875385,23.99996426456611,23.999927083500776,23.999959834867834
sensor,1986-07-07 20:50,3292,22.8,23.999894158912813,Core_ZN,3827.8114693894454,0.6379685782315743,1303.9063699079275,,,23.999894158912813,23.999921673770235,23.999965978884557,23.999928695369093,23.999961543269304
sensor,1986-07-07 20:60,3293,22.8,23.999897145306782,Core_ZN,3813.9846850785,0.63566411417975,1304.5420340221071,,,23.999897145306782,23.999923199762154,23.999967408263487,23.999930013024283,23.999963008669905
sensor,1986-07-07 21:13,3294,22.616666666666667,24.43788168017727,Core_ZN,4.038461538461539e-09,6.730769230769232e-13,1304.5420340221078,,,24.43788168017727,24.589057586914443,24.66308671927077,24.575275793254086,24.639355291136834
sensor,1986-07-07 21:20,3295,22.433333333333337,24.83137811230159,Core_ZN,4.038461538461539e-09,6.730769230769232e-13,1304.5420340221085,,,24.83137811230159,25.06366662849545,25.176899973233137,25.037056462242973,25.134394711649957
sensor,1986-07-07 21:30,3296,22.25,24.961479651353393,Core_ZN,4.038461538461539e-09,6.730769230769232e-13,1304.5420340221092,,,24.961479651353393,25.195043935046122,25.30986145217852,25.16534684266541,25.26352341996171
sensor,1986-07-07 21:40,3297,22.066666666666666,25.02520221489108,Core_ZN,4.038461538461539e-09,6.730769230769232e-13,1304.5420340221099,,,25.02520221489108,25.25722528957181,25.373698737885128,25.22641697941384,25.32460910467349
sensor,1986-07-07 21:50,3298,21.883333333333333,25.057522324772346,Core_ZN,4.038461538461539e-09,6.730769230769232e-13,1304.5420340221106,,,25.057522324772346,25.288768121137164,25.408650457191957,25.25867658398913,25.35752975697856
sensor,1986-07-07 21:60,3299,21.7,25.074414218406897,Core_ZN,4.038461538461539e-09,6.730769230769232e-13,1304.5420340221112,,,25.074414218406897,25.30603619896304,25.42982671075667,25.276815439222688,25.377028174804916
sensor,1986-07-07 22:10,3300,21.599999999999998,25.075358828685495,Core_ZN,4.038461538461539e-09,6.730769230769232e-13,1304.542034022112,,,25.075358828685495,25.30739071799612,25.43561269030454,25.279199304448383,25.38141308758022
sensor,1986-07-07 22:20,3301,21.5,25.075938180179207,Core_ZN,4.038461538461539e-09,6.730769230769232e-13,1304.5420340221126,,,25.075938180179207,25.30806979477167,25.44062336601543,25.28109538532437,25.38521097286824
sensor,1986-07-07 22:30,3302,21.4,25.075987690688866,Core_ZN,4.038461538461539e-09,6.730769230769232e-13,1304.5420340221133,,,25.075987690688866,25.30743026136589,25.443805200482274,25.28184145845117,25.38737035193523
sensor,1986-07-07 22:40,3303,21.3,25.074876717348776,Core_ZN,4.038461538461539e-09,6.730769230769232e-13,1304.542034022114,,,25.074876717348776,25.304841068953014,25.444558439212027,25.280782568549036,25.387260267975048
sensor,1986-07-07 22:50,3304,21.200000000000003,25.072443419604806,Core_ZN,4.038461538461539e-09,6.730769230769232e-13,1304.5420340221146,,,25.072443419604806,25.300261041981166,25.442922330104782,25.27785402580067,25.384886968965276
sensor,1986-07-07 22:60,3305,21.1,25.068656064063724,Core_ZN,4.038461538461539e-09,6.730769230769232e-13,1304.5420340221153,,,25.068656064063724,25.29381132519199,25.43908622236109,25.273157974369305,25.38041429482819
sensor,1986-07-07 23:10,3306,21.1,25.05243796288811,Core_ZN,4.038461538461539e-09,6.730769230769232e-13,1304.542034022116,,,25.05243796288811,25.278648061472282,25.42667073623406,25.25900143016888,25.367283044482036
sensor,1986-07-07 23:20,3307,21.1,25.045356776715636,Core_ZN,4.038461538461539e-09,6.730769230769232e-13,1304.5420340221167,,,25.045356776715636,25.273672048533818,25.424045494593884,25.25479287185127,25.36405786424612
sensor,1986-07-07 23:30,3308,21.1,25.04217454347246,Core_ZN,4.038461538461539e-09,6.730769230769232e-13,1304.5420340221174,,,25.04217454347246,25.27202550490634,25.423379045424866,25.253800257592808,25.364274683784526
sensor,1986-07-07 23:40,3309,21.1,25.04066127416341,Core_ZN,4.038461538461539e-09,6.730769230769232e-13,1304.542034022118,,,25.04066127416341,25.271474916455272,25.423663055772543,25.253828644541297,25.364812889607443
sensor,1986-07-07 23:50,3310,21.1,25.039792750216193,Core_ZN,4.038461538461539e-09,6.730769230769232e-13,1304.5420340221187,,,25.039792750216193,25.271177842673286,25.423938410930887,25.254052752399065,25.365228669035297
sensor,1986-07-07 23:60,3311,21.1,25.039104451234717,Core_ZN,4.038461538461539e-09,6.730769230769232e-13,1304.5420340221194,,,25.039104451234717,25.270830064146462,25.423936783128045,25.25417216184689,25.365351955287622
sensor,1986-07-08 00:10,3312,21.01666666666667,25.034440292629043,Core_ZN,4.038461538461539e-09,6.730769230769232e-13,1304.54203402212,,,25.034440292629043,25.265779303616217,25.418148076673283,25.248390929125016,25.35969523080278
sensor,1986-07-08 00:20,3313,20.933333333333337,25.0276473029877,Core_ZN,4.038461538461539e-09,6.730769230769232e-13,1304.5420340221208,,,25.0276473029877,25.257749771643027,25.409998267487353,25.24072926853853,25.351660480851255
sensor,1986-07-08 00:30,3314,20.85,25.01951773920998,Core_ZN,4.038461538461539e-09,6.730769230769232e-13,1304.5420340221215,,,25.01951773920998,25.248216698904237,25.400460261566646,25.231858689602703,25.342231026108475
sensor,1986-07-08 00:40,3315,20.76666666666667,25.010486580720144,Core_ZN,4.038461538461539e-09,6.730769230769232e-13,1304.5420340221222,,,25.010486580720144,25.237654809803793,25.389905237036782,25.222098976915298,25.331786133039706
sensor,1986-07-08 00:50,3316,20.683333333333334,25.00083999637267,Core_ZN,4.038461538461539e-09,6.730769230769232e-13,1304.5420340221228,,,25.00083999637267,25.22628066248988,25.379622648342664,25.211606899031864,25.31939339479255
sensor,1986-07-08 00:60,3317,20.6,24.99069282407854,Core_ZN,4.038461538461539e-09,6.730769230769232e-13,1304.5420340221235,,,24.99069282407854,25.2142068185888,25.367946177639645,25.200471524172784,25.306875357051883
sensor,1986-07-08 01:10,3318,20.400000000000002,24.974514415368446,Core_ZN,4.038461538461539e-09,6.730769230769232e-13,1304.5420340221242,,,24.974514415368446,25.19494753122089,25.34874439176961,25.18265782503407,25.287126553986624
sensor,1986-07-08 01:20,3319,20.200000000000003,24.955033056315845,Core_ZN,4.038461538461539e-09,6.730769230769232e-13,1304.5420340221249,,,24.955033056315845,25.17207818298983,25.326003755228967,25.161501309529154,25.263867994479696
sensor,1986-07-08 01:30,3320,20.0,24.933506403073686,Core_ZN,4.038461538461539e-09,6.730769230769232e-13,1304.5420340221256,,,24.933506403073686,25.146950801656434,25.300992561793727,25.138277302816054,25.23830500320172
sensor,1986-07-08 01:40,3321,19.8,24.910465345754012,Core_ZN,4.038461538461539e-09,6.730769230769232e-13,1304.5420340221262,,,24.910465345754012,25.12018364328144,25.27410323716563,25.11357761716194,25.210762290989845
sensor,1986-07-08 01:50,3322,19.6,24.886029795174334,Core_ZN,4.038461538461539e-09,6.730769230769232e-13,1304.542034022127,,,24.886029795174334,25.091926854106816,25.243785223962142,25.08758000451458,25.182244762866826
sensor,1986-07-08 01:60,3323,19.4,24.85987117059717,Core_ZN,4.038461538461539e-09,6.730769230769232e-13,1304.5420340221276,,,24.85987117059717,25.06206406315407,25.212517624210154,25.060289089273997,25.1520487630649
sensor,1986-07-08 02:10,3324,19.21666666666667,24.83341307568533,Core_ZN,4.038461538461539e-09,6.730769230769232e-13,1304.5420340221283,,,24.83341307568533,25.03147212504036,25.18213927209515,25.03250750903753,25.122175877396902
sensor,1986-07-08 02:20,3325,19.03333333333333,24.80764021235844,Core_ZN,4.038461538461539e-09,6.730769230769232e-13,1304.542034022129,,,24.80764021235844,25.001019143162793,25.15176967825811,25.003492716895458,25.09250598588322
sensor,1986-07-08 02:30,3326,18.85,24.782372443270916,Core_ZN,4.038461538461539e-09,6.730769230769232e-13,1304.5420340221297,,,24.782372443270916,24.970590980284324,25.121399274881806,24.97439955725646,25.06280598483953
sensor,1986-07-08 02:40,3327,18.666666666666664,24.757409257122493,Core_ZN,4.038461538461539e-09,6.730769230769232e-13,1304.5420340221303,,,24.757409257122493,24.94011688428894,25.09095718272339,24.94524403857646,25.032855516554992
sensor,1986-07-08 02:50,3328,18.483333333333334,24.732599579457748,Core_ZN,4.038461538461539e-09,6.730769230769232e-13,1304.542034022131,,,24.732599579457748,24.90972521079552,25.060304752690694,24.91622743606221,25.002772057403277
sensor,1986-07-08 02:60,3329,18.3,24.707838843948103,Core_ZN,4.038461538461539e-09,6.730769230769232e-13,1304.5420340221317,,,24.707838843948103,24.879330258044174,25.02939789273921,24.8873067745918,24.972568032281497
sensor,1986-07-08 03:10,3330,18.3,24.69161099632732,Core_ZN,4.038461538461539e-09,6.730769230769232e-13,1304.5420340221324,,,24.69161099632732,24.859473130246915,25.009227440334517,24.868292989700873,24.95300103273322
sensor,1986-07-08 03:20,3331,18.3,24.679009320754766,Core_ZN,4.038461538461539e-09,6.730769230769232e-13,1304.542034022133,,,24.679009320754766,24.841468176152496,24.992918880570866,24.85479025283996,24.937056731047296
sensor,1986-07-08 03:30,3332,18.3,24.66810486038436,Core_ZN,4.038461538461539e-09,6.730769230769232e-13,1304.5420340221337,,,24.66810486038436,24.826606396809105,24.97814147480856,24.842017665730225,24.92255977497324
sensor,1986-07-08 03:40,3333,18.3,24.658068176387292,Core_ZN,4.038461538461539e-09,6.730769230769232e-13,1304.5420340221344,,,24.658068176387292,24.813171801306108,24.964299342010587,24.82975833972965,24.908709032681088
sensor,1986-07-08 03:50,3334,18.3,24.648528245921955,Core_ZN,4.038461538461539e-09,6.730769230769232e-13,1304.542034022135,,,24.648528245921955,24.800561371065232,24.95109129609943,24.817689686788725,24.89512004141259
sensor,1986-07-08 03:60,3335,18.3,24.63930613631413,Core_ZN,4.038461538461539e-09,6.730769230769232e-13,1304.5420340221358,,,24.63930613631413,24.788325914543705,24.938170252141248,24.805577538609736,24.881521048939952
sensor,1986-07-08 04:10,3336,18.116666666666667,24.632893742683265,Core_ZN,4.038461538461539e-09,6.730769230769232e-13,1304.5420340221365,,,24.632893742683265,24.775785064291995,24.924958566428824,24.79465991990593,24.867675297141524
sensor,1986-07-08 04:20,3337,17.933333333333334,24.62089738841087,Core_ZN,4.038461538461539e-09,6.730769230769232e-13,1304.5420340221372,,,24.62089738841087,24.755000609918635,24.904076419682042,24.77646052448736,24.845900953150597
sensor,1986-07-08 04:30,3338,17.75,24.604159872188713,Core_ZN,4.038461538461539e-09,6.730769230769232e-13,1304.5420340221378,,,24.604159872188713,24.734740984780068,24.88437589303958,24.758476305136917,24.824558655043084
sensor,1986-07-08 04:40,3339,17.566666666666666,24.58524377787557,Core_ZN,4.038461538461539e-09,6.730769230769232e-13,1304.5420340221385,,,24.58524377787557,24.715746404032625,24.863565056610692,24.737425358369947,24.80235818373517
sensor,1986-07-08 04:50,3340,17.383333333333333,24.565128773186554,Core_ZN,4.038461538461539e-09,6.730769230769232e-13,1304.5420340221392,,,24.565128773186554,24.695051423796542,24.840965706683452,24.716046059684746,24.77969673041304
sensor,1986-07-08 04:60,3341,17.2,24.544249033539742,Core_ZN,4.038461538461539e-09,6.730769230769232e-13,1304.54203402214,,,24.544249033539742,24.673659854229598,24.81793490194738,24.694470329946288,24.756723691149322
sensor,1986-07-08 05:13,3342,17.666666666666668,24.01815157532389,Core_ZN,3638.028000200689,0.6063380000334482,1305.1483720221734,,,24.01815157532389,24.02415485395274,24.049580210534998,24.025855628137414,24.04483829012623
sensor,1986-07-08 05:20,3343,18.133333333333333,23.999705585319873,Core_ZN,3817.6633985341136,0.636277233089019,1305.7846492552624,,,23.999705585319873,23.999778984555295,24.000767257707718,23.99981847217595,24.000629481441976
sensor,1986-07-08 05:30,3344,18.6,23.99975390329565,Core_ZN,3760.9171554520767,0.6268195259086794,1306.4114687811712,,,23.99975390329565,23.999778703459235,24.00029193227125,23.99980309971488,24.000253998268903
sensor,1986-07-08 05:40,3345,19.066666666666666,23.999779123930136,Core_ZN,3730.870429011072,0.621811738168512,1307.0332805193398,,,23.999779123930136,23.999793419398756,24.00012700053162,23.999814157252946,24.000123242021264
sensor,1986-07-08 05:50,3346,19.533333333333335,23.999791050052927,Core_ZN,3712.133837321972,0.6186889728869953,1307.6519694922267,,,23.999791050052927,23.999800503286558,24.0000623420527,23.999821004119816,24.00006951489168
sensor,1986-07-08 05:65,3347,20.0,23.999766610707567,Core_ZN,3689.479313492924,0.6149132189154873,1308.2668827111422,,,23.999766610707567,23.99974307806212,23.999839618765783,23.99975727692307,23.999833544069652
sensor,1986-07-08 06:15,3348,20.1,24.00000532258479,Core_ZN,3499.472750786434,0.5832454584644057,1308.8501281696067,,,24.00000532258479,24.00002899093203,23.999961358835723,24.000025012212987,23.999963243169674
sensor,1986-07-08 06:25,3349,20.200000000000003,23.99999113405648,Core_ZN,3541.486125339407,0.5902476875565678,1309.4403758571632,,,23.99999113405648,24.00002325065679,23.999968213997672,24.000020802790978,23.999971095997935
sensor,1986-07-08 06:35,3350,20.3,23.999982308513843,Core_ZN,3574.1715206326335,0.5956952534387723,1310.036071110602,,,23.999982308513843,24.000014303338745,23.999969914093004,24.000013333983354,23.999973259907684
sensor,1986-07-08 06:45,3351,20.400000000000002,23.999973346053366,Core_ZN,3611.7066637793314,0.6019511106298885,1310.638022221232,,,23.999973346053366,24.00000257686205,23.99996533357578,24.000003008976897,23.999970581105742
sensor,1986-07-08 06:55,3352,20.5,23.999965236968258,Core_ZN,3655.264473342061,0.6092107455570102,1311.247232966789,,,23.999965236968258,23.999991101526227,23.999956438104597,23.9999930377084,23.999967083583655
sensor,1986-07-08 06:65,3353,20.6,23.99995802574057,Core_ZN,3698.8702731488506,0.6164783788581417,1311.863711345647,,,23.99995802574057,23.999980097133104,23.99994680805686,23.999984042742504,23.999963723153833
sensor,1986-07-08 07:13,3354,20.783333333333335,23.999480540624305,Core_ZN,4776.571320246549,0.7960952200410915,1312.659806565688,,,23.999480540624305,23.999548629059483,23.999702396023366,23.99958865001345,23.99974943376619
sensor,1986-07-08 07:23,3355,20.96666666666667,23.999425133314332,Core_ZN,4960.131510603698,0.8266885851006164,1313.4864951507886,,,23.999425133314332,23.999495044954838,23.99964569229507,23.999539465669244,23.99971371157842
sensor,1986-07-08 07:33,3356,21.15,23.999401333148146,Core_ZN,5081.048752496691,0.8468414587494484,1314.333336609538,,,23.999401333148146,23.9994694755523,23.999612659903654,23.999516452881537,23.999697688256976
sensor,1986-07-08 07:43,3357,21.333333333333332,23.999386553235972,Core_ZN,5187.225306516297,0.8645375510860493,1315.197874160624,,,23.999386553235972,23.999451956806993,23.99958912028236,23.999500893829197,23.99968593354077
sensor,1986-07-08 07:53,3358,21.516666666666666,23.99937733599979,Core_ZN,5283.483084203964,0.8805805140339938,1316.078454674658,,,23.99937733599979,23.999440100805188,23.999570788847823,23.999490289911684,23.99967687050956
sensor,1986-07-08 07:63,3359,21.7,23.999371775620986,Core_ZN,5372.7714510011465,0.8954619085001911,1316.9739165831581,,,23.999371775620986,23.999431783576483,23.999556097647098,23.999482849803762,23.999669569581297
sensor,1986-07-08 08:13,3360,22.349999999999998,23.999376362441176,Core_ZN,5553.651600627774,0.9256086001046291,1317.8995251832628,,,23.999376362441176,23.999433433327226,23.999551520475272,23.999485341036774,23.999666857190597
sensor,1986-07-08 08:23,3361,23.0,23.999505352643453,Core_ZN,5736.70913919048,0.9561181898650799,1318.8556433731278,,,23.999505352643453,23.999535597470775,23.999616883320932,23.99958152302332,23.999724668702306
sensor,1986-07-08 08:32,3362,23.65,23.999511745386016,Core_ZN,5923.29420904866,0.98721570150811,1319.842859074636,,,23.999511745386016,23.999548112652576,23.99963135070588,23.99959173779697,23.999728013888195
sensor,1986-07-08 08:42,3363,24.3,23.999510988519507,Core_ZN,6119.9858884542755,1.0199976480757125,1320.8628567227117,,,23.999510988519507,23.999548368228535,23.999605542253864,23.99959186331786,23.99972523358136
sensor,1986-07-08 08:53,3364,24.950000000000003,23.999508544497992,Core_ZN,6315.382202152998,1.0525637003588328,1321.9154204230706,,,23.999508544497992,23.999545160821548,23.999592240305322,23.999589084627665,23.999720705186526
sensor,1986-07-08 08:62,3365,25.6,23.999504774322013,Core_ZN,6511.410692796648,1.0852351154661077,1323.0006555385366,,,23.999504774322013,23.999538333390518,23.999586048348498,23.99958428656965,23.99971499573991
sensor,1986-07-08 09:12,3366,25.6,23.9994871906312,Core_ZN,6557.270931082873,1.092878488513812,1324.0935340270505,,,23.9994871906312,23.99951506290354,23.999554165859767,23.99956460665638,23.99970200247389
sensor,1986-07-08 09:23,3367,25.6,23.99947299910957,Core_ZN,6591.68309562285,1.098613849270475,1325.192147876321,,,23.99947299910957,23.999496808012093,23.999545133669205,23.99955013165745,23.999692593768692
sensor,1986-07-08 09:32,3368,25.6,23.99946251395931,Core_ZN,6619.017608457096,1.1031696014095158,1326.2953174777306,,,23.99946251395931,23.99948161727861,23.999545670152763,23.999538969789178,23.99968512261178
sensor,1986-07-08 09:42,3369,25.6,23.99945467854699,Core_ZN,6631.313435616442,1.1052189059360735,1327.4005363836666,,,23.99945467854699,23.99947163418648,23.99956758051359,23.999532022651746,23.999680102269203
sensor,1986-07-08 09:53,3370,25.6,23.99944888839705,Core_ZN,6640.698172484327,1.1067830287473877,1328.507319412414,,,23.99944888839705,23.99945869086735,23.999589710932963,23.99952724021188,23.99967650208611
sensor,1986-07-08 09:62,3371,25.6,23.99944461586845,Core_ZN,6647.7715423737955,1.1079619237289657,1329.615281336143,,,23.99944461586845,23.999446019772563,23.999610415520532,23.999523969194726,23.999673605100547
sensor,1986-07-08 10:13,3372,25.866666666666667,23.99928433773109,Core_ZN,6712.457429556122,1.1187429049260205,1330.734024241069,,,23.99928433773109,23.99926840394643,23.99955290420073,23.99938523761998,23.999577771107855
sensor,1986-07-08 10:23,3373,26.133333333333336,23.999264840177165,Core_ZN,6777.291001318031,1.1295485002196717,1331.8635727412886,,,23.999264840177165,23.999267938264616,23.99954872868497,23.999383675559788,23.999575405848226
sensor,1986-07-08 10:33,3374,26.4,23.99925423992275,Core_ZN,6842.693092930252,1.1404488488217086,1333.0040215901104,,,23.99925423992275,23.99925372976793,23.999562766165937,23.99937404482096,23.99956776642984
sensor,1986-07-08 10:45,3375,26.666666666666668,23.99897444712392,Core_ZN,6909.6029883414185,1.151600498056903,1334.1556220881673,,,23.99897444712392,23.99895355742321,23.99948667359957,23.999136535041917,23.999404852724698
sensor,1986-07-08 10:55,3376,26.933333333333334,23.998951908787994,Core_ZN,6975.847249471015,1.1626412082451691,1335.3182632964124,,,23.998951908787994,23.998961345855538,23.999437931838848,23.999133075390965,23.999403084176972
sensor,1986-07-08 10:65,3377,27.2,23.998942720769637,Core_ZN,7047.692756594677,1.174615459432446,1336.492878755845,,,23.998942720769637,23.99894943031451,23.999424587365816,23.999124185316457,23.99939647664775
sensor,1986-07-08 11:15,3378,27.3,23.999268736801508,Core_ZN,6761.490072464877,1.1269150120774793,1337.6197937679224,,,23.999268736801508,23.999264440098663,23.999595202992538,23.99940775333593,23.999576575067373
sensor,1986-07-08 11:25,3379,27.400000000000002,23.999275424162963,Core_ZN,6782.237268527089,1.1303728780878481,1338.7501666460103,,,23.999275424162963,23.999301154373295,23.999619834255242,23.99944023923954,23.99960323745529
sensor,1986-07-08 11:35,3380,27.5,23.999270984217723,Core_ZN,6809.675167513715,1.1349458612522856,1339.8851125072626,,,23.999270984217723,23.999309560850662,23.999622647659656,23.999446891354644,23.999608563659102
sensor,1986-07-08 11:40,3381,27.6,23.998932074484372,Core_ZN,6809.238831865281,1.1348731386442135,1341.019985645907,,,23.998932074484372,23.9990350247614,23.999498253987067,23.999221898106647,23.9994718695031
sensor,1986-07-08 11:50,3382,27.7,23.998852701814045,Core_ZN,6808.003934256557,1.1346673223760928,1342.154652968283,,,23.998852701814045,23.9990391892174,23.999463001421283,23.999205491333914,23.999453952326135
sensor,1986-07-08 11:65,3383,27.8,23.99923318525101,Core_ZN,6793.52457668124,1.1322540961135399,1343.2869070643965,,,23.99923318525101,23.999406914573985,23.99963587768599,23.999478035642074,23.999613071682717
sensor,1986-07-08 12:13,3384,27.8,23.99921048769056,Core_ZN,7080.448675115772,1.1800747791859618,1344.4669818435825,,,23.99921048769056,23.999399713549145,23.999630209217116,23.999448997884627,23.999610447694423
sensor,1986-07-08 12:23,3385,27.8,23.99920785463074,Core_ZN,7056.540390980209,1.1760900651633681,1345.643071908746,,,23.99920785463074,23.99939536503481,23.999606942110354,23.999442360444156,23.999604685248983
sensor,1986-07-08 12:32,3386,27.8,23.99937531389743,Core_ZN,7022.43424817514,1.1704057080291899,1346.8134776167751,,,23.99937531389743,23.999557823364253,23.999703807476124,23.99957559895472,23.999700396550136
sensor,1986-07-08 12:42,3387,27.799999999999997,23.999380992820917,Core_ZN,7013.465187350383,1.168910864558397,1347.9823884813336,,,23.999380992820917,23.999539271003137,23.99969023487172,23.999565766386766,23.99969339341323
sensor,1986-07-08 12:53,3388,27.8,23.99921299896863,Core_ZN,7010.436695772306,1.168406115962051,1349.1507945972955,,,23.99921299896863,23.99942638960129,23.999619988921644,23.999454702196388,23.999621901770762
sensor,1986-07-08 12:63,3389,27.8,23.999210303760222,Core_ZN,7009.583782054454,1.1682639636757424,1350.3190585609714,,,23.999210303760222,23.999394598414334,23.9995988141872,23.999435701712198,23.999605820744215
sensor,1986-07-08 13:13,3390,27.700000000000003,23.999220366018577,Core_ZN,6991.907531593038,1.1653179219321728,1351.4843764829036,,,23.999220366018577,23.999399707612604,23.99960159747885,23.999442483486114,23.999608897272914
sensor,1986-07-08 13:25,3391,27.6,23.99898439858955,Core_ZN,6973.281707964245,1.1622136179940408,1352.6465901008976,,,23.99898439858955,23.999231992405605,23.999502565552326,23.999277122674936,23.99950857408888
sensor,1986-07-08 13:35,3392,27.5,23.99900016831866,Core_ZN,6958.187488303967,1.1596979147173279,1353.8062880156149,,,23.99900016831866,23.999188763442557,23.99946684735874,23.999246711102753,23.99947710688994
sensor,1986-07-08 13:45,3393,27.4,23.99901177168875,Core_ZN,6968.153977382968,1.1613589962304947,1354.9676470118454,,,23.99901177168875,23.999159679917142,23.999453199223197,23.999229068574152,23.99945809140545
sensor,1986-07-08 13:50,3394,27.3,23.998549936108905,Core_ZN,6987.539049182373,1.1645898415303955,1356.1322368533758,,,23.998549936108905,23.998813425171452,23.999264632777077,23.998909257542664,23.999265541530598
sensor,1986-07-08 13:60,3395,27.2,23.99845658544665,Core_ZN,7013.133578307788,1.1688555963846312,1357.3010924497605,,,23.99845658544665,23.998692841890435,23.999182007399074,23.998805004036022,23.999178909843675
sensor,1986-07-08 14:10,3396,27.3,23.998437190567834,Core_ZN,7086.851466946102,1.1811419111576835,1358.4822343609183,,,23.998437190567834,23.998632816614236,23.999144522262146,23.998756754947813,23.999132185148557
sensor,1986-07-08 14:20,3397,27.400000000000002,23.998430166954062,Core_ZN,7164.7999698416315,1.1941333283069384,1359.6763676892251,,,23.998430166954062,23.998590535917646,23.99912154051707,23.99872311560781,23.99909408871848
sensor,1986-07-08 14:35,3398,27.5,23.99898607569526,Core_ZN,7245.576839390004,1.207596139898334,1360.8839638291236,,,23.99898607569526,23.99897530426311,23.99936063402884,23.999086903921597,23.99926037772186
sensor,1986-07-08 14:45,3399,27.6,23.999003983693417,Core_ZN,7295.783985022018,1.2159639975036696,1362.0999278266272,,,23.999003983693417,23.999018498095438,23.999383687083252,23.999120827401182,23.999295957613
sensor,1986-07-08 14:50,3400,27.7,23.998543800953357,Core_ZN,7342.042034905375,1.223673672484229,1363.3236014991114,,,23.998543800953357,23.998630567014168,23.999180438126647,23.998769082792258,23.999056804398787
sensor,1986-07-08 14:60,3401,27.8,23.998428474193624,Core_ZN,7381.49443172554,1.2302490719542567,1364.5538505710656,,,23.998428474193624,23.998562995641976,23.999110570979067,23.99869791866094,23.9989774448029
sensor,1986-07-08 15:10,3402,27.883333333333333,23.998409911746663,Core_ZN,7404.032882352448,1.2340054803920746,1365.7878560514578,,,23.998409911746663,23.998574068715097,23.999101620719465,23.99870171258354,23.998950493505102
sensor,1986-07-08 15:20,3403,27.96666666666667,23.998376211924604,Core_ZN,7420.755278632434,1.236792546438739,1367.0246485978964,,,23.998376211924604,23.998562468252615,23.999095439238577,23.9986863895909,23.99892459366902
sensor,1986-07-08 15:30,3404,28.05,23.9983056596847,Core_ZN,7436.58004359099,1.239430007265165,1368.2640786051616,,,23.9983056596847,23.99855507057611,23.999093217121548,23.998675103167923,23.998902352638847
sensor,1986-07-08 15:40,3405,28.133333333333333,23.998268391937913,Core_ZN,7469.464109783056,1.2449106849638425,1369.5089892901253,,,23.998268391937913,23.998552963206503,23.999094152039707,23.998669062202477,23.9988683596313
sensor,1986-07-08 15:50,3406,28.21666666666667,23.99824402427487,Core_ZN,7506.403213325811,1.2510672022209683,1370.7600564923464,,,23.99824402427487,23.998537949127105,23.999092330143498,23.99865470856032,23.99882059837825
sensor,1986-07-08 15:60,3407,28.3,23.99822625449519,Core_ZN,7544.304424646071,1.257384070774345,1372.0174405631208,,,23.99822625449519,23.998519415538215,23.99908937448782,23.9986384499833,23.998766023962332
sensor,1986-07-08 16:10,3408,28.21666666666667,23.998455582546224,Core_ZN,6626.360578896924,1.104393429816154,1373.121833992937,,,23.998455582546224,23.998634899011908,23.99911896394599,23.9987421749258,23.998771897621225
sensor,1986-07-08 16:20,3409,28.133333333333336,23.999179149632745,Core_ZN,6553.313490569741,1.0922189150949566,1374.2140529080318,,,23.999179149632745,23.999329274481568,23.9994688582825,23.999383273126668,23.999194238329775
sensor,1986-07-08 16:30,3410,28.05,23.999409544527257,Core_ZN,6523.990363232385,1.0873317272053975,1375.3013846352371,,,23.999409544527257,23.999505670247103,23.999592425877864,23.99955098835599,23.999301464875803
sensor,1986-07-08 16:40,3411,27.96666666666667,23.999467941225742,Core_ZN,6450.226281765881,1.0750377136276468,1376.3764223488647,,,23.999467941225742,23.999545449180264,23.999635913537052,23.99959079944211,23.99931213048198
sensor,1986-07-08 16:50,3412,27.883333333333333,23.99948499659051,Core_ZN,6380.536291934676,1.063422715322446,1377.4398450641872,,,23.99948499659051,23.99956234087502,23.999655763105636,23.999606243505532,23.99936201878417
sensor,1986-07-08 16:65,3413,27.8,23.999724562638818,Core_ZN,6320.693717037723,1.0534489528396205,1378.4932940170268,,,23.999724562638818,23.99978031827707,23.999827360444073,23.999800152495748,23.999678389252864
sensor,1986-07-08 17:15,3414,27.700000000000003,23.999845019908445,Core_ZN,5950.8904418094835,0.9918150736349138,1379.4851090906616,,,23.999845019908445,23.99989052081529,23.999887843622567,23.999897229716034,23.999823611039645
sensor,1986-07-08 17:25,3415,27.6,23.999857650645076,Core_ZN,5833.547543457751,0.9722579239096252,1380.4573670145712,,,23.999857650645076,23.99990100597625,23.999897776977186,23.99990514237304,23.99987727783332
sensor,1986-07-08 17:35,3416,27.5,23.99985748886528,Core_ZN,5741.851521148789,0.9569752535247982,1381.414342268096,,,23.99985748886528,23.99990057612475,23.99990023805053,23.999904964310154,23.99990459838378
sensor,1986-07-08 17:45,3417,27.4,23.999855601595634,Core_ZN,5669.068772064845,0.9448447953441408,1382.3591870634402,,,23.999855601595634,23.999900194595874,23.99990169990338,23.99990291228538,23.999911088855825
sensor,1986-07-08 17:55,3418,27.3,23.999853489862552,Core_ZN,5595.007136959224,0.932501189493204,1383.2916882529335,,,23.999853489862552,23.999900504117537,23.999903225570268,23.999904633172974,23.999918740175154
sensor,1986-07-08 17:65,3419,27.2,23.999851170218605,Core_ZN,5530.421475258598,0.9217369125430995,1384.2134251654766,,,23.999851170218605,23.999900387406896,23.99990460045547,23.999905287253434,23.99992096070948
sensor,1986-07-08 18:15,3420,26.933333333333334,23.999825005132116,Core_ZN,5410.613465655169,0.9017689109425282,1385.1151940764191,,,23.999825005132116,23.99987055337649,23.999894807666088,23.999878900339347,23.999907835966454
sensor,1986-07-08 18:25,3421,26.66666666666667,23.99981415795565,Core_ZN,5287.742135342637,0.8812903558904395,1385.9964844323097,,,23.99981415795565,23.99985071845706,23.99988931096403,23.999861715343673,23.999900730468788
sensor,1986-07-08 18:35,3422,26.4,23.999803685527606,Core_ZN,5165.410956048699,0.8609018260081164,1386.8573862583178,,,23.999803685527606,23.999838194285687,23.999886730852964,23.99985148694244,23.99989772767456
sensor,1986-07-08 18:43,3423,26.133333333333333,23.999830733654203,Core_ZN,5051.5961149084505,0.8419326858180751,1387.699318944136,,,23.999830733654203,23.9998557643936,23.999890041863146,23.999865285029024,23.999916326820724
sensor,1986-07-08 18:53,3424,25.866666666666667,23.99984385815496,Core_ZN,4943.357576593928,0.8238929294323213,1388.5232118735682,,,23.99984385815496,23.999862997382685,23.99990750200934,23.999873156220715,23.999916134124266
sensor,1986-07-08 18:65,3425,25.6,23.999746168040787,Core_ZN,4840.675134088868,0.8067791890148113,1389.329991062583,,,23.999746168040787,23.99977796691776,23.99983796422967,23.99979071737812,23.99986328188614
sensor,1986-07-08 19:15,3426,25.6,23.999845211052524,Core_ZN,4753.140225610492,0.7921900376017487,1390.122181100185,,,23.999845211052524,23.999880391765423,23.999909022488175,23.999887695722524,23.999918215753333
sensor,1986-07-08 19:25,3427,25.6,23.999879173260616,Core_ZN,4722.109379654494,0.7870182299424157,1390.9091993301272,,,23.999879173260616,23.999921134169625,23.999932335339963,23.999925362392062,23.99993886324623
sensor,1986-07-08 19:35,3428,25.6,23.99990201654039,Core_ZN,4700.656162745415,0.7834426937909025,1391.692642023918,,,23.99990201654039,23.999948649058155,23.999945497824328,23.99995078419891,23.9999516197902
sensor,1986-07-08 19:45,3429,25.6,23.999919431096597,Core_ZN,4691.3079233376475,0.7818846538896078,1392.4745266778077,,,23.999919431096597,23.999967562980657,23.99995405515155,23.999968170804014,23.999959767134822
sensor,1986-07-08 19:55,3430,25.6,23.999932772103712,Core_ZN,4688.801576421444,0.7814669294035741,1393.2559936072114,,,23.999932772103712,23.999981291851693,23.99996012243583,23.999980890452875,23.999965371248166
sensor,1986-07-08 19:65,3431,25.6,23.99994289735491,Core_ZN,4691.366912999778,0.7818944854999629,1394.0378880927115,,,23.99994289735491,23.99999126276923,23.999964448828322,23.999990203324813,23.999969219152185
sensor,1986-07-08 20:15,3432,25.21666666666667,23.999954286620692,Core_ZN,4624.139470523297,0.7706899117538828,1394.8085780044653,,,23.999954286620692,24.000001894118704,23.999968622681948,23.999999918290364,23.99997325717784
sensor,1986-07-08 20:25,3433,24.833333333333336,23.999971122170585,Core_ZN,4556.933057514623,0.7594888429191038,1395.5680668473844,,,23.999971122170585,24.000009451328264,23.999971616001936,24.00000678731519,23.999976098475447
sensor,1986-07-08 20:35,3434,24.450000000000003,23.999979620526418,Core_ZN,4492.503870325053,0.7487506450541754,1396.3168174924385,,,23.999979620526418,24.000014624182345,23.999973683956753,24.00001150138165,23.99997801253079
sensor,1986-07-08 20:45,3435,24.06666666666667,23.99998517326863,Core_ZN,4429.0087366364505,0.7381681227727417,1397.0549856152113,,,23.99998517326863,24.000017997105502,23.999975043712688,24.000014546000642,23.99997922673412
sensor,1986-07-08 20:55,3436,23.683333333333334,23.99998917864631,Core_ZN,4366.114321700973,0.7276857202834954,1397.7826713354948,,,23.99998917864631,24.00001997317145,23.99997588542564,24.000016360232756,23.99997993901232
sensor,1986-07-08 20:65,3437,23.3,23.999992058022293,Core_ZN,4303.514177131252,0.7172523628552085,1398.49992369835,,,23.999992058022293,24.00002095510946,23.99997634170274,24.00001725963302,23.99998029359731
sensor,1986-07-08 21:13,3438,23.3,24.411143707694407,Core_ZN,4.038461538461539e-09,6.730769230769232e-13,1398.4999236983506,,,24.411143707694407,24.563975271391218,24.616241543988817,24.541216317057533,24.632088786039713
sensor,1986-07-08 21:20,3439,23.3,24.80747761620388,Core_ZN,4.038461538461539e-09,6.730769230769232e-13,1398.4999236983513,,,24.80747761620388,25.034780479775936,25.10997893315572,25.000031074182903,25.140630087960208
sensor,1986-07-08 21:30,3440,23.3,24.946669409112065,Core_ZN,4.038461538461539e-09,6.730769230769232e-13,1398.499923698352,,,24.946669409112065,25.174071451264396,25.248105627113944,25.137722481220024,25.284869350709897
sensor,1986-07-08 21:40,3441,23.3,25.019960688953432,Core_ZN,4.038461538461539e-09,6.730769230769232e-13,1398.4999236983526,,,25.019960688953432,25.246383874737788,25.319863956561186,25.209124447856777,25.360100782301323
sensor,1986-07-08 21:50,3442,23.3,25.063317524313383,Core_ZN,4.038461538461539e-09,6.730769230769232e-13,1398.4999236983533,,,25.063317524313383,25.290269911002557,25.365078633856083,25.252496631275413,25.408388520699226
sensor,1986-07-08 21:60,3443,23.3,25.092935873010394,Core_ZN,4.038461538461539e-09,6.730769230769232e-13,1398.499923698354,,,25.092935873010394,25.32134628425596,25.398518786725315,25.283338286625575,25.444041656383824
sensor,1986-07-08 22:10,3444,23.3,25.10438689515735,Core_ZN,4.038461538461539e-09,6.730769230769232e-13,1398.4999236983547,,,25.10438689515735,25.335097076879386,25.41515830842002,25.297062860492602,25.462525935040834
sensor,1986-07-08 22:20,3445,23.3,25.115710661964084,Core_ZN,4.038461538461539e-09,6.730769230769232e-13,1398.4999236983554,,,25.115710661964084,25.348749282772552,25.431714077970835,25.31085807539312,25.48069205729971
sensor,1986-07-08 22:30,3446,23.3,25.12681555535807,Core_ZN,4.038461538461539e-09,6.730769230769232e-13,1398.499923698356,,,25.12681555535807,25.36137683206103,25.44716839185995,25.32405550663021,25.497585183268143
sensor,1986-07-08 22:40,3447,23.3,25.137078822396326,Core_ZN,4.038461538461539e-09,6.730769230769232e-13,1398.4999236983567,,,25.137078822396326,25.37280769908505,25.460936649131803,25.33625727052361,25.512650774117887
sensor,1986-07-08 22:50,3448,23.3,25.146391497352248,Core_ZN,4.038461538461539e-09,6.730769230769232e-13,1398.4999236983574,,,25.146391497352248,25.38300270444389,25.473029949393855,25.3470456500511,25.525917895821518
sensor,1986-07-08 22:60,3449,23.3,25.15478817371222,Core_ZN,4.038461538461539e-09,6.730769230769232e-13,1398.499923698358,,,25.15478817371222,25.391974780214788,25.48359278414288,25.35650801281327,25.537544014623254
sensor,1986-07-08 23:10,3450,23.116666666666667,25.139404070954146,Core_ZN,4.038461538461539e-09,6.730769230769232e-13,1398.4999236983588,,,25.139404070954146,25.37632194186732,25.469520900208835,25.3419557644633,25.524430604381113
sensor,1986-07-08 23:20,3451,22.933333333333334,25.128399030739356,Core_ZN,4.038461538461539e-09,6.730769230769232e-13,1398.4999236983595,,,25.128399030739356,25.36415595944546,25.459036766630266,25.33159477060804,25.514770388840038
sensor,1986-07-08 23:30,3452,22.75,25.117492977463222,Core_ZN,4.038461538461539e-09,6.730769230769232e-13,1398.4999236983601,,,25.117492977463222,25.351962804512546,25.448543711029856,25.320861739808482,25.504993425534487
sensor,1986-07-08 23:40,3453,22.566666666666666,25.105851453062336,Core_ZN,4.038461538461539e-09,6.730769230769232e-13,1398.4999236983608,,,25.105851453062336,25.33887957669967,25.436961363936962,25.309428075777788,25.494024486539907
sensor,1986-07-08 23:50,3454,22.383333333333333,25.09352682429553,Core_ZN,4.038461538461539e-09,6.730769230769232e-13,1398.4999236983615,,,25.09352682429553,25.32462759006579,25.424032132945158,25.296951450369935,25.481616177793846
sensor,1986-07-08 23:60,3455,22.2,25.080408504736653,Core_ZN,4.038461538461539e-09,6.730769230769232e-13,1398.4999236983622,,,25.080408504736653,25.309166312575,25.409304621148777,25.28336653548722,25.468223560227116
sensor,1986-07-09 00:10,3456,22.016666666666666,25.066338242677475,Core_ZN,4.038461538461539e-09,6.730769230769232e-13,1398.4999236983629,,,25.066338242677475,25.292850797043315,25.393801159819013,25.26880172521275,25.45302447540983
sensor,1986-07-09 00:20,3457,21.833333333333336,25.05136893802684,Core_ZN,4.038461538461539e-09,6.730769230769232e-13,1398.4999236983635,,,25.05136893802684,25.27567678355685,25.377538072037375,25.253308962808077,25.436963704973103
sensor,1986-07-09 00:30,3458,21.65,25.035514123431454,Core_ZN,4.038461538461539e-09,6.730769230769232e-13,1398.4999236983642,,,25.035514123431454,25.25770650005245,25.360080582532806,25.23695864660659,25.419979581466794
sensor,1986-07-09 00:40,3459,21.46666666666667,25.01880209291598,Core_ZN,4.038461538461539e-09,6.730769230769232e-13,1398.499923698365,,,25.01880209291598,25.23902160892316,25.341664335430913,25.219827191210587,25.402131433418184
sensor,1986-07-09 00:50,3460,21.283333333333335,25.001286839003647,Core_ZN,4.038461538461539e-09,6.730769230769232e-13,1398.4999236983656,,,25.001286839003647,25.21970382745414,25.32241907715774,25.20199296345706,25.383503284965858
sensor,1986-07-09 00:60,3461,21.1,24.98306186013041,Core_ZN,4.038461538461539e-09,6.730769230769232e-13,1398.4999236983663,,,24.98306186013041,25.199826068401777,25.30245173491029,25.183538484043424,25.36417321129776
sensor,1986-07-09 01:10,3462,21.1,24.9727991935175,Core_ZN,4.038461538461539e-09,6.730769230769232e-13,1398.499923698367,,,24.9727991935175,25.18793089877355,25.290899006524253,25.17281181537728,25.352950087448903
sensor,1986-07-09 01:20,3463,21.1,24.96613032278295,Core_ZN,4.038461538461539e-09,6.730769230769232e-13,1398.4999236983676,,,24.96613032278295,25.178922336523268,25.282078330102138,25.164883299809283,25.34428414620227
sensor,1986-07-09 01:30,3464,21.1,24.961198872563543,Core_ZN,4.038461538461539e-09,6.730769230769232e-13,1398.4999236983683,,,24.961198872563543,25.170196907988903,25.274301117692545,25.15880015744342,25.336563786749252
sensor,1986-07-09 01:40,3465,21.1,24.9571236812284,Core_ZN,4.038461538461539e-09,6.730769230769232e-13,1398.499923698369,,,24.9571236812284,25.162587302579915,25.26695755958449,25.152839394668646,25.329211726755897
sensor,1986-07-09 01:50,3466,21.1,24.953477285555913,Core_ZN,4.038461538461539e-09,6.730769230769232e-13,1398.4999236983697,,,24.953477285555913,25.155419816438283,25.259810475100416,25.146964276028857,25.32200711346302
sensor,1986-07-09 01:60,3467,21.1,24.95004577524409,Core_ZN,4.038461538461539e-09,6.730769230769232e-13,1398.4999236983704,,,24.95004577524409,25.148464845453454,25.252755612779485,25.141143270868948,25.314854836067344
sensor,1986-07-09 02:10,3468,21.200000000000003,24.951484819520548,Core_ZN,4.038461538461539e-09,6.730769230769232e-13,1398.499923698371,,,24.951484819520548,25.146771805225736,25.251051172398096,25.1401804601655,25.313012138417736
sensor,1986-07-09 02:20,3469,21.300000000000004,24.955322663230767,Core_ZN,4.038461538461539e-09,6.730769230769232e-13,1398.4999236983717,,,24.955322663230767,25.147316610484626,25.25143782670821,25.1412446106445,25.313199648075184
sensor,1986-07-09 02:30,3470,21.4,24.960393286042557,Core_ZN,4.038461538461539e-09,6.730769230769232e-13,1398.4999236983724,,,24.960393286042557,25.148955823076832,25.252796764452192,25.143280142079824,25.314317530168527
sensor,1986-07-09 02:40,3471,21.5,24.96615427898724,Core_ZN,4.038461538461539e-09,6.730769230769232e-13,1398.499923698373,,,24.96615427898724,25.1512146931538,25.254694743411417,25.145850959374215,25.31594403213015
sensor,1986-07-09 02:50,3472,21.599999999999998,24.972296130739977,Core_ZN,4.038461538461539e-09,6.730769230769232e-13,1398.4999236983738,,,24.972296130739977,25.153893548940534,25.256960136427022,25.148775458810228,25.31791502499345
sensor,1986-07-09 02:60,3473,21.7,24.97867002195397,Core_ZN,4.038461538461539e-09,6.730769230769232e-13,1398.4999236983745,,,24.97867002195397,25.156889861717346,25.259505812199478,25.151962187391177,25.320146922535304
sensor,1986-07-09 03:10,3474,21.599999999999998,24.975861997955988,Core_ZN,4.038461538461539e-09,6.730769230769232e-13,1398.4999236983751,,,24.975861997955988,25.15010975273242,25.251936647489867,25.146000746645875,25.31234453490838
sensor,1986-07-09 03:20,3475,21.5,24.968766673693757,Core_ZN,4.038461538461539e-09,6.730769230769232e-13,1398.4999236983758,,,24.968766673693757,25.139525149139697,25.240744228389307,25.136458267902476,25.300984201821915
sensor,1986-07-09 03:30,3476,21.4,24.959412766100222,Core_ZN,4.038461538461539e-09,6.730769230769232e-13,1398.4999236983765,,,24.959412766100222,25.127064014787504,25.227816313977172,25.125142360465688,25.287911892769
sensor,1986-07-09 03:40,3477,21.3,24.948752469089133,Core_ZN,4.038461538461539e-09,6.730769230769232e-13,1398.4999236983772,,,24.948752469089133,25.113489233760657,25.21384349782136,25.11277006859416,25.273798788499715
sensor,1986-07-09 03:50,3478,21.200000000000003,24.937228420264965,Core_ZN,4.038461538461539e-09,6.730769230769232e-13,1398.4999236983779,,,24.937228420264965,25.099129937793965,25.199107665098747,25.099647428732162,25.25891573398622
sensor,1986-07-09 03:60,3479,21.1,24.924974482406995,Core_ZN,4.038461538461539e-09,6.730769230769232e-13,1398.4999236983786,,,24.924974482406995,25.08510123286636,25.183611088171556,25.085802014741013,25.24325262358841
sensor,1986-07-09 04:10,3480,21.1,24.928022942999718,Core_ZN,4.038461538461539e-09,6.730769230769232e-13,1398.4999236983792,,,24.928022942999718,25.08461695912676,25.183236678620535,25.086896657310337,25.242679025673485
sensor,1986-07-09 04:20,3481,21.1,24.931290083999077,Core_ZN,4.038461538461539e-09,6.730769230769232e-13,1398.49992369838,,,24.931290083999077,25.082780829419022,25.180904726487014,25.086125834609195,25.24008684723148
sensor,1986-07-09 04:30,3482,21.1,24.93251981900929,Core_ZN,4.038461538461539e-09,6.730769230769232e-13,1398.4999236983806,,,24.93251981900929,25.085946259503906,25.191984597251672,25.094177487677324,25.24172752897856
sensor,1986-07-09 04:40,3483,21.1,24.932765147655193,Core_ZN,4.038461538461539e-09,6.730769230769232e-13,1398.4999236983813,,,24.932765147655193,25.090007408733136,25.203888596809623,25.10252356196395,25.243916987442866
sensor,1986-07-09 04:50,3484,21.1,24.932539061129138,Core_ZN,4.038461538461539e-09,6.730769230769232e-13,1398.499923698382,,,24.932539061129138,25.09481655401077,25.213952430056946,25.10965862010125,25.24672144415139
sensor,1986-07-09 04:60,3485,21.1,24.93209231496838,Core_ZN,4.038461538461539e-09,6.730769230769232e-13,1398.4999236983826,,,24.93209231496838,25.100363946945272,25.222908421712926,25.116090456752893,25.250171307492657
sensor,1986-07-09 05:15,3486,21.200000000000003,24.07034868091197,Core_ZN,4472.40155392558,0.7454002589875965,1399.2453239573701,,,24.07034868091197,24.088548511656565,24.163088565994595,24.09307436353363,24.16312700184865
sensor,1986-07-09 05:20,3487,21.300000000000004,24.002783847788763,Core_ZN,4535.158270092827,0.7558597116821377,1400.0011836690524,,,24.002783847788763,24.003933219198913,24.018661174598062,24.004516723352626,24.017940400940518
sensor,1986-07-09 05:30,3488,21.4,24.000253933080266,Core_ZN,4354.564568941059,0.7257607614901765,1400.7269444305425,,,24.000253933080266,24.000451715619835,24.006226951931723,24.000659656061067,24.005848158093578
sensor,1986-07-09 05:40,3489,21.5,23.999761239541037,Core_ZN,4234.613443202903,0.7057689072004838,1401.432713337743,,,23.999761239541037,23.99973906196171,24.002114035219247,23.99983016194492,24.001928042668126
sensor,1986-07-09 05:50,3490,21.599999999999998,23.999691116644797,Core_ZN,4142.012397501577,0.6903353995835961,1402.1230487373266,,,23.999691116644797,23.999626119151472,24.000740440490915,23.999681591843935,24.0006505171675
sensor,1986-07-09 05:60,3491,21.7,23.999703365347706,Core_ZN,4068.5709262386517,0.6780951543731085,1402.8011438916997,,,23.999703365347706,23.9996347888449,24.000273744214372,23.999679572636044,24.000228538674275
sensor,1986-07-09 06:10,3492,21.7,23.999453382916688,Core_ZN,3957.101311770673,0.6595168852951121,1403.4606607769947,,,23.999453382916688,23.9993798794462,23.999876592592187,23.99942411123398,23.999824644279006
sensor,1986-07-09 06:20,3493,21.700000000000003,23.999732337035162,Core_ZN,3954.3761504161102,0.6590626917360183,1404.1197234687306,,,23.999732337035162,23.99970907695379,23.999912928417363,23.999728595975654,23.99989088235044
sensor,1986-07-09 06:30,3494,21.7,23.99977067007838,Core_ZN,3944.9979448858267,0.6574996574809711,1404.7772231262115,,,23.99977067007838,23.999785046421554,23.99992336595658,23.99980143242029,23.999911304747798
sensor,1986-07-09 06:40,3495,21.7,23.999780958076098,Core_ZN,3939.233439912855,0.6565389066521424,1405.4337620328636,,,23.999780958076098,23.999805041934746,23.999926824043754,23.99982164013764,23.999918193874564
sensor,1986-07-09 06:50,3496,21.7,23.999785157106484,Core_ZN,3935.294049266526,0.655882341544421,1406.089644374408,,,23.999785157106484,23.999810121589388,23.99992733057812,23.99982776670005,23.99992027852882
sensor,1986-07-09 06:60,3497,21.7,23.99978795935399,Core_ZN,3932.6369203495838,0.6554394867249306,1406.7450838611328,,,23.99978795935399,23.99981080818615,23.999926631580898,23.99982991501955,23.99992064098636
sensor,1986-07-09 07:10,3498,21.7,23.99986980096578,Core_ZN,4985.614918685371,0.830935819780895,1407.5760196809138,,,23.99986980096578,23.999896580852884,24.000011100231248,23.999925259434765,24.000016979104984
sensor,1986-07-09 07:25,3499,21.700000000000003,23.998947254028018,Core_ZN,5084.120585992585,0.847353430998764,1408.4233731119125,,,23.998947254028018,23.999033337750873,23.99948153685121,23.999108098984394,23.999457906170488
sensor,1986-07-09 07:35,3500,21.7,23.999017911700932,Core_ZN,5137.371561208726,0.8562285935347878,1409.2796017054472,,,23.999017911700932,23.999125990457518,23.999520863428,23.99919161007904,23.999504221152065
sensor,1986-07-09 07:45,3501,21.7,23.999032624385045,Core_ZN,5181.746856041508,0.863624476006918,1410.143226181454,,,23.999032624385045,23.999140812707715,23.99952222983734,23.999205646015692,23.999508639349855
sensor,1986-07-09 07:55,3502,21.7,23.99904484690644,Core_ZN,5219.733783333382,0.8699556305555636,1411.0131818120096,,,23.99904484690644,23.999149941774085,23.99952010643411,23.999214574296204,23.999508746867576
sensor,1986-07-09 07:65,3503,21.7,23.99905728749919,Core_ZN,5253.221655052506,0.875536942508751,1411.8887187545183,,,23.99905728749919,23.999158256407778,23.999517860397525,23.999222807942676,23.999508539058645
sensor,1986-07-09 08:15,3504,21.316666666666666,23.999032598816832,Core_ZN,5195.346656163801,0.8658911093606334,1412.754609863879,,,23.999032598816832,23.999130008134973,23.999501430670175,23.999196039020177,23.999493873099297
sensor,1986-07-09 08:25,3505,20.933333333333334,23.999010799439578,Core_ZN,5132.290856344845,0.8553818093908074,1413.6099916732699,,,23.999010799439578,23.999111317907392,23.99949054347237,23.999178254908582,23.999484456446815
sensor,1986-07-09 08:35,3506,20.549999999999997,23.998999970372626,Core_ZN,5065.135761422581,0.84418929357043,1414.4541809668403,,,23.998999970372626,23.999099432464853,23.999483330682374,23.9991669130127,23.999478417854707
sensor,1986-07-09 08:40,3507,20.166666666666664,23.998523010036028,Core_ZN,5013.37261462178,0.8355621024369633,1415.2897430692774,,,23.998523010036028,23.998706864620207,23.999302953470128,23.998805516295803,23.999293785069497
sensor,1986-07-09 08:50,3508,19.783333333333335,23.99850784859466,Core_ZN,4950.582175001478,0.825097029166913,1416.1148400984443,,,23.99850784859466,23.998712727555557,23.999330013341087,23.998814082196553,23.999322543970838
sensor,1986-07-09 08:60,3509,19.4,23.99850418430942,Core_ZN,4887.470004878493,0.8145783341464155,1416.9294184325909,,,23.99850418430942,23.998703139422048,23.999334831678826,23.998807454659016,23.99932929377429
sensor,1986-07-09 09:15,3510,19.6,23.998876301834567,Core_ZN,4916.570062458492,0.819428343743082,1417.748846776334,,,23.998876301834567,23.9989188667397,23.99932794779526,23.99900269167763,23.999331608545397
sensor,1986-07-09 09:25,3511,19.8,23.999027033573498,Core_ZN,4961.264792710646,0.8268774654517743,1418.5757242417858,,,23.999027033573498,23.999084512228244,23.99945424140904,23.9991606777684,23.999454944691042
sensor,1986-07-09 09:35,3512,20.0,23.999057316981556,Core_ZN,5007.856066998404,0.8346426778330672,1419.4103669196188,,,23.999057316981556,23.999109054612592,23.99947641629158,23.999186776158297,23.99947534780369
sensor,1986-07-09 09:45,3513,20.200000000000003,23.99907288353254,Core_ZN,5046.425886416032,0.8410709810693386,1420.2514379006882,,,23.99907288353254,23.99912555383927,23.999487815521505,23.99920298304518,23.99948322216182
sensor,1986-07-09 09:55,3514,20.4,23.99908441705798,Core_ZN,5083.270831025719,0.8472118051709532,1421.098649705859,,,23.99908441705798,23.99913827145694,23.999496480235997,23.999215961275603,23.9994881972032
sensor,1986-07-09 09:65,3515,20.6,23.999093540352,Core_ZN,5119.7215543964185,0.8532869257327365,1421.951936631592,,,23.999093540352,23.99914800884011,23.99950365262888,23.999226341816485,23.999491831803738
sensor,1986-07-09 10:15,3516,20.783333333333335,23.999106489253677,Core_ZN,5154.91198804429,0.8591519980073816,1422.8110886295992,,,23.999106489253677,23.999161481944046,23.999512106216777,23.999240031816694,23.99949708840112
sensor,1986-07-09 10:25,3517,20.96666666666667,23.999099469845483,Core_ZN,5191.806537071079,0.8653010895118465,1423.676389719111,,,23.999099469845483,23.999171766678398,23.99951895987868,23.99925067660206,23.999500939813274
sensor,1986-07-09 10:35,3518,21.15,23.999101302546144,Core_ZN,5227.96744799845,0.8713279079997416,1424.5477176271108,,,23.999101302546144,23.99917936164281,23.999524529925544,23.99925875148861,23.999503658497783
sensor,1986-07-09 10:45,3519,21.333333333333332,23.99910401787114,Core_ZN,5264.658328859348,0.8774430548098914,1425.4251606819207,,,23.99910401787114,23.999183438280028,23.999528646172898,23.99926499558499,23.999505586786285
sensor,1986-07-09 10:55,3520,21.516666666666666,23.999105992825008,Core_ZN,5291.616820934674,0.8819361368224456,1426.307096818743,,,23.999105992825008,23.99919027558013,23.99953664345407,23.99927795190461,23.99951152884523
sensor,1986-07-09 10:65,3521,21.7,23.999107412648783,Core_ZN,5325.515292829472,0.8875858821382453,1427.1946827008812,,,23.999107412648783,23.999191038881435,23.99953999748556,23.999282994479543,23.99951339531712
sensor,1986-07-09 11:15,3522,21.7,23.999371491140757,Core_ZN,5073.505100809608,0.8455841834682679,1428.0402668843494,,,23.999371491140757,23.99943629429609,23.999687325576772,23.99951200349731,23.99966835055165
sensor,1986-07-09 11:25,3523,21.700000000000003,23.999389910733182,Core_ZN,5059.179358622343,0.8431965597703904,1428.8834634441198,,,23.999389910733182,23.999482015904828,23.999719771649044,23.999559049739368,23.9997018038895
sensor,1986-07-09 11:35,3524,21.7,23.99939810244913,Core_ZN,5054.811921466436,0.8424686535777393,1429.7259320976975,,,23.99939810244913,23.99950034968014,23.999730782477627,23.99957833369959,23.999713337332466
sensor,1986-07-09 11:43,3525,21.7,23.999554434015746,Core_ZN,5049.967728214313,0.8416612880357188,1430.5675933857333,,,23.999554434015746,23.99959941687301,23.99978344561955,23.999676545855287,23.999768406751727
sensor,1986-07-09 11:53,3526,21.7,23.999657986269337,Core_ZN,5055.435170465663,0.8425725284109438,1431.4101659141443,,,23.999657986269337,23.999686092900212,23.999834772373998,23.99975435383563,23.999823284290315
sensor,1986-07-09 11:62,3527,21.7,23.999666297794754,Core_ZN,5059.330388286921,0.8432217313811534,1432.2533876455254,,,23.999666297794754,23.999702090889706,23.999848542455933,23.999771757311365,23.99983864681129
sensor,1986-07-09 12:12,3528,21.883333333333333,23.99960402331021,Core_ZN,5352.735580450942,0.8921225967418236,1433.1455102422672,,,23.99960402331021,23.999632190180176,23.9998121032352,23.999713734620617,23.999797776626423
sensor,1986-07-09 12:22,3529,22.06666666666667,23.999589410448316,Core_ZN,5407.701811125343,0.9012836351875572,1434.0467938774548,,,23.999589410448316,23.99960754759133,23.99979594270745,23.999693148087392,23.9997828836527
sensor,1986-07-09 12:32,3530,22.25,23.999580461349332,Core_ZN,5448.4462371462305,0.908074372857705,1434.9548682503125,,,23.999580461349332,23.999593835214583,23.999789722365946,23.99968388321377,23.99977690355803
sensor,1986-07-09 12:42,3531,22.433333333333334,23.999573227696708,Core_ZN,5481.139291596483,0.9135232152660806,1435.8683914655785,,,23.999573227696708,23.999591389122273,23.9997850248394,23.99967664574878,23.999772334324774
sensor,1986-07-09 12:53,3532,22.616666666666667,23.999470127756794,Core_ZN,5510.460586056227,0.9184100976760378,1436.7868015632546,,,23.999470127756794,23.999502416363736,23.999735240825792,23.999599828911986,23.999718796131713
sensor,1986-07-09 12:63,3533,22.8,23.999316556828184,Core_ZN,5544.221811500884,0.9240369685834806,1437.7108385318381,,,23.999316556828184,23.999371694742337,23.999659709944797,23.99948253182533,23.999638660712293
sensor,1986-07-09 13:15,3534,22.883333333333333,23.99907188301171,Core_ZN,5569.906333334414,0.9283177222224023,1438.6391562540605,,,23.99907188301171,23.99917909550508,23.999550292891712,23.99930852013224,23.99949784333589
sensor,1986-07-09 13:20,3535,22.96666666666667,23.99864703137503,Core_ZN,5595.635222608596,0.932605870434766,1439.5717621244953,,,23.99864703137503,23.99886267686568,23.99939638059516,23.999030505092744,23.999328342304057
sensor,1986-07-09 13:30,3536,23.05,23.998645191189947,Core_ZN,5622.040675029274,0.9370067791715457,1440.5087689036668,,,23.998645191189947,23.99881864609891,23.999355251158956,23.99897990338498,23.999269099266307
sensor,1986-07-09 13:40,3537,23.133333333333333,23.998656532915156,Core_ZN,5650.477008240371,0.9417461680400618,1441.4505150717068,,,23.998656532915156,23.998822272112385,23.99934223771964,23.998969712231766,23.999227460773515
sensor,1986-07-09 13:50,3538,23.21666666666667,23.998668041412962,Core_ZN,5679.911222469662,0.9466518704116103,1442.3971669421185,,,23.998668041412962,23.998834753760516,23.999338048788807,23.998968022405986,23.999188652823396
sensor,1986-07-09 13:60,3539,23.3,23.99867746729673,Core_ZN,5709.906593671071,0.9516510989451785,1443.3488180410636,,,23.99867746729673,23.998848831977732,23.999336658737437,23.998967858977736,23.99914898967779
sensor,1986-07-09 14:10,3540,23.3,23.998693496878804,Core_ZN,5720.224045522646,0.9533706742537742,1444.3021887153175,,,23.998693496878804,23.998871215069492,23.99934364713692,23.998976031531964,23.999115062350125
sensor,1986-07-09 14:20,3541,23.3,23.998686342257006,Core_ZN,5731.701632847446,0.9552836054745742,1445.257472320792,,,23.998686342257006,23.998868205198306,23.99934382783975,23.998963441685834,23.999070844928934
sensor,1986-07-09 14:30,3542,23.3,23.998680233467972,Core_ZN,5743.031852131366,0.9571719753552276,1446.2146442961473,,,23.998680233467972,23.99885903358982,23.999342874837623,23.99894981376738,23.999024525631725
sensor,1986-07-09 14:40,3543,23.3,23.998673131717286,Core_ZN,5746.964572279984,0.9578274287133307,1447.1724717248605,,,23.998673131717286,23.9988503455999,23.99934229677646,23.998938616389776,23.998984883107394
sensor,1986-07-09 14:55,3544,23.3,23.999056488484165,Core_ZN,5741.968498694289,0.9569947497823815,1448.1294664746429,,,23.999056488484165,23.99915411562866,23.99947860110712,23.999203673081016,23.999076427906985
sensor,1986-07-09 14:65,3545,23.3,23.99912063414053,Core_ZN,5738.8391054320955,0.9564731842386825,1449.0859396588814,,,23.99912063414053,23.999200974783783,23.999526698235343,23.99925666609814,23.99919865370962
sensor,1986-07-09 15:13,3546,23.21666666666667,23.99933507762956,Core_ZN,5719.798252856745,0.9532997088094575,1450.039239367691,,,23.99933507762956,23.999387895066672,23.99962451001894,23.999425182928846,23.999329761016654
sensor,1986-07-09 15:23,3547,23.133333333333333,23.9993543359627,Core_ZN,5694.900638641104,0.9491501064401839,1450.988389474131,,,23.9993543359627,23.99941589289631,23.999654018131586,23.999457938672318,23.99942469933701
sensor,1986-07-09 15:33,3548,23.05,23.999353798721284,Core_ZN,5670.751246078565,0.9451252076797607,1451.9335146818107,,,23.999353798721284,23.999420932021764,23.99965949923499,23.99946403411656,23.999449457932265
sensor,1986-07-09 15:43,3549,22.96666666666667,23.999353780650992,Core_ZN,5650.370935208431,0.9417284892014051,1452.875243171012,,,23.999353780650992,23.99942820833528,23.999664108253718,23.999471076170742,23.999449129288568
sensor,1986-07-09 15:53,3550,22.883333333333333,23.99935400394593,Core_ZN,5629.926901824254,0.9383211503040423,1453.813564321316,,,23.99935400394593,23.99943591128948,23.999668714401782,23.999478186931682,23.999445005596186
sensor,1986-07-09 15:63,3551,22.8,23.999354433522996,Core_ZN,5608.5156369239985,0.9347526061539997,1454.7483169274701,,,23.999354433522996,23.999443484813582,23.999673317677093,23.999485028557878,23.99944075535479
sensor,1986-07-09 16:13,3552,22.8,23.999712075439326,Core_ZN,4911.108030120875,0.8185180050201458,1455.5668349324903,,,23.999712075439326,23.999752385010947,23.99985356857872,23.999775046310308,23.999684725212184
sensor,1986-07-09 16:23,3553,22.800000000000004,23.99975717622717,Core_ZN,4817.9114134351685,0.802985235572528,1456.369820168063,,,23.99975717622717,23.999788783738524,23.999879290609773,23.99980801554815,23.999722520727797
sensor,1986-07-09 16:33,3554,22.8,23.9997708186818,Core_ZN,4759.589725984388,0.7932649543307312,1457.1630851223936,,,23.9997708186818,23.999801784958905,23.999888118845853,23.999819389536796,23.99973369653243
sensor,1986-07-09 16:43,3555,22.8,23.999778471986687,Core_ZN,4706.358071199376,0.7843930118665626,1457.94747813426,,,23.999778471986687,23.999809415619026,23.99989367401173,23.999826056676277,23.999748543668744
sensor,1986-07-09 16:53,3556,22.8,23.99978378083732,Core_ZN,4658.10997105129,0.7763516618418815,1458.7238297961019,,,23.99978378083732,23.99981477386709,23.999897891499323,23.999830623311905,23.99976222966286
sensor,1986-07-09 16:63,3557,22.8,23.99978756365526,Core_ZN,4614.882087767991,0.7691470146279984,1459.49297681073,,,23.99978756365526,23.999818934563077,23.99990131083102,23.999832528234627,23.999774710479365
sensor,1986-07-09 17:13,3558,22.616666666666667,23.99984957471789,Core_ZN,4331.75669671696,0.7219594494528265,1460.2149362601829,,,23.99984957471789,23.99986994813123,23.99993383917875,23.999877178484084,23.999834353825527
sensor,1986-07-09 17:23,3559,22.433333333333337,23.99985610452245,Core_ZN,4235.913804810593,0.7059856341350988,1460.9209218943179,,,23.99985610452245,23.999873342598256,23.999938441544636,23.99987638167345,23.999848760892824
sensor,1986-07-09 17:33,3560,22.25,23.999856480924098,Core_ZN,4156.670085857859,0.6927783476429764,1461.613700241961,,,23.999856480924098,23.999872949399524,23.99993990524752,23.999871826385196,23.999856138019833
sensor,1986-07-09 17:43,3561,22.066666666666666,23.999856059780342,Core_ZN,4077.4884106834825,0.6795814017805804,1462.2932816437415,,,23.999856059780342,23.99987272217527,23.999941055491647,23.99986842231293,23.99986617743171
sensor,1986-07-09 17:53,3562,21.883333333333333,23.99986273655427,Core_ZN,3988.8889250271145,0.6648148208378524,1462.9580964645793,,,23.99986273655427,23.99987206160753,23.999927218068628,23.999864495277663,23.999864058307928
sensor,1986-07-09 17:63,3563,21.7,23.99988094841153,Core_ZN,3906.9549516942307,0.6511591586157051,1463.609255623195,,,23.99988094841153,23.99989410963,23.999947930363845,23.9998887004665,23.99990213415864
sensor,1986-07-09 18:13,3564,21.416666666666664,23.999893525961685,Core_ZN,3820.1257609920444,0.6366876268320074,1464.245943250027,,,23.999893525961685,23.999910829994008,23.99995663495288,23.999905545095736,23.99992362222325
sensor,1986-07-09 18:23,3565,21.133333333333333,23.99990626591707,Core_ZN,3734.902965031475,0.6224838275052458,1464.8684270775323,,,23.99990626591707,23.99992323044396,23.999962283023358,23.999918378435996,23.999938043046544
sensor,1986-07-09 18:33,3566,20.85,23.999915567169126,Core_ZN,3646.3193134766343,0.607719885579439,1465.4761469631117,,,23.999915567169126,23.99993341646143,23.99996682524716,23.99992990237787,23.99995060917977
sensor,1986-07-09 18:43,3567,20.566666666666666,23.99988629863001,Core_ZN,3571.078097963978,0.5951796829939964,1466.0713266461057,,,23.99988629863001,23.99991159707124,23.9999481790121,23.999905816919526,23.999934900171432
sensor,1986-07-09 18:53,3568,20.283333333333335,23.999911901315556,Core_ZN,3500.9519721791467,0.5834919953631911,1466.6548186414689,,,23.999911901315556,23.999936424583087,23.99996818419989,23.999932738197977,23.9999543352086
sensor,1986-07-09 18:63,3569,20.0,23.999919024687998,Core_ZN,3432.1217825972794,0.5720202970995465,1467.2268389385683,,,23.999919024687998,23.99994372052875,24.00014631964536,23.99994067338845,23.999960241819366
sensor,1986-07-09 19:13,3570,19.816666666666666,23.999932549018595,Core_ZN,3333.9101601215184,0.5556516933535863,1467.782490631922,,,23.999932549018595,23.999955680520586,24.000232200320806,23.999953789593498,23.999971034381666
sensor,1986-07-09 19:23,3571,19.633333333333333,23.9999373579616,Core_ZN,3268.710806479199,0.5447851344131998,1468.327275766335,,,23.9999373579616,23.99996101647917,24.000224812749053,23.999960447733084,23.999976045858162
sensor,1986-07-09 19:33,3572,19.45,23.9999413580228,Core_ZN,3203.282736272447,0.5338804560454078,1468.8611562223805,,,23.9999413580228,23.999965097256943,24.00020630856136,23.999966089606453,23.99997993167145
sensor,1986-07-09 19:43,3573,19.266666666666666,23.99994485322366,Core_ZN,3153.1814461521985,0.5255302410253664,1469.3866864634058,,,23.99994485322366,23.999968233194274,24.00018952387815,23.99996922542161,23.99998172740859
sensor,1986-07-09 19:53,3574,19.083333333333332,23.999947771019617,Core_ZN,3109.042492955204,0.5181737488258673,1469.9048602122316,,,23.999947771019617,23.999970658933975,24.000174459063178,23.999971692855425,23.99998287702322
sensor,1986-07-09 19:65,3575,18.9,23.999918710268574,Core_ZN,3068.9797585807855,0.5114966264301308,1470.4163568386618,,,23.999918710268574,23.99995095272523,24.000204145568283,23.999952164648988,23.999970005156428
sensor,1986-07-09 20:15,3576,18.616666666666667,23.99994504300128,Core_ZN,3022.4629741419935,0.5037438290236655,1470.9201006676856,,,23.99994504300128,23.99997643531073,24.000222397870843,23.999976961515333,23.999983614909972
sensor,1986-07-09 20:25,3577,18.333333333333332,23.999964626682164,Core_ZN,2977.710620801817,0.4962851034669695,1471.4163857711526,,,23.999964626682164,23.999988495074927,24.000229897224305,23.999988443942797,23.99998959315849
sensor,1986-07-09 20:35,3578,18.049999999999997,23.999975611556856,Core_ZN,2936.2121688125017,0.48936869480208356,1471.9057544659547,,,23.999975611556856,23.99999714893091,24.00023862724816,23.999996602513995,23.999993526598736
sensor,1986-07-09 20:45,3579,17.766666666666666,23.99998377685118,Core_ZN,2896.476403006335,0.4827460671677225,1472.3885005331224,,,23.99998377685118,24.000003859240152,24.000249600572225,24.000002921087734,23.999996418933975
sensor,1986-07-09 20:55,3580,17.483333333333334,23.999990415463255,Core_ZN,2858.1129482049632,0.47635215803416053,1472.8648526911566,,,23.999990415463255,24.000009087335116,24.000262110399177,24.000007854979767,23.99999859179806
sensor,1986-07-09 20:65,3581,17.2,23.99999580759594,Core_ZN,2820.815936818307,0.4701359894697178,1473.3349886806263,,,23.99999580759594,24.000013121947717,24.0002752966002,24.000011680010736,24.000000216762032
sensor,1986-07-09 21:15,3582,16.933333333333334,24.231559845317374,Core_ZN,4.038461538461539e-09,6.730769230769232e-13,1473.334988680627,,,24.231559845317374,24.291324472834923,24.290935456916195,24.30262839351797,24.485822444677122
sensor,1986-07-09 21:25,3583,16.666666666666664,24.355492183814736,Core_ZN,4.038461538461539e-09,6.730769230769232e-13,1473.3349886806277,,,24.355492183814736,24.4268170117819,24.41823373944814,24.4473327447397,24.707636281823355
sensor,1986-07-09 21:35,3584,16.4,24.392482063834635,Core_ZN,4.038461538461539e-09,6.730769230769232e-13,1473.3349886806284,,,24.392482063834635,24.45882910637735,24.445017836579247,24.485376858315426,24.772838367010166
sensor,1986-07-09 21:45,3585,16.133333333333333,24.398809899720035,Core_ZN,4.038461538461539e-09,6.730769230769232e-13,1473.334988680629,,,24.398809899720035,24.45893945448119,24.44291225690426,24.490077827162274,24.791763374377034
sensor,1986-07-09 21:55,3586,15.866666666666665,24.392152451969267,Core_ZN,4.038461538461539e-09,6.730769230769232e-13,1473.3349886806297,,,24.392152451969267,24.446352157411397,24.429740687021077,24.481427981316187,24.792388703808598
sensor,1986-07-09 21:65,3587,15.6,24.379344444211135,Core_ZN,4.038461538461539e-09,6.730769230769232e-13,1473.3349886806304,,,24.379344444211135,24.427753276034498,24.41133789789499,24.466507516719613,24.784285227214063
sensor,1986-07-09 22:15,3588,15.5,24.360254952617098,Core_ZN,4.038461538461539e-09,6.730769230769232e-13,1473.334988680631,,,24.360254952617098,24.40307495438931,24.387595710624225,24.44511380907064,24.768937042317354
sensor,1986-07-09 22:25,3589,15.4,24.34335865487385,Core_ZN,4.038461538461539e-09,6.730769230769232e-13,1473.3349886806318,,,24.34335865487385,24.38040427572514,24.366106300993355,24.425502605938306,24.754559546358415
sensor,1986-07-09 22:35,3590,15.3,24.329011850444633,Core_ZN,4.038461538461539e-09,6.730769230769232e-13,1473.3349886806325,,,24.329011850444633,24.359660964734157,24.346390250868506,24.407762166675653,24.7409488126117
sensor,1986-07-09 22:40,3591,15.2,24.312715338512138,Core_ZN,4.038461538461539e-09,6.730769230769232e-13,1473.3349886806332,,,24.312715338512138,24.335120994372204,24.322954485773923,24.386768078857866,24.72373970238746
sensor,1986-07-09 22:50,3592,15.1,24.299204554704364,Core_ZN,4.038461538461539e-09,6.730769230769232e-13,1473.3349886806338,,,24.299204554704364,24.314202483709664,24.302809506246405,24.368797317839356,24.707933483817904
sensor,1986-07-09 22:60,3593,15.0,24.285421047727628,Core_ZN,4.038461538461539e-09,6.730769230769232e-13,1473.3349886806345,,,24.285421047727628,24.292740241111407,24.28207433834246,24.35024965775467,24.690883766714688
sensor,1986-07-09 23:10,3594,14.816666666666666,24.251598946786327,Core_ZN,4.038461538461539e-09,6.730769230769232e-13,1473.3349886806352,,,24.251598946786327,24.252783419850672,24.24296701637669,24.31318398578299,24.655223747873126
sensor,1986-07-09 23:25,3595,14.633333333333335,24.2309027993739,Core_ZN,4.038461538461539e-09,6.730769230769232e-13,1473.334988680636,,,24.2309027993739,24.227626553732136,24.218465692690785,24.29023328872293,24.63291995394458
sensor,1986-07-09 23:35,3596,14.45,24.206575129324293,Core_ZN,4.038461538461539e-09,6.730769230769232e-13,1473.3349886806366,,,24.206575129324293,24.19775190964286,24.189198232186705,24.262968707590694,24.60607486070134
sensor,1986-07-09 23:45,3597,14.266666666666666,24.1829785446838,Core_ZN,4.038461538461539e-09,6.730769230769232e-13,1473.3349886806373,,,24.1829785446838,24.16838223137073,24.160037847478588,24.2360142269398,24.579108584336144
sensor,1986-07-09 23:55,3598,14.083333333333334,24.15935948300666,Core_ZN,4.038461538461539e-09,6.730769230769232e-13,1473.334988680638,,,24.15935948300666,24.138891461005205,24.130362821117274,24.208641449233465,24.55152744626806
sensor,1986-07-09 23:65,3599,13.9,24.135476549149175,Core_ZN,4.038461538461539e-09,6.730769230769232e-13,1473.3349886806386,,,24.135476549149175,24.1089624516912,24.099930971832386,24.180560378982708,24.523094335281517
sensor,1986-07-10 00:15,3600,13.983333333333334,24.120860262062752,Core_ZN,4.038461538461539e-09,6.730769230769232e-13,1473.3349886806393,,,24.120860262062752,24.088020943642178,24.07988137814879,24.16191508493135,24.503623196318813
sensor,1986-07-10 00:20,3601,14.066666666666666,24.11008177666257,Core_ZN,4.038461538461539e-09,6.730769230769232e-13,1473.33498868064,,,24.11008177666257,24.068488047636784,24.06180143105845,24.145359330195564,24.485338762221584
sensor,1986-07-10 00:30,3602,14.15,24.103447067447487,Core_ZN,4.038461538461539e-09,6.730769230769232e-13,1473.3349886806407,,,24.103447067447487,24.053877433497668,24.048070325764947,24.133030880487294,24.47124964414616
sensor,1986-07-10 00:40,3603,14.233333333333334,24.097655668146913,Core_ZN,4.038461538461539e-09,6.730769230769232e-13,1473.3349886806413,,,24.097655668146913,24.040074556583768,24.034805752875062,24.121150575860483,24.457661350124646
sensor,1986-07-10 00:50,3604,14.316666666666666,24.092375160365144,Core_ZN,4.038461538461539e-09,6.730769230769232e-13,1473.334988680642,,,24.092375160365144,24.02689245922647,24.021912977203318,24.10958981689018,24.444433554351804
sensor,1986-07-10 00:60,3605,14.4,24.087631705730075,Core_ZN,4.038461538461539e-09,6.730769230769232e-13,1473.3349886806427,,,24.087631705730075,24.01447061289016,24.009608773385878,24.098530441571505,24.431748237334425
sensor,1986-07-10 01:10,3606,14.5,24.083922174138465,Core_ZN,4.038461538461539e-09,6.730769230769232e-13,1473.3349886806434,,,24.083922174138465,24.004227860691472,23.99950307118092,24.08947769611127,24.42107698856545
sensor,1986-07-10 01:20,3607,14.600000000000001,24.08067271565644,Core_ZN,4.038461538461539e-09,6.730769230769232e-13,1473.334988680644,,,24.08067271565644,23.99482417963304,23.990173692924145,24.081156990552284,24.41101969930925
sensor,1986-07-10 01:30,3608,14.7,24.077722546708948,Core_ZN,4.038461538461539e-09,6.730769230769232e-13,1473.3349886806448,,,24.077722546708948,23.985972529150153,23.98134341408611,24.073283718362674,24.40132764600397
sensor,1986-07-10 01:40,3609,14.8,24.0749978000401,Core_ZN,4.038461538461539e-09,6.730769230769232e-13,1473.3349886806454,,,24.0749978000401,23.977528197566027,23.972882487179508,24.065725635249986,24.391886928432736
sensor,1986-07-10 01:50,3610,14.899999999999999,24.072455988151102,Core_ZN,4.038461538461539e-09,6.730769230769232e-13,1473.3349886806461,,,24.072455988151102,23.969413264868777,23.964721741696398,24.058413821478233,24.382640526706965
sensor,1986-07-10 01:60,3611,15.0,24.070067396935148,Core_ZN,4.038461538461539e-09,6.730769230769232e-13,1473.3349886806468,,,24.070067396935148,23.961576708110435,23.95681465119603,24.051304115439084,24.37355229712625
sensor,1986-07-10 02:10,3612,14.9,24.05876371506732,Core_ZN,4.038461538461539e-09,6.730769230769232e-13,1473.3349886806475,,,24.05876371506732,23.94399327433756,23.938898241862166,24.034970888811607,24.354266563271185
sensor,1986-07-10 02:20,3613,14.8,24.043928157291106,Core_ZN,4.038461538461539e-09,6.730769230769232e-13,1473.3349886806482,,,24.043928157291106,23.923130008070373,23.91789288660647,24.015458447759865,24.331770190185427
sensor,1986-07-10 02:30,3614,14.7,24.02744995061426,Core_ZN,4.038461538461539e-09,6.730769230769232e-13,1473.3349886806488,,,24.02744995061426,23.900773305663016,23.895497925906174,23.994480737772683,24.3078103922248
sensor,1986-07-10 02:40,3615,14.600000000000001,24.010039287186487,Core_ZN,4.038461538461539e-09,6.730769230769232e-13,1473.3349886806495,,,24.010039287186487,23.877533538520733,23.872261480870154,23.972630284081287,24.282951056860252
sensor,1986-07-10 02:50,3616,14.5,23.99195552057402,Core_ZN,4.038461538461539e-09,6.730769230769232e-13,1473.3349886806502,,,23.99195552057402,23.853597571258362,23.848338965126175,23.950091952707663,24.257353200004196
sensor,1986-07-10 02:60,3617,14.4,23.973320593731504,Core_ZN,4.038461538461539e-09,6.730769230769232e-13,1473.334988680651,,,23.973320593731504,23.829064047640074,23.823815390205638,23.926961318227622,24.23110819128557
sensor,1986-07-10 03:10,3618,14.5,23.96324915937714,Core_ZN,4.038461538461539e-09,6.730769230769232e-13,1473.3349886806516,,,23.96324915937714,23.8143696258356,23.809402336840794,23.91308816436228,24.214944888112335
sensor,1986-07-10 03:20,3619,14.600000000000001,23.95638263130358,Core_ZN,4.038461538461539e-09,6.730769230769232e-13,1473.3349886806523,,,23.95638263130358,23.8027678033096,23.79785340308605,23.902138454142236,24.201623504629076
sensor,1986-07-10 03:30,3620,14.7,23.950825670735647,Core_ZN,4.038461538461539e-09,6.730769230769232e-13,1473.334988680653,,,23.950825670735647,23.79243422345557,23.787427289883926,23.892353553350585,24.18939006318735
sensor,1986-07-10 03:40,3621,14.8,23.94588990516988,Core_ZN,4.038461538461539e-09,6.730769230769232e-13,1473.3349886806536,,,23.94588990516988,23.782771639908766,23.77758344778593,23.88314954895918,24.177712920242904
sensor,1986-07-10 03:50,3622,14.899999999999999,23.94134507877649,Core_ZN,4.038461538461539e-09,6.730769230769232e-13,1473.3349886806543,,,23.94134507877649,23.773606323293798,23.768175912376638,23.87435384827612,24.16645968578002
sensor,1986-07-10 03:60,3623,15.0,23.937088542978106,Core_ZN,4.038461538461539e-09,6.730769230769232e-13,1473.334988680655,,,23.937088542978106,23.764851623468434,23.759126586873943,23.865880859429954,24.15722992057699
sensor,1986-07-10 04:10,3624,15.1,23.944181431721287,Core_ZN,4.038461538461539e-09,6.730769230769232e-13,1473.3349886806557,,,23.944181431721287,23.769412816687517,23.76296891340977,23.87032638989421,24.15781165314268
sensor,1986-07-10 04:20,3625,15.200000000000001,23.949071370996837,Core_ZN,4.038461538461539e-09,6.730769230769232e-13,1473.3349886806564,,,23.949071370996837,23.771056018122927,23.76358779851578,23.8716889795581,24.156018828746728
sensor,1986-07-10 04:30,3626,15.3,23.951236994354975,Core_ZN,4.038461538461539e-09,6.730769230769232e-13,1473.334988680657,,,23.951236994354975,23.776888743990856,23.772592261058385,23.878657295852,24.157938433993188
sensor,1986-07-10 04:40,3627,15.399999999999999,23.952492021426938,Core_ZN,4.038461538461539e-09,6.730769230769232e-13,1473.3349886806577,,,23.952492021426938,23.784078558935526,23.784533346336545,23.887272121819038,24.16094514041719
sensor,1986-07-10 04:55,3628,15.5,23.953329872346103,Core_ZN,4.038461538461539e-09,6.730769230769232e-13,1473.3349886806584,,,23.953329872346103,23.790860202805177,23.794092762191134,23.894203782935556,24.1642637531179
sensor,1986-07-10 04:65,3629,15.6,23.954437396535486,Core_ZN,4.038461538461539e-09,6.730769230769232e-13,1473.334988680659,,,23.954437396535486,23.800323337815755,23.806084228149594,23.9030197056979,24.169268404993694
sensor,1986-07-10 05:13,3630,15.866666666666667,23.9984764673072,Core_ZN,2934.453558341039,0.4890755930568398,1473.824064273716,,,23.9984764673072,23.992874216427644,23.988235588257297,23.996355113445684,24.00993880695202
sensor,1986-07-10 05:25,3631,16.133333333333333,23.99976835257464,Core_ZN,2940.5205077969217,0.4900867512994869,1474.3141510250155,,,23.99976835257464,23.999015008812282,23.997466083423397,23.999476918034937,24.001943472356597
sensor,1986-07-10 05:35,3632,16.4,23.999942538158734,Core_ZN,2952.4543169300896,0.4920757194883483,1474.8062267445039,,,23.999942538158734,23.99986915571666,23.999519943904264,23.99992096592993,24.0003261181081
sensor,1986-07-10 05:45,3633,16.666666666666664,23.999962129238412,Core_ZN,2964.9592951442855,0.4941598825240475,1475.3003866270278,,,23.999962129238412,23.99997273156501,23.999904471804655,23.99997533453268,24.000039122972133
sensor,1986-07-10 05:55,3634,16.933333333333334,23.99996376140043,Core_ZN,2978.0345791685404,0.49633909652809005,1475.796725723556,,,23.99996376140043,23.999983666824093,23.999975205866694,23.999980601783975,23.999987173188458
sensor,1986-07-10 05:65,3635,17.2,23.99996329208957,Core_ZN,2991.641523316479,0.49860692055274647,1476.2953326441086,,,23.99996329208957,23.999983142260117,23.999986967574607,23.99997966573021,23.999976765254434
sensor,1986-07-10 06:15,3636,17.566666666666666,24.000026315600024,Core_ZN,2616.391921420065,0.43606532023667743,1476.7313979643452,,,24.000026315600024,24.000024516362505,23.99998553871812,24.000025202291297,23.999991280559367
sensor,1986-07-10 06:23,3637,17.933333333333334,24.000045447591866,Core_ZN,2688.9917408838014,0.4481652901473002,1477.1795632544925,,,24.000045447591866,24.000045463558845,24.000013993776374,24.000047723337296,24.00002529145021
sensor,1986-07-10 06:33,3638,18.299999999999997,24.000020805051285,Core_ZN,2753.635180180167,0.4589391966966945,1477.6385024511892,,,24.000020805051285,24.000027465801832,23.99999977498526,24.00002768079917,24.000004349602722
sensor,1986-07-10 06:43,3639,18.666666666666664,24.00001711336144,Core_ZN,2821.209045112212,0.47020150751870204,1478.1087039587078,,,24.00001711336144,24.000026409943732,23.999998463308998,24.000025916166997,24.00000172678254
sensor,1986-07-10 06:53,3640,19.033333333333335,24.000014648420844,Core_ZN,2893.003572369948,0.482167262061658,1478.5908712207695,,,24.000014648420844,24.000025966770956,23.99999833997054,24.000025111694836,24.000000706631802
sensor,1986-07-10 06:63,3641,19.4,24.000012264761278,Core_ZN,2967.4017842683493,0.49456696404472483,1479.0854381848142,,,24.000012264761278,24.000025050486506,23.99999811161549,24.000024066863766,23.999999688496256
sensor,1986-07-10 07:13,3642,19.6,23.999799732641822,Core_ZN,3877.881666635359,0.6463136111058931,1479.73175179592,,,23.999799732641822,23.99986058112495,23.999899216081655,23.999870258265982,23.999878964716025
sensor,1986-07-10 07:23,3643,19.8,23.99983110467035,Core_ZN,4035.0205146887674,0.6725034191147945,1480.4042552150347,,,23.99983110467035,23.999885538622202,23.999935272482027,23.999898609973922,23.999915586298613
sensor,1986-07-10 07:33,3644,20.0,23.99977797831008,Core_ZN,4158.002539693518,0.693000423282253,1481.097255638317,,,23.99977797831008,23.999835497444632,23.999891656736935,23.999850277726594,23.99987510373831
sensor,1986-07-10 07:43,3645,20.200000000000003,23.999753465903574,Core_ZN,4265.389834834371,0.7108983058057285,1481.8081539441228,,,23.999753465903574,23.99981190740313,23.99987717544184,23.999829018395083,23.999860526637068
sensor,1986-07-10 07:53,3646,20.4,23.99968515589365,Core_ZN,4361.905335252509,0.7269842225420847,1482.5351381666649,,,23.99968515589365,23.99975505688961,23.999856728806158,23.999781796228103,23.999832646106746
sensor,1986-07-10 07:63,3647,20.6,23.99963365788633,Core_ZN,4451.91889538225,0.7419864825637084,1483.2771246492287,,,23.99963365788633,23.999711444630833,23.999815474571164,23.999736911271324,23.999793871713315
sensor,1986-07-10 08:13,3648,20.866666666666667,23.999614537138108,Core_ZN,4546.080597549688,0.7576800995916146,1484.0348047488203,,,23.999614537138108,23.999692832608172,23.999803492632285,23.999719626051274,23.99978151639848
sensor,1986-07-10 08:25,3649,21.133333333333336,23.999485732443908,Core_ZN,4635.412885225077,0.7725688142041794,1484.8073735630244,,,23.999485732443908,23.999590620114237,23.999768581262593,23.99963359804466,23.999733596107028
sensor,1986-07-10 08:35,3650,21.4,23.999413579745813,Core_ZN,4722.122264199316,0.7870203773665527,1485.594393940391,,,23.999413579745813,23.999537746409082,23.999713267755347,23.999577046805882,23.99968172378405
sensor,1986-07-10 08:45,3651,21.666666666666668,23.999392272014013,Core_ZN,4812.633351168416,0.8021055585280693,1486.3964994989192,,,23.999392272014013,23.999514679163113,23.99969439617412,23.99955570811324,23.99966395401491
sensor,1986-07-10 08:55,3652,21.933333333333334,23.999377990984733,Core_ZN,4903.665598235471,0.8172775997059119,1487.213777098625,,,23.999377990984733,23.999495452018664,23.999682412371904,23.9995391049788,23.999652291448246
sensor,1986-07-10 08:65,3653,22.2,23.999365450303095,Core_ZN,4994.726283308364,0.832454380551394,1488.0462314791764,,,23.999365450303095,23.999476875699173,23.999672013121142,23.99952349744382,23.999641763519413
sensor,1986-07-10 09:15,3654,22.383333333333333,23.999345387810095,Core_ZN,5067.002569070885,0.8445004281784808,1488.8907319073548,,,23.999345387810095,23.999450279315123,23.999658918634772,23.999500461071555,23.999628055392428
sensor,1986-07-10 09:25,3655,22.566666666666666,23.999326006264685,Core_ZN,5138.089149193197,0.8563481915321995,1489.747080098887,,,23.999326006264685,23.99942588025031,23.999647032046987,23.999479529438865,23.999615407322125
sensor,1986-07-10 09:35,3656,22.75,23.999310014053407,Core_ZN,5207.943317253722,0.8679905528756203,1490.6150706517626,,,23.999310014053407,23.999403326962494,23.99963608984894,23.99946033900374,23.999603516026344
sensor,1986-07-10 09:45,3657,22.933333333333334,23.999296229881082,Core_ZN,5268.107350656181,0.8780178917760302,1491.4930885435385,,,23.999296229881082,23.999389855581313,23.999629811109468,23.99944808865025,23.99959542216471
sensor,1986-07-10 09:55,3658,23.116666666666667,23.999284376473746,Core_ZN,5324.476211893989,0.8874127019823315,1492.380501245521,,,23.999284376473746,23.999379232138416,23.999625483818924,23.999438645364577,23.999588954078945
sensor,1986-07-10 09:60,3659,23.3,23.99893301138636,Core_ZN,5378.257304976771,0.8963762174961284,1493.276877463017,,,23.99893301138636,23.9991055433452,23.999487884437723,23.99919139543934,23.99943836573882
sensor,1986-07-10 10:10,3660,23.21666666666667,23.998841298863713,Core_ZN,5378.8172049800005,0.8964695341633334,1494.1733469971803,,,23.998841298863713,23.999044241562807,23.999437182055345,23.99913096502621,23.999386109591764
sensor,1986-07-10 10:20,3661,23.133333333333333,23.998800061394,Core_ZN,5377.062257975877,0.8961770429959796,1495.0695240401762,,,23.998800061394,23.999009727752284,23.999417982890197,23.999099325718245,23.999364796286457
sensor,1986-07-10 10:30,3662,23.05,23.998747617476397,Core_ZN,5371.75724685115,0.8952928744751916,1495.9648169146515,,,23.998747617476397,23.998986024075176,23.999409875245103,23.999078307163728,23.99935436459193
sensor,1986-07-10 10:40,3663,22.96666666666667,23.998720140646704,Core_ZN,5357.963050131612,0.8929938416886021,1496.85781075634,,,23.998720140646704,23.99896987659939,23.999406423243393,23.99906386478122,23.999348603366393
sensor,1986-07-10 10:50,3664,22.883333333333333,23.99870171326437,Core_ZN,5340.147322195141,0.8900245536991901,1497.7478353100394,,,23.99870171326437,23.998963409731505,23.99940642088535,23.999056881875685,23.999346600884774
sensor,1986-07-10 10:60,3665,22.8,23.998688318785657,Core_ZN,5320.218877211075,0.8867031462018458,1498.6345384562412,,,23.998688318785657,23.99896290649055,23.999408259721548,23.999054601323227,23.99934695905576
sensor,1986-07-10 11:10,3666,22.7,23.99874451963755,Core_ZN,5022.263251022962,0.8370438751704936,1499.4715823314118,,,23.99874451963755,23.998996488861312,23.999409450478957,23.999080596253865,23.99934837560895
sensor,1986-07-10 11:20,3667,22.6,23.99905967663785,Core_ZN,4990.912074699295,0.831818679116549,1500.3034010105284,,,23.99905967663785,23.99930298144292,23.999573297049977,23.99936398186721,23.99952671341195
sensor,1986-07-10 11:30,3668,22.5,23.999119976922668,Core_ZN,4966.215610206495,0.8277026017010823,1501.1311036122295,,,23.999119976922668,23.99940412469987,23.999630924864192,23.99945633812167,23.99958972568004
sensor,1986-07-10 11:40,3669,22.4,23.99914527800865,Core_ZN,4961.809791814078,0.8269682986356797,1501.958071910865,,,23.99914527800865,23.9994514612561,23.99965348406929,23.999498134260566,23.999615189953012
sensor,1986-07-10 11:50,3670,22.3,23.9991594872107,Core_ZN,4965.532905705162,0.827588817617527,1502.7856607284825,,,23.9991594872107,23.999469860454695,23.999661095949328,23.99951604049494,23.99962434970868
sensor,1986-07-10 11:60,3671,22.2,23.99916811293312,Core_ZN,4973.8569854293855,0.828976164238231,1503.6146368927207,,,23.99916811293312,23.999474723486887,23.99966236673542,23.999522993213425,23.99962648976265
sensor,1986-07-10 12:10,3672,22.566666666666666,23.99914403999881,Core_ZN,5350.148626760452,0.8916914377934086,1504.5063283305142,,,23.99914403999881,23.99947319096019,23.99967124792727,23.999529150170922,23.999636492462564
sensor,1986-07-10 12:25,3673,22.933333333333334,23.99921941588395,Core_ZN,5468.2708514282995,0.9113784752380499,1505.4177068057522,,,23.99921941588395,23.999395575846385,23.99966299131153,23.99946601028396,23.999622825905327
sensor,1986-07-10 12:35,3674,23.299999999999997,23.999176796062017,Core_ZN,5578.868243357279,0.9298113738928798,1506.347518179645,,,23.999176796062017,23.9993305948422,23.999612680771186,23.99940537934947,23.9995709257919
sensor,1986-07-10 12:45,3675,23.666666666666664,23.99915724574386,Core_ZN,5682.374163233018,0.9470623605388364,1507.294580540184,,,23.99915724574386,23.99930285071207,23.999594453501402,23.99938084331885,23.99955192058986
sensor,1986-07-10 12:55,3676,24.03333333333333,23.9991413491377,Core_ZN,5783.796464963336,0.9639660774938893,1508.258546617678,,,23.9991413491377,23.999281752549972,23.999581815506417,23.99936213567199,23.999538673562014
sensor,1986-07-10 12:65,3677,24.4,23.999127109262965,Core_ZN,5884.549129981756,0.9807581883302926,1509.2393048060082,,,23.999127109262965,23.999263195165568,23.99957075563995,23.999345475883935,23.999527094152043
sensor,1986-07-10 13:15,3678,24.4,23.999099959655943,Core_ZN,5905.577870538432,0.9842629784230719,1510.2235677844312,,,23.999099959655943,23.999228928060887,23.99955440865761,23.999314541480516,23.99950806239846
sensor,1986-07-10 13:25,3679,24.400000000000002,23.999121943066264,Core_ZN,5918.940186518246,0.9864900310863743,1511.2100578155175,,,23.999121943066264,23.999202418292313,23.999541549675676,23.999290199450343,23.99949179761814
sensor,1986-07-10 13:35,3680,24.4,23.99912104941911,Core_ZN,5932.406765850851,0.9887344609751418,1512.1987922764927,,,23.99912104941911,23.999181858281293,23.999531140789962,23.999270884847455,23.99947761205774
sensor,1986-07-10 13:45,3681,24.4,23.999117027237276,Core_ZN,5924.66586936237,0.987444311560395,1513.1862365880531,,,23.999117027237276,23.999185602555173,23.999529631895065,23.999269045618362,23.999474747973334
sensor,1986-07-10 13:50,3682,24.4,23.99869874541744,Core_ZN,5912.162182094267,0.9853603636823778,1514.1715969517354,,,23.99869874541744,23.998856987106432,23.999368982138353,23.99897012391213,23.99929486554208
sensor,1986-07-10 13:60,3683,24.4,23.998631108008638,Core_ZN,5891.508679325511,0.9819181132209185,1515.1535150649563,,,23.998631108008638,23.998816490899525,23.99933487060302,23.998925652108845,23.999259950017812
sensor,1986-07-10 14:10,3684,24.316666666666666,23.998595129233127,Core_ZN,5863.530105238889,0.9772550175398147,1516.1307700824962,,,23.998595129233127,23.99880584252099,23.999310571309497,23.998905869315738,23.99923627991272
sensor,1986-07-10 14:20,3685,24.233333333333334,23.998624169339195,Core_ZN,5836.667030958922,0.9727778384931536,1517.1035479209893,,,23.998624169339195,23.998858560556293,23.999313159600955,23.99894578417171,23.99924244423102
sensor,1986-07-10 14:35,3686,24.15,23.999179691011868,Core_ZN,5813.959028662341,0.9689931714437234,1518.072541092433,,,23.999179691011868,23.9993596003431,23.99959180200399,23.999400443460075,23.999548615155206
sensor,1986-07-10 14:45,3687,24.066666666666666,23.999217536762075,Core_ZN,5803.878853869102,0.9673131423115171,1519.0398542347446,,,23.999217536762075,23.99937251659143,23.99959936249337,23.999415616971554,23.999557333502516
sensor,1986-07-10 14:55,3688,23.983333333333334,23.999230883387334,Core_ZN,5798.610967758528,0.966435161293088,1520.0062893960376,,,23.999230883387334,23.999383941932567,23.99960472776133,23.999426346888306,23.999563358401694
sensor,1986-07-10 14:65,3689,23.9,23.999237854059537,Core_ZN,5795.534198779707,0.9659223664632846,1520.9722117625008,,,23.999237854059537,23.99939152691581,23.999608020810033,23.99943322255607,23.99956707191139
sensor,1986-07-10 15:15,3690,23.533333333333335,23.999202179174382,Core_ZN,5718.981733210776,0.953163622201796,1521.9253753847026,,,23.999202179174382,23.999354961613165,23.99959418418851,23.99939882199061,23.999551749152836
sensor,1986-07-10 15:25,3691,23.166666666666664,23.999151771506018,Core_ZN,5641.075537995711,0.9401792563326185,1522.8655546410353,,,23.999151771506018,23.99932999159782,23.999585427982765,23.999374720317647,23.999542214461812
sensor,1986-07-10 15:35,3692,22.799999999999997,23.99912390998194,Core_ZN,5559.388837597441,0.9265648062662402,1523.7921194473015,,,23.99912390998194,23.999313780582252,23.999580079452222,23.999358418525446,23.999536487165138
sensor,1986-07-10 15:45,3693,22.43333333333333,23.9991057958117,Core_ZN,5483.276249576135,0.9138793749293558,1524.7059988222309,,,23.9991057958117,23.999297920637503,23.999575168378026,23.999343402841124,23.999529656766796
sensor,1986-07-10 15:55,3694,22.066666666666663,23.999093055095145,Core_ZN,5408.728862242544,0.9014548103737573,1525.6074536326046,,,23.999093055095145,23.999285744103084,23.999571773363176,23.999331924631967,23.999523746934077
sensor,1986-07-10 15:65,3695,21.7,23.999084263383025,Core_ZN,5334.979321550013,0.8891632202583355,1526.4966168528629,,,23.999084263383025,23.999277221965635,23.999569807530204,23.999323749416696,23.99951880770405
sensor,1986-07-10 16:15,3696,21.599999999999998,23.999691816799228,Core_ZN,4521.2972613925895,0.7535495435654315,1527.2501663964283,,,23.999691816799228,23.999781330285643,23.999831907127877,23.999796464628616,23.999807179834697
sensor,1986-07-10 16:25,3697,21.5,23.999760666998817,Core_ZN,4422.808464272341,0.73713474404539,1527.9873011404736,,,23.999760666998817,23.999821994664146,23.999868124301727,23.999835875426697,23.99984398064875
sensor,1986-07-10 16:30,3698,21.4,23.999667669459605,Core_ZN,4363.371835447118,0.7272286392411864,1528.714529779715,,,23.999667669459605,23.99976297674857,23.99983652924367,23.99978203718615,23.999805323241592
sensor,1986-07-10 16:40,3699,21.3,23.999643226738428,Core_ZN,4303.281810935576,0.7172136351559293,1529.4317434148709,,,23.999643226738428,23.999738119016403,23.99983358749921,23.999760372640658,23.999797816184138
sensor,1986-07-10 16:50,3700,21.200000000000003,23.999640728251048,Core_ZN,4246.639670703659,0.7077732784506098,1530.1395166933214,,,23.999640728251048,23.999735298687323,23.99983777332822,23.999757657298296,23.999800127253366
sensor,1986-07-10 16:60,3701,21.1,23.999641504737674,Core_ZN,4193.427989934934,0.6989046649891556,1530.8384213583106,,,23.999641504737674,23.999737677333542,23.99984400453366,23.999759365627952,23.999805863011268
sensor,1986-07-10 17:10,3702,21.1,23.999634962393667,Core_ZN,3914.4702202950425,0.652411703382507,1531.4908330616931,,,23.999634962393667,23.999723197993166,23.99983143648698,23.999742435022938,23.999793973630567
sensor,1986-07-10 17:25,3703,21.1,23.99988052511659,Core_ZN,3854.8313039826385,0.6424718839971064,1532.1333049456903,,,23.99988052511659,23.999931912784447,23.999932461381533,23.999931498983123,23.99991795657712
sensor,1986-07-10 17:35,3704,21.1,23.999899802231678,Core_ZN,3810.0483861444604,0.6350080643574101,1532.7683130100477,,,23.999899802231678,23.999944575826838,23.999951602320447,23.999944828659707,23.999939742131605
sensor,1986-07-10 17:45,3705,21.1,23.999903903576907,Core_ZN,3771.0938897885862,0.6285156482980977,1533.3968286583458,,,23.999903903576907,23.99994821861906,23.999956821592022,23.999947835546372,23.99994618051172
sensor,1986-07-10 17:55,3706,21.1,23.99990557119914,Core_ZN,3736.5681748876914,0.6227613624812819,1534.019590020827,,,23.99990557119914,23.99994984576847,23.99995932892304,23.999948878586117,23.999949658490358
sensor,1986-07-10 17:65,3707,21.1,23.999906519849258,Core_ZN,3704.4266233252843,0.6174044372208807,1534.6369944580479,,,23.999906519849258,23.9999510776979,23.999961166231152,23.999949478934383,23.999952416863806
sensor,1986-07-10 18:15,3708,21.200000000000003,23.99991010159543,Core_ZN,3691.376016493363,0.6152293360822271,1535.25222379413,,,23.99991010159543,23.999955509000696,23.99996342315898,23.99995300532293,23.99995604756022
sensor,1986-07-10 18:25,3709,21.300000000000004,23.99991823062321,Core_ZN,3679.1165996241175,0.6131860999373528,1535.8654098940674,,,23.99991823062321,23.999958543750235,23.999965585660426,23.99995665945267,23.999959105044475
sensor,1986-07-10 18:35,3710,21.4,23.999921668389835,Core_ZN,3668.6896044971745,0.6114482674161957,1536.4768581614835,,,23.999921668389835,23.999961705830998,23.99996758108857,23.999959817245987,23.999961811680585
sensor,1986-07-10 18:45,3711,21.5,23.999923878155244,Core_ZN,3663.4306301640595,0.6105717716940099,1537.0874299331774,,,23.999923878155244,23.99996354566683,23.99996905256748,23.999961445927262,23.99996330519223
sensor,1986-07-10 18:55,3712,21.599999999999998,23.999925555075066,Core_ZN,3660.8828126895023,0.6101471354482504,1537.6975770686256,,,23.999925555075066,23.999964902049825,23.999970252775864,23.999962257495852,23.99996406945843
sensor,1986-07-10 18:60,3713,21.7,23.999887020468638,Core_ZN,3659.34114177868,0.6098901902964466,1538.307467258922,,,23.999887020468638,23.999946723197333,23.99995617281946,23.999943384508963,23.99994722521276
sensor,1986-07-10 19:10,3714,21.599999999999998,23.99985586631819,Core_ZN,3577.8166126925203,0.5963027687820867,1538.9037700277042,,,23.99985586631819,23.999910568073137,23.999929602249022,23.99990979612695,23.99991643316444
sensor,1986-07-10 19:20,3715,21.5,23.999880669859962,Core_ZN,3539.23391519087,0.5898723191984783,1539.4936423469028,,,23.999880669859962,23.999931474206463,23.999928745627184,23.999928882261607,23.999917020953102
sensor,1986-07-10 19:35,3716,21.4,23.999981124077028,Core_ZN,3500.762219552875,0.5834603699254792,1540.0771027168282,,,23.999981124077028,24.000027325501307,23.99999687042709,24.000021738469812,24.0000011928462
sensor,1986-07-10 19:45,3717,21.3,23.999978924025896,Core_ZN,3471.8009790992924,0.5786334965165487,1540.6557362133449,,,23.999978924025896,24.000017609908408,23.99999264026319,24.000013772300683,23.999993952035425
sensor,1986-07-10 19:50,3718,21.200000000000003,23.999947195632124,Core_ZN,3444.445934164787,0.5740743223607978,1541.2298105357056,,,23.999947195632124,24.00000411932541,23.99996388822403,23.99999851036851,23.999965104283262
sensor,1986-07-10 19:60,3719,21.1,23.999917864996327,Core_ZN,3421.9060152072648,0.5703176692012107,1541.8001282049067,,,23.999917864996327,23.999971814252564,23.999929271645357,23.99996692868863,23.99992623124941
sensor,1986-07-10 20:10,3720,21.1,23.999930822849727,Core_ZN,3414.5489100510304,0.569091485008505,1542.3692196899153,,,23.999930822849727,23.99998197091772,23.999928294825004,23.999976538363402,23.99992485712602
sensor,1986-07-10 20:20,3721,21.1,23.999930886784114,Core_ZN,3406.495797204848,0.5677492995341413,1542.9369689894495,,,23.999930886784114,23.999982105234402,23.999930944167545,23.999977222573474,23.999927246667596
sensor,1986-07-10 20:30,3722,21.1,23.99994440190007,Core_ZN,3400.3112308279133,0.5667185384713188,1543.5036875279209,,,23.99994440190007,23.999980269454007,23.99993455552071,23.999976051519155,23.99993065720652
sensor,1986-07-10 20:40,3723,21.1,23.99994664672034,Core_ZN,3394.5870305409017,0.5657645050901503,1544.069452033011,,,23.99994664672034,23.99997831056841,23.99993825431839,23.999974691677362,23.999934198180743
sensor,1986-07-10 20:50,3724,21.1,23.9999465151129,Core_ZN,3389.206628891507,0.5648677714819178,1544.6343198044929,,,23.9999465151129,23.999976599579025,23.99994175952544,23.999973496178715,23.99993758317479
sensor,1986-07-10 20:60,3725,21.1,23.999945983625228,Core_ZN,3384.087507845618,0.5640145846409363,1545.1983343891338,,,23.999945983625228,23.99997517707435,23.999944992446412,23.99997251396711,23.999940729166987
sensor,1986-07-10 21:15,3726,21.200000000000003,24.285723626958273,Core_ZN,4.038461538461539e-09,6.730769230769232e-13,1545.1983343891345,,,24.285723626958273,24.34063472368105,24.348377140852698,24.342612504439213,24.404798397578254
sensor,1986-07-10 21:20,3727,21.300000000000004,24.515949402996256,Core_ZN,4.038461538461539e-09,6.730769230769232e-13,1545.1983343891352,,,24.515949402996256,24.586203314294277,24.58824374282077,24.591986401985505,24.675253284755694
sensor,1986-07-10 21:30,3728,21.4,24.61803900106074,Core_ZN,4.038461538461539e-09,6.730769230769232e-13,1545.1983343891359,,,24.61803900106074,24.68303440796253,24.67663463441461,24.690074102361336,24.768048923620036
sensor,1986-07-10 21:40,3729,21.5,24.675945886252887,Core_ZN,4.038461538461539e-09,6.730769230769232e-13,1545.1983343891366,,,24.675945886252887,24.735616174214876,24.727853403997617,24.743027275589156,24.823682596760413
sensor,1986-07-10 21:50,3730,21.599999999999998,24.71009149464276,Core_ZN,4.038461538461539e-09,6.730769230769232e-13,1545.1983343891372,,,24.71009149464276,24.767454893453852,24.759301205522704,24.774883690486483,24.85791321251468
sensor,1986-07-10 21:60,3731,21.7,24.73358559974015,Core_ZN,4.038461538461539e-09,6.730769230769232e-13,1545.198334389138,,,24.73358559974015,24.790218534001546,24.782273181479027,24.79761426458511,24.882918262413675
sensor,1986-07-10 22:10,3732,21.599999999999998,24.732249280168674,Core_ZN,4.038461538461539e-09,6.730769230769232e-13,1545.1983343891386,,,24.732249280168674,24.787822426314648,24.78028252540932,24.795824062065208,24.882600940247897
sensor,1986-07-10 22:20,3733,21.5,24.728571398870134,Core_ZN,4.038461538461539e-09,6.730769230769232e-13,1545.1983343891393,,,24.728571398870134,24.783042534598255,24.77612953962048,24.791897821375986,24.880030970119645
sensor,1986-07-10 22:30,3734,21.4,24.72403608976931,Core_ZN,4.038461538461539e-09,6.730769230769232e-13,1545.19833438914,,,24.72403608976931,24.777138501208235,24.770825112574315,24.786970355567977,24.876099955563543
sensor,1986-07-10 22:40,3735,21.3,24.71859253042014,Core_ZN,4.038461538461539e-09,6.730769230769232e-13,1545.1983343891407,,,24.71859253042014,24.770038070797018,24.76426528707009,24.78092503565422,24.870694330226105
sensor,1986-07-10 22:50,3736,21.200000000000003,24.71228243845054,Core_ZN,4.038461538461539e-09,6.730769230769232e-13,1545.1983343891413,,,24.71228243845054,24.761805710301694,24.756507716988523,24.773804776660207,24.86389372247758
sensor,1986-07-10 22:60,3737,21.1,24.705165648422312,Core_ZN,4.038461538461539e-09,6.730769230769232e-13,1545.198334389142,,,24.705165648422312,24.752533739510632,24.747643939651464,24.7656894916992,24.855814579263573
sensor,1986-07-10 23:10,3738,21.01666666666667,24.68201266008546,Core_ZN,4.038461538461539e-09,6.730769230769232e-13,1545.1983343891427,,,24.68201266008546,24.7269959010878,24.722644717407206,24.741499622515406,24.831791831349026
sensor,1986-07-10 23:20,3739,20.933333333333337,24.667024223829603,Core_ZN,4.038461538461539e-09,6.730769230769232e-13,1545.1983343891434,,,24.667024223829603,24.709550553530107,24.705690746543105,24.72555814422042,24.81574357121905
sensor,1986-07-10 23:30,3740,20.85,24.654834379303846,Core_ZN,4.038461538461539e-09,6.730769230769232e-13,1545.198334389144,,,24.654834379303846,24.694482725377377,24.690912410918344,24.712051493714178,24.801634696495416
sensor,1986-07-10 23:40,3741,20.76666666666667,24.643572589539566,Core_ZN,4.038461538461539e-09,6.730769230769232e-13,1545.1983343891447,,,24.643572589539566,24.679975581526325,24.67639031806122,24.69915204051364,24.787633521332715
sensor,1986-07-10 23:50,3742,20.683333333333334,24.632468425845122,Core_ZN,4.038461538461539e-09,6.730769230769232e-13,1545.1983343891454,,,24.632468425845122,24.665338063850868,24.661711752529815,24.686180142341414,24.77340846974194
sensor,1986-07-10 23:60,3743,20.6,24.621181351456467,Core_ZN,4.038461538461539e-09,6.730769230769232e-13,1545.198334389146,,,24.621181351456467,24.65027941725318,24.64671308263152,24.67288258153194,24.758791622825406
sensor,1986-07-11 00:10,3744,20.6,24.61356236931449,Core_ZN,4.038461538461539e-09,6.730769230769232e-13,1545.1983343891468,,,24.61356236931449,24.639817796768682,24.636601426765825,24.663810355609314,24.748885879440543
sensor,1986-07-11 00:20,3745,20.6,24.607636969354218,Core_ZN,4.038461538461539e-09,6.730769230769232e-13,1545.1983343891475,,,24.607636969354218,24.631349660631066,24.628463589106797,24.656408018465694,24.740765421547774
sensor,1986-07-11 00:30,3746,20.6,24.60257561959668,Core_ZN,4.038461538461539e-09,6.730769230769232e-13,1545.1983343891482,,,24.60257561959668,24.62379994555734,24.621174529310828,24.6497081641015,24.7333546570351
sensor,1986-07-11 00:40,3747,20.6,24.59796457982384,Core_ZN,4.038461538461539e-09,6.730769230769232e-13,1545.1983343891488,,,24.59796457982384,24.616708096565453,24.614277571030506,24.643323253454582,24.72623980404657
sensor,1986-07-11 00:50,3748,20.6,24.593592733025964,Core_ZN,4.038461538461539e-09,6.730769230769232e-13,1545.1983343891495,,,24.593592733025964,24.609863259638093,24.607573378153663,24.637084103226957,24.71924906306265
sensor,1986-07-11 00:60,3749,20.6,24.589351441336376,Core_ZN,4.038461538461539e-09,6.730769230769232e-13,1545.1983343891502,,,24.589351441336376,24.60316543750037,24.60097020087059,24.630912451820237,24.712307257984506
sensor,1986-07-11 01:10,3750,20.6,24.585178222609798,Core_ZN,4.038461538461539e-09,6.730769230769232e-13,1545.198334389151,,,24.585178222609798,24.596563388741053,24.594421728078828,24.624768314253895,24.7053781256579
sensor,1986-07-11 01:20,3751,20.6,24.581021910321393,Core_ZN,4.038461538461539e-09,6.730769230769232e-13,1545.1983343891516,,,24.581021910321393,24.590020098063025,24.58790396651778,24.61863064009859,24.698444120955322
sensor,1986-07-11 01:30,3752,20.6,24.57682556938261,Core_ZN,4.038461538461539e-09,6.730769230769232e-13,1545.1983343891523,,,24.57682556938261,24.58342563236914,24.581402579341095,24.612486564849846,24.691495303199847
sensor,1986-07-11 01:40,3753,20.6,24.572597978523206,Core_ZN,4.038461538461539e-09,6.730769230769232e-13,1545.198334389153,,,24.572597978523206,24.576827224634247,24.574908330453678,24.60632760049133,24.684525662514208
sensor,1986-07-11 01:50,3754,20.6,24.56833587912433,Core_ZN,4.038461538461539e-09,6.730769230769232e-13,1545.1983343891536,,,24.56833587912433,24.570222388478356,24.568414918920077,24.600147832545556,24.67753139328794
sensor,1986-07-11 01:60,3755,20.6,24.564035959738522,Core_ZN,4.038461538461539e-09,6.730769230769232e-13,1545.1983343891543,,,24.564035959738522,24.56360679934115,24.56191802317678,24.593943068249512,24.67051015178318
sensor,1986-07-11 02:10,3756,20.6,24.55970011672151,Core_ZN,4.038461538461539e-09,6.730769230769232e-13,1545.198334389155,,,24.55970011672151,24.55688181762421,24.555331172979646,24.58763792499648,24.663380859010964
sensor,1986-07-11 02:20,3757,20.6,24.555323362485385,Core_ZN,4.038461538461539e-09,6.730769230769232e-13,1545.1983343891557,,,24.555323362485385,24.5500806359912,24.548682684587853,24.581256634831355,24.65660521066568
sensor,1986-07-11 02:30,3758,20.6,24.550903166648204,Core_ZN,4.038461538461539e-09,6.730769230769232e-13,1545.1983343891563,,,24.550903166648204,24.54323453204417,24.541587272290524,24.574824174736094,24.64960849964453
sensor,1986-07-11 02:40,3759,20.6,24.546437370906304,Core_ZN,4.038461538461539e-09,6.730769230769232e-13,1545.198334389157,,,24.546437370906304,24.5363522227571,24.534614527331176,24.56834774618945,24.642421129376647
sensor,1986-07-11 02:50,3760,20.6,24.541925165933993,Core_ZN,4.038461538461539e-09,6.730769230769232e-13,1545.1983343891577,,,24.541925165933993,24.529436975358024,24.527770725821775,24.561830362965924,24.63514917279056
sensor,1986-07-11 02:60,3761,20.6,24.53736665592284,Core_ZN,4.038461538461539e-09,6.730769230769232e-13,1545.1983343891584,,,24.53736665592284,24.522490637796203,24.520971018176883,24.55527412075299,24.62782661576352
sensor,1986-07-11 03:10,3762,20.6,24.532762615034606,Core_ZN,4.038461538461539e-09,6.730769230769232e-13,1545.198334389159,,,24.532762615034606,24.51571365948511,24.51431054370731,24.54880086508455,24.620660007928358
sensor,1986-07-11 03:20,3763,20.6,24.528115549268012,Core_ZN,4.038461538461539e-09,6.730769230769232e-13,1545.1983343891598,,,24.528115549268012,24.509032406800554,24.5076160322654,24.54237099583843,24.61359341101565
sensor,1986-07-11 03:30,3764,20.6,24.52342810374133,Core_ZN,4.038461538461539e-09,6.730769230769232e-13,1545.1983343891604,,,24.52342810374133,24.502382559395503,24.500908475008746,24.53594734025602,24.60655886515435
sensor,1986-07-11 03:40,3765,20.6,24.518702437545755,Core_ZN,4.038461538461539e-09,6.730769230769232e-13,1545.1983343891611,,,24.518702437545755,24.495745008962896,24.49418579612052,24.529520092890017,24.599415489710967
sensor,1986-07-11 03:50,3766,20.6,24.513940359139237,Core_ZN,4.038461538461539e-09,6.730769230769232e-13,1545.1983343891618,,,24.513940359139237,24.489113788480154,24.487448633889368,24.52308786254437,24.592234586824336
sensor,1986-07-11 03:60,3767,20.6,24.509143590648915,Core_ZN,4.038461538461539e-09,6.730769230769232e-13,1545.1983343891625,,,24.509143590648915,24.482487609188077,24.48139691782203,24.51665239500719,24.585027043569166
sensor,1986-07-11 04:10,3768,20.6,24.515399256933797,Core_ZN,4.038461538461539e-09,6.730769230769232e-13,1545.1983343891632,,,24.515399256933797,24.486356009863968,24.484502775972636,24.520791365982824,24.588035165131398
sensor,1986-07-11 04:20,3769,20.6,24.519753070350898,Core_ZN,4.038461538461539e-09,6.730769230769232e-13,1545.1983343891638,,,24.519753070350898,24.4868303363717,24.484549415376456,24.52155743542938,24.58760925780822
sensor,1986-07-11 04:30,3770,20.6,24.52104137929033,Core_ZN,4.038461538461539e-09,6.730769230769232e-13,1545.1983343891645,,,24.52104137929033,24.485010253260675,24.482488332216278,24.52006637128345,24.584981508443775
sensor,1986-07-11 04:40,3771,20.6,24.520892886134963,Core_ZN,4.038461538461539e-09,6.730769230769232e-13,1545.1983343891652,,,24.520892886134963,24.493245846207074,24.510240365296276,24.53761046237363,24.59108523893911
sensor,1986-07-11 04:50,3772,20.6,24.520331103836014,Core_ZN,4.038461538461539e-09,6.730769230769232e-13,1545.198334389166,,,24.520331103836014,24.50205300231734,24.53500566094301,24.55284543375,24.597410850946027
sensor,1986-07-11 04:60,3773,20.6,24.519733791415515,Core_ZN,4.038461538461539e-09,6.730769230769232e-13,1545.1983343891666,,,24.519733791415515,24.51125721664645,24.55649085027702,24.56551277591777,24.60402382607862
sensor,1986-07-11 05:13,3774,20.6,24.017668983845475,Core_ZN,3656.611338401003,0.6094352230668338,1545.8077696122334,,,24.017668983845475,24.018770592356407,24.03463338737322,24.021459140291668,24.036674015609936
sensor,1986-07-11 05:20,3775,20.6,23.99978340173413,Core_ZN,3714.876179657636,0.6191460299429392,1546.4269156421763,,,23.99978340173413,23.9998860949005,24.000664953291608,23.999884791246398,24.000633486717778
sensor,1986-07-11 05:30,3776,20.6,23.999875186729014,Core_ZN,3653.053336987964,0.6088422228313273,1547.0357578650076,,,23.999875186729014,23.999936385633273,24.00038079219197,23.9999351242963,24.000365185045403
sensor,1986-07-11 05:40,3777,20.6,23.999905287480907,Core_ZN,3611.637403933315,0.6019395673222191,1547.6376974323298,,,23.999905287480907,23.999952456132455,24.000270703893,23.99995338431576,24.000262899541422
sensor,1986-07-11 05:50,3778,20.6,23.99991643572865,Core_ZN,3577.862976753355,0.5963104961255591,1548.2340079284554,,,23.99991643572865,23.99995549306406,24.000219459518327,23.99995811712863,24.000215483599504
sensor,1986-07-11 05:60,3779,20.6,23.99992171112219,Core_ZN,3549.867655232878,0.5916446092054797,1548.825652537661,,,23.99992171112219,23.999954198438225,24.00018950049783,23.999958207889527,24.000187349254777
sensor,1986-07-11 06:10,3780,20.683333333333334,23.999631731422728,Core_ZN,3343.0742430894215,0.5571790405149035,1549.382831578176,,,23.999631731422728,23.999656488045417,23.99992662200821,23.999662273614206,23.999901717790173
sensor,1986-07-11 06:25,3781,20.76666666666667,23.999914428205702,Core_ZN,3380.373981315612,0.563395663552602,1549.9462272417286,,,23.999914428205702,23.99993255004698,23.99994935313779,23.99993417329068,23.99994664908391
sensor,1986-07-11 06:35,3782,20.85,23.999927794672736,Core_ZN,3408.2082131212237,0.5680347021868706,1550.5142619439155,,,23.999927794672736,23.999947356635545,23.999959178252624,23.999950121423122,23.999959242115445
sensor,1986-07-11 06:45,3783,20.933333333333334,23.999925883539138,Core_ZN,3435.606683500033,0.5726011139166721,1551.086863057832,,,23.999925883539138,23.999943591521365,23.999958450802396,23.999947857658924,23.9999596812981
sensor,1986-07-11 06:55,3784,21.01666666666667,23.999922605186853,Core_ZN,3463.172085585592,0.5771953475975986,1551.6640584054296,,,23.999922605186853,23.999937485398714,23.99995606703673,23.999943396208014,23.99995813378014
sensor,1986-07-11 06:65,3785,21.1,23.999919575932786,Core_ZN,3490.5828526301975,0.5817638087716995,1552.2458222142013,,,23.999919575932786,23.99993116757495,23.99995336019842,23.999938833159526,23.99995617225741
sensor,1986-07-11 07:15,3786,21.200000000000003,23.99925668174039,Core_ZN,4582.409575936106,0.7637349293226843,1553.009557143524,,,23.99925668174039,23.999354206082707,23.99968062767452,23.999406271788875,23.999671421974092
sensor,1986-07-11 07:25,3787,21.300000000000004,23.99916484304493,Core_ZN,4707.594114205794,0.7845990190342989,1553.7941561625582,,,23.99916484304493,23.99929286010589,23.99963418812147,23.999348678245745,23.99962536694617
sensor,1986-07-11 07:35,3788,21.4,23.99914885506555,Core_ZN,4792.534939341466,0.7987558232235777,1554.5929119857817,,,23.99914885506555,23.999279689647157,23.999616168681833,23.999338214342117,23.999608975898767
sensor,1986-07-11 07:45,3789,21.5,23.999154917793064,Core_ZN,4857.0443574879855,0.8095073929146641,1555.4024193786963,,,23.999154917793064,23.99928625361372,23.99961391869058,23.999343511170686,23.99960431736603
sensor,1986-07-11 07:55,3790,21.599999999999998,23.999163303939763,Core_ZN,4910.999156015041,0.8184998593358401,1556.2209192380321,,,23.999163303939763,23.999298808049538,23.999615938825343,23.999353567997577,23.999603616433298
sensor,1986-07-11 07:60,3791,21.7,23.998715045305847,Core_ZN,4965.648925764459,0.8276081542940764,1557.0485273923262,,,23.998715045305847,23.99895207781956,23.99946122493361,23.999034898772134,23.99944097917481
sensor,1986-07-11 08:10,3792,21.7,23.998692763032402,Core_ZN,4985.308443848459,0.8308847406414098,1557.8794121329677,,,23.998692763032402,23.99896587600261,23.999458094037806,23.999042682589106,23.99944098697751
sensor,1986-07-11 08:20,3793,21.700000000000003,23.998688284610118,Core_ZN,5000.82271275082,0.8334704521251366,1558.7128825850928,,,23.998688284610118,23.998976254253513,23.999454978683637,23.999048653419795,23.999437077051123
sensor,1986-07-11 08:30,3794,21.7,23.998679311297426,Core_ZN,5012.187404754369,0.8353645674590614,1559.5482471525518,,,23.998679311297426,23.998987290221184,23.999452597696028,23.999055636218948,23.999433131812353
sensor,1986-07-11 08:40,3795,21.7,23.998679095524814,Core_ZN,5027.969662364385,0.8379949437273975,1560.3862420962791,,,23.998679095524814,23.998997976153824,23.999451091130425,23.99906284612488,23.99943015067477
sensor,1986-07-11 08:50,3796,21.7,23.998681248873044,Core_ZN,5044.110011298481,0.8406850018830802,1561.2269270981622,,,23.998681248873044,23.999002779485398,23.999448149686597,23.99906606173326,23.999426361373292
sensor,1986-07-11 08:60,3797,21.7,23.998683826555865,Core_ZN,5059.772328499248,0.8432953880832079,1562.0702224862453,,,23.998683826555865,23.999004248092028,23.99944437130873,23.999066970742298,23.999422118459233
sensor,1986-07-11 09:10,3798,21.78333333333333,23.998686887287086,Core_ZN,5090.341856401253,0.8483903094002088,1562.9186127956455,,,23.998686887287086,23.999004333868825,23.999440954195414,23.999067190219865,23.999418575568473
sensor,1986-07-11 09:20,3799,21.866666666666667,23.998685671718988,Core_ZN,5120.7289603125255,0.8534548267187542,1563.7720676223641,,,23.998685671718988,23.99899911850308,23.999436227024184,23.999063106959216,23.999413442270274
sensor,1986-07-11 09:30,3800,21.95,23.998680221380575,Core_ZN,5150.708436340722,0.858451406056787,1564.6305190284208,,,23.998680221380575,23.998992442015965,23.99943111897262,23.999057876529143,23.999407851094364
sensor,1986-07-11 09:40,3801,22.03333333333333,23.998676779897846,Core_ZN,5182.099753145205,0.8636832921908675,1565.4942023206117,,,23.998676779897846,23.998984937001858,23.999425911462342,23.999052047652402,23.999402144026238
sensor,1986-07-11 09:50,3802,22.116666666666667,23.99867367668103,Core_ZN,5214.137240092913,0.8690228733488188,1566.3632251939605,,,23.99867367668103,23.998975566057194,23.99942022054116,23.999044902003305,23.999395996375952
sensor,1986-07-11 09:60,3803,22.2,23.998670456365453,Core_ZN,5246.300059974511,0.8743833433290852,1567.2376085372896,,,23.998670456365453,23.998964842244362,23.999414240742013,23.999036933050828,23.999389529124535
sensor,1986-07-11 10:10,3804,22.2,23.998658325252336,Core_ZN,5268.094211291557,0.8780157018819261,1568.1156242391714,,,23.998658325252336,23.99894588201981,23.999400640205863,23.999020768829837,23.999375110259532
sensor,1986-07-11 10:20,3805,22.2,23.99866687885221,Core_ZN,5292.920500465527,0.8821534167442544,1568.9977776559158,,,23.99866687885221,23.99894747969958,23.999393849566687,23.999023950448777,23.999368113359942
sensor,1986-07-11 10:35,3806,22.2,23.999142265490768,Core_ZN,5317.296108741371,0.8862160181235619,1569.8839936740394,,,23.999142265490768,23.999280286013214,23.99957198644433,23.99934250459242,23.999547993733746
sensor,1986-07-11 10:45,3807,22.2,23.99916771503291,Core_ZN,5355.587767832465,0.8925979613054108,1570.7765916353449,,,23.99916771503291,23.99930504059227,23.9995912345536,23.999367800241114,23.999570001184342
sensor,1986-07-11 10:55,3808,22.2,23.99916899361947,Core_ZN,5398.525927155102,0.899754321192517,1571.6763459565373,,,23.99916899361947,23.999290075244804,23.999588372558186,23.99935957471468,23.99956614960007
sensor,1986-07-11 10:65,3809,22.2,23.999166109613093,Core_ZN,5444.297728252669,0.9073829547087782,1572.583728911246,,,23.999166109613093,23.999268632272013,23.999580327402953,23.999345923696445,23.99955716289075
sensor,1986-07-11 11:13,3810,22.3,23.999608432057286,Core_ZN,5204.727832375365,0.8674546387292275,1573.4511835499752,,,23.999608432057286,23.99961570531243,23.999777451742666,23.999671831267293,23.999763872608504
sensor,1986-07-11 11:23,3811,22.4,23.999597164119045,Core_ZN,5249.763562065068,0.8749605936775113,1574.3261441436528,,,23.999597164119045,23.99962957644041,23.99979336937094,23.999683848230553,23.99978062246998
sensor,1986-07-11 11:33,3812,22.5,23.999584491193534,Core_ZN,5299.612353813431,0.8832687256355718,1575.2094128692884,,,23.999584491193534,23.999614159540712,23.999788829511484,23.999672938886512,23.999775451474306
sensor,1986-07-11 11:43,3813,22.6,23.999574001368348,Core_ZN,5332.883707402401,0.8888139512337335,1576.098226820522,,,23.999574001368348,23.99961296060045,23.99978749661017,23.999670762493707,23.999773985727522
sensor,1986-07-11 11:55,3814,22.7,23.999411002845015,Core_ZN,5362.364378491186,0.8937273964151975,1576.9919542169373,,,23.999411002845015,23.99945159059105,23.999697821401796,23.999534960396414,23.999677446384613
sensor,1986-07-11 11:65,3815,22.8,23.999388888402613,Core_ZN,5388.6051592077265,0.8981008598679543,1577.8900550768053,,,23.999388888402613,23.999484117210393,23.999712411806904,23.999554788320335,23.99969457282289
sensor,1986-07-11 12:15,3816,22.883333333333333,23.999080489876043,Core_ZN,5713.805234821229,0.9523008724702048,1578.8423559492755,,,23.999080489876043,23.999221353539976,23.999565575020753,23.999310709309917,23.999539652727748
sensor,1986-07-11 12:25,3817,22.96666666666667,23.99905939450344,Core_ZN,5758.064179453483,0.9596773632422472,1579.8020333125178,,,23.99905939450344,23.999196112895582,23.999542056449044,23.99928635424385,23.999515965138922
sensor,1986-07-11 12:35,3818,23.05,23.999055806353425,Core_ZN,5795.8877418934335,0.9659812903155722,1580.7680146028333,,,23.999055806353425,23.999193372312043,23.99953595328906,23.999282853057153,23.9995101322883
sensor,1986-07-11 12:45,3819,23.133333333333333,23.999053583110936,Core_ZN,5832.771652135317,0.9721286086892194,1581.7401432115225,,,23.999053583110936,23.999192040882257,23.99953229581621,23.999280863918052,23.999506733202487
sensor,1986-07-11 12:55,3820,23.21666666666667,23.999051351607108,Core_ZN,5868.668283090464,0.9781113805150772,1582.7182545920375,,,23.999051351607108,23.999190771509568,23.999529168226037,23.99927888930235,23.999503824760183
sensor,1986-07-11 12:65,3821,23.3,23.999048820281306,Core_ZN,5903.791138315882,0.9839651897193136,1583.7022197817569,,,23.999048820281306,23.99918934544953,23.999526167509483,23.99927666818516,23.999501013883716
sensor,1986-07-11 13:15,3822,23.400000000000002,23.999035567034895,Core_ZN,5936.218235462161,0.9893697059103601,1584.6915894876672,,,23.999035567034895,23.999179220636336,23.9995193594895,23.99926528850599,23.99949210385033
sensor,1986-07-11 13:20,3823,23.5,23.99858582843996,Core_ZN,5964.4957233918185,0.994082620565303,1585.6856721082324,,,23.99858582843996,23.99884650791497,23.999354510258073,23.998964616436588,23.99931646493285
sensor,1986-07-11 13:30,3824,23.6,23.99854992533063,Core_ZN,5993.023734049694,0.9988372890082823,1586.6845093972406,,,23.99854992533063,23.998767539242323,23.999294923572226,23.99888776253732,23.999254352845565
sensor,1986-07-11 13:40,3825,23.7,23.99854394604965,Core_ZN,6020.351618879303,1.0033919364798838,1587.6879013337204,,,23.99854394604965,23.998745161434822,23.999273017296854,23.998863593992983,23.99922919016064
sensor,1986-07-11 13:50,3826,23.8,23.998543439453368,Core_ZN,6047.061767923278,1.007843627987213,1588.6957449617078,,,23.998543439453368,23.998737351094665,23.999263845040286,23.998853420896562,23.999215096278686
sensor,1986-07-11 13:60,3827,23.9,23.998543437543574,Core_ZN,6069.059680046176,1.0115099466743627,1589.707254908382,,,23.998543437543574,23.998735766407222,23.999259583284,23.998849073861315,23.99920322231166
sensor,1986-07-11 14:10,3828,23.983333333333334,23.998540906396606,Core_ZN,6091.118637315579,1.0151864395525965,1590.7224413479346,,,23.998540906396606,23.998740890856023,23.99925774429844,23.998850541163662,23.999185112128533
sensor,1986-07-11 14:20,3829,24.066666666666666,23.998543557345847,Core_ZN,6115.221765660434,1.0192036276100724,1591.7416449755447,,,23.998543557345847,23.998749134570428,23.99925764716821,23.998853804408963,23.999169358617884
sensor,1986-07-11 14:30,3830,24.15,23.998549567373626,Core_ZN,6140.466173307752,1.0234110288846252,1592.7650560044292,,,23.998549567373626,23.99875411834072,23.99925750564162,23.998855426048852,23.9991539280059
sensor,1986-07-11 14:40,3831,24.233333333333334,23.99855196491503,Core_ZN,6177.501431983994,1.0295835719973323,1593.7946395764266,,,23.99855196491503,23.99875726914383,23.999257289538935,23.998856220293785,23.99913411421688
sensor,1986-07-11 14:50,3832,24.316666666666663,23.99855236908945,Core_ZN,6216.98259316642,1.0361637655277365,1594.8308033419544,,,23.99855236908945,23.998759651428642,23.99925719738279,23.99885664874723,23.99909214817531
sensor,1986-07-11 14:60,3833,24.4,23.998551247176525,Core_ZN,6262.859919585296,1.0438099865975492,1595.874613328552,,,23.998551247176525,23.998760179664085,23.999256531309715,23.998854939415526,23.99903945037783
sensor,1986-07-11 15:10,3834,24.599999999999998,23.99855026289913,Core_ZN,6332.597469903854,1.0554329116506422,1596.9300462402025,,,23.99855026289913,23.99876235611242,23.999257376803385,23.99885425498049,23.99896982982777
sensor,1986-07-11 15:20,3835,24.800000000000004,23.998540874604764,Core_ZN,6403.005320852151,1.0671675534753584,1597.997213793678,,,23.998540874604764,23.998755754798115,23.99925570484215,23.99884657910498,23.998897770951007
sensor,1986-07-11 15:35,3836,25.0,23.998997873848182,Core_ZN,6469.298865772243,1.078216477628707,1599.0754302713067,,,23.998997873848182,23.999137058548403,23.999470843188742,23.99919557635114,23.998921596115956
sensor,1986-07-11 15:40,3837,25.200000000000003,23.998580717060104,Core_ZN,6526.642064037775,1.0877736773396292,1600.1632039486462,,,23.998580717060104,23.99882936508603,23.99932695035774,23.998913005459684,23.998740688432218
sensor,1986-07-11 15:50,3838,25.400000000000002,23.998473003467105,Core_ZN,6576.069865866334,1.0960116443110555,1601.2592155929574,,,23.998473003467105,23.998753677449493,23.999273886720143,23.99884241697182,23.998738563530804
sensor,1986-07-11 15:60,3839,25.6,23.998440235162565,Core_ZN,6623.7705736679045,1.103961762277984,1602.3631773552354,,,23.998440235162565,23.998735873259772,23.999257037875555,23.998824390998983,23.998734243954093
sensor,1986-07-11 16:10,3840,25.6,23.998655768425326,Core_ZN,5765.028580462006,0.9608380967436677,1603.324015451979,,,23.998655768425326,23.998854273762326,23.99928535887985,23.99893094500245,23.99880218774538
sensor,1986-07-11 16:20,3841,25.6,23.99929857458729,Core_ZN,5673.56120919094,0.9455935348651565,1604.269608986844,,,23.99929857458729,23.99946116634189,23.999588092116397,23.999495376974686,23.99924336656501
sensor,1986-07-11 16:30,3842,25.6,23.999502010723187,Core_ZN,5625.47654900056,0.9375794248334267,1605.2071884116776,,,23.999502010723187,23.999614426165884,23.999696347684882,23.99964168069018,23.9993933531155
sensor,1986-07-11 16:40,3843,25.6,23.999550924936294,Core_ZN,5576.685358494909,0.9294475597491516,1606.1366359714268,,,23.999550924936294,23.999650383454185,23.999736583360633,23.999677356162184,23.999444563852464
sensor,1986-07-11 16:55,3844,25.6,23.99974417660826,Core_ZN,5533.139187006754,0.9221898645011255,1607.058825835928,,,23.99974417660826,23.99980903703785,23.999857936246478,23.999823004136893,23.999627799666193
sensor,1986-07-11 16:65,3845,25.6,23.999737867745143,Core_ZN,5491.334373011607,0.9152223955019344,1607.97404823143,,,23.999737867745143,23.999792793679497,23.999859698814333,23.99980602043921,23.99967657273295
sensor,1986-07-11 17:15,3846,25.6,23.999862995100827,Core_ZN,5185.109258924843,0.8641848764874738,1608.8382331079176,,,23.999862995100827,23.999913073656717,23.99992248731246,23.99991128643426,23.99980227613562
sensor,1986-07-11 17:25,3847,25.6,23.999878328250645,Core_ZN,5120.613889491127,0.8534356482485213,1609.691668756166,,,23.999878328250645,23.99992913459426,23.999934239419318,23.999919951115174,23.999837655513
sensor,1986-07-11 17:35,3848,25.6,23.999882517921158,Core_ZN,5062.938982460921,0.8438231637434868,1610.5354919199096,,,23.999882517921158,23.99993501110879,23.999939036602647,23.999921381315602,23.999865663346828
sensor,1986-07-11 17:43,3849,25.6,23.99992957821253,Core_ZN,5013.5888493141,0.83559814155235,1611.371090061462,,,23.99992957821253,23.999979585215392,23.999971892009142,23.999958928606485,23.99995589669244
sensor,1986-07-11 17:53,3850,25.6,23.999921059303745,Core_ZN,4965.012767981949,0.8275021279969914,1612.1985921894589,,,23.999921059303745,23.999964382266512,23.99996337642301,23.99994816069968,23.999939804454932
sensor,1986-07-11 17:63,3851,25.6,23.99992043662023,Core_ZN,4915.047699974994,0.8191746166624991,1613.0177668061212,,,23.99992043662023,23.999964696638383,23.99996352136848,23.99995048582171,23.999947667879415
sensor,1986-07-11 18:13,3852,25.5,23.99992006873915,Core_ZN,4848.75306100812,0.80812551016802,1613.8258923162894,,,23.99992006873915,23.999963890827697,23.999963662698477,23.99995267758483,23.99995503897945
sensor,1986-07-11 18:23,3853,25.400000000000002,23.99992423306533,Core_ZN,4770.833398355212,0.7951388997258686,1614.6210312160151,,,23.99992423306533,23.999964283689536,23.999964311105366,23.999958890914677,23.999966704269777
sensor,1986-07-11 18:33,3854,25.3,23.99992607005101,Core_ZN,4694.07100105939,0.7823451668432316,1615.4033763828584,,,23.99992607005101,23.999964886469854,23.99996502984957,23.999965306289575,23.999975812723974
sensor,1986-07-11 18:43,3855,25.2,23.999927529240548,Core_ZN,4641.332060633016,0.773555343438836,1616.1769317262972,,,23.999927529240548,23.999963974810427,23.99996520836283,23.99996493391894,23.999974725247988
sensor,1986-07-11 18:55,3856,25.1,23.99990824352932,Core_ZN,4595.716906143848,0.7659528176906414,1616.942884543988,,,23.99990824352932,23.999968723777002,23.999965168880472,23.99996860537255,24.000013403024077
sensor,1986-07-11 18:65,3857,25.0,23.999900505806664,Core_ZN,4554.421982888988,0.7590703304814981,1617.7019548744695,,,23.999900505806664,23.99994607309826,23.99995351082586,23.99994678425402,23.999960960647105
sensor,1986-07-11 19:15,3858,24.900000000000002,23.99991746924545,Core_ZN,4446.2742590448825,0.7410457098408136,1618.4430005843103,,,23.99991746924545,23.99995926409192,23.99996081393583,23.99995885030966,23.99996199771958
sensor,1986-07-11 19:25,3859,24.8,23.999917436019423,Core_ZN,4388.907269784578,0.7314845449640962,1619.1744851292744,,,23.999917436019423,23.99995913547121,23.99996226915855,23.999958879778326,23.999961879349506
sensor,1986-07-11 19:35,3860,24.7,23.999917044689667,Core_ZN,4329.42533011495,0.7215708883524916,1619.896056017627,,,23.999917044689667,23.999959880013076,23.999963738026718,23.99996116708263,23.99996368699005
sensor,1986-07-11 19:45,3861,24.6,23.99991688670437,Core_ZN,4282.230624613725,0.7137051041022875,1620.6097611217292,,,23.99991688670437,23.999958833488275,23.999964544539267,23.999960467249593,23.99996328421549
sensor,1986-07-11 19:55,3862,24.5,23.999916800911315,Core_ZN,4240.123224537089,0.7066872040895148,1621.3164483258188,,,23.999916800911315,23.999957459607018,23.999965125529116,23.999959124246857,23.999962414943724
sensor,1986-07-11 19:65,3863,24.4,23.99991677517594,Core_ZN,4200.859986771801,0.7001433311286336,1622.0165916569474,,,23.99991677517594,23.9999561595736,23.999965618920857,23.999957800265523,23.999961527380755
sensor,1986-07-11 20:15,3864,24.316666666666666,23.999926578500812,Core_ZN,4176.104670772241,0.6960174451287068,1622.7126091020762,,,23.999926578500812,23.999965439827427,23.999968874688456,23.999966444406507,23.999965012060642
sensor,1986-07-11 20:25,3865,24.233333333333334,23.999942127378006,Core_ZN,4153.323341010988,0.6922205568351646,1623.4048296589112,,,23.999942127378006,23.999972605065004,23.999971582580756,23.99997313742888,23.99996762908181
sensor,1986-07-11 20:30,3866,24.15,23.999900341579178,Core_ZN,4132.722444132439,0.6887870740220731,1624.0936167329332,,,23.999900341579178,23.999948324007196,23.999947972207416,23.99994908877074,23.999942146774814
sensor,1986-07-11 20:40,3867,24.066666666666666,23.99989127068056,Core_ZN,4115.90561851451,0.6859842697524183,1624.7796010026857,,,23.99989127068056,23.999931872254194,23.99992920330347,23.999932342269908,23.99991337616069
sensor,1986-07-11 20:50,3868,23.983333333333334,23.99989349530296,Core_ZN,4101.046993537469,0.6835078322562447,1625.463108834942,,,23.99989349530296,23.999931454555224,23.99992141598587,23.99993128834377,23.9999035211374
sensor,1986-07-11 20:60,3869,23.9,23.999897387713126,Core_ZN,4087.786855288418,0.6812978092147364,1626.1444066441568,,,23.999897387713126,23.999933953839747,23.999917573988398,23.999933279184027,23.999899820713647
sensor,1986-07-11 21:13,3870,23.8,24.378743995613636,Core_ZN,4.038461538461539e-09,6.730769230769232e-13,1626.1444066441575,,,24.378743995613636,24.479824450392467,24.485611648794528,24.47654004102202,24.61362369289258
sensor,1986-07-11 21:20,3871,23.7,24.76664952357535,Core_ZN,4.038461538461539e-09,6.730769230769232e-13,1626.1444066441582,,,24.76664952357535,24.903852384716647,24.901074156571767,24.900865952030525,25.102688503238536
sensor,1986-07-11 21:30,3872,23.6,24.8852289173315,Core_ZN,4.038461538461539e-09,6.730769230769232e-13,1626.1444066441588,,,24.8852289173315,25.02915176481928,25.015494572377136,25.025561112117895,25.237257788879802
sensor,1986-07-11 21:40,3873,23.5,24.936842836919443,Core_ZN,4.038461538461539e-09,6.730769230769232e-13,1626.1444066441595,,,24.936842836919443,25.083432130103063,25.064871296504048,25.080174890725903,25.297680485329685
sensor,1986-07-11 21:50,3874,23.4,24.964180631503957,Core_ZN,4.038461538461539e-09,6.730769230769232e-13,1626.1444066441602,,,24.964180631503957,25.112164596065487,25.091888624308073,25.10968011733471,25.33337409858254
sensor,1986-07-11 21:60,3875,23.3,24.981434690655593,Core_ZN,4.038461538461539e-09,6.730769230769232e-13,1626.1444066441609,,,24.981434690655593,25.13003977408404,25.10949463020093,25.12856351956046,25.358399015609944
sensor,1986-07-11 22:10,3876,22.933333333333334,24.97080849545556,Core_ZN,4.038461538461539e-09,6.730769230769232e-13,1626.1444066441616,,,24.97080849545556,25.11856829238019,25.098164486487878,25.119021329687463,25.35367189236452
sensor,1986-07-11 22:20,3877,22.56666666666667,24.956543879542217,Core_ZN,4.038461538461539e-09,6.730769230769232e-13,1626.1444066441622,,,24.956543879542217,25.102191544580133,25.082366675518898,25.10515668358833,25.34405666212367
sensor,1986-07-11 22:30,3878,22.200000000000003,24.939741933466287,Core_ZN,4.038461538461539e-09,6.730769230769232e-13,1626.144406644163,,,24.939741933466287,25.082200462640525,25.0630098329154,25.088090748266016,25.330248867611104
sensor,1986-07-11 22:40,3879,21.833333333333336,24.920193032239712,Core_ZN,4.038461538461539e-09,6.730769230769232e-13,1626.1444066441636,,,24.920193032239712,25.058547415336292,25.039945553213016,25.067740082435545,25.312151513906187
sensor,1986-07-11 22:50,3880,21.46666666666667,24.897822344211505,Core_ZN,4.038461538461539e-09,6.730769230769232e-13,1626.1444066441643,,,24.897822344211505,25.031220878508044,25.01294012148386,25.04414513227203,25.289708092066125
sensor,1986-07-11 22:60,3881,21.1,24.872359285736017,Core_ZN,4.038461538461539e-09,6.730769230769232e-13,1626.144406644165,,,24.872359285736017,24.999554556502833,24.981911724975657,25.017107358451582,25.262688120638376
sensor,1986-07-11 23:10,3882,21.283333333333335,24.778020694213655,Core_ZN,4.038461538461539e-09,6.730769230769232e-13,1626.1444066441657,,,24.778020694213655,24.90786810115931,24.893204386851995,24.927095715421373,25.17920853015232
sensor,1986-07-11 23:20,3883,21.46666666666667,24.73697211975772,Core_ZN,4.038461538461539e-09,6.730769230769232e-13,1626.1444066441663,,,24.73697211975772,24.872801651133205,24.861451214409602,24.8932949370334,25.152845720391106
sensor,1986-07-11 23:30,3884,21.65,24.720703591704254,Core_ZN,4.038461538461539e-09,6.730769230769232e-13,1626.144406644167,,,24.720703591704254,24.861395399603914,24.852370666529882,24.882518702611797,25.147239211929655
sensor,1986-07-11 23:40,3885,21.833333333333336,24.717754125766835,Core_ZN,4.038461538461539e-09,6.730769230769232e-13,1626.1444066441677,,,24.717754125766835,24.86112882234873,24.853809206093818,24.88234122506796,25.150520480616617
sensor,1986-07-11 23:50,3886,22.016666666666666,24.72235987509448,Core_ZN,4.038461538461539e-09,6.730769230769232e-13,1626.1444066441684,,,24.72235987509448,24.86644118484564,24.86035961740219,24.88737694198524,25.157861522456333
sensor,1986-07-11 23:60,3887,22.2,24.730921213063063,Core_ZN,4.038461538461539e-09,6.730769230769232e-13,1626.144406644169,,,24.730921213063063,24.874776804900428,24.869564530639288,24.895228577748785,25.16724444584193
sensor,1986-07-12 00:10,3888,22.116666666666667,24.72896566619623,Core_ZN,4.038461538461539e-09,6.730769230769232e-13,1626.1444066441697,,,24.72896566619623,24.866748329060982,24.862172059137944,24.88840792442727,25.159793193764727
sensor,1986-07-12 00:20,3889,22.03333333333333,24.722047603903484,Core_ZN,4.038461538461539e-09,6.730769230769232e-13,1626.1444066441704,,,24.722047603903484,24.851732866316816,24.848072275947835,24.87540596328506,25.146006776405162
sensor,1986-07-12 00:30,3890,21.95,24.712650993183725,Core_ZN,4.038461538461539e-09,6.730769230769232e-13,1626.144406644171,,,24.712650993183725,24.833250249368948,24.83068694001271,24.859336000281186,25.129104688674786
sensor,1986-07-12 00:40,3891,21.866666666666667,24.70191934910794,Core_ZN,4.038461538461539e-09,6.730769230769232e-13,1626.1444066441718,,,24.70191934910794,24.812591082536276,24.811326867965526,24.841461745863487,25.110245620090218
sensor,1986-07-12 00:50,3892,21.78333333333333,24.690368935203562,Core_ZN,4.038461538461539e-09,6.730769230769232e-13,1626.1444066441725,,,24.690368935203562,24.790322763672588,24.790478982894445,24.822282259187766,25.089844010291248
sensor,1986-07-12 00:60,3893,21.7,24.678204207041574,Core_ZN,4.038461538461539e-09,6.730769230769232e-13,1626.1444066441732,,,24.678204207041574,24.766690914259883,24.768305366043695,24.801981813598115,25.067981269808918
sensor,1986-07-12 01:10,3894,21.416666666666664,24.656003242151765,Core_ZN,4.038461538461539e-09,6.730769230769232e-13,1626.1444066441738,,,24.656003242151765,24.73478547217664,24.736816142271685,24.773546256641275,25.037157729960928
sensor,1986-07-12 01:25,3895,21.133333333333333,24.63423500946656,Core_ZN,4.038461538461539e-09,6.730769230769232e-13,1626.1444066441745,,,24.63423500946656,24.70610098347542,24.707812091322616,24.74785777964201,25.008873103368444
sensor,1986-07-12 01:35,3896,20.85,24.603467961425878,Core_ZN,4.038461538461539e-09,6.730769230769232e-13,1626.1444066441752,,,24.603467961425878,24.666481694997362,24.667942261277197,24.71291321279858,24.970844196418277
sensor,1986-07-12 01:45,3897,20.566666666666666,24.569996555816207,Core_ZN,4.038461538461539e-09,6.730769230769232e-13,1626.144406644176,,,24.569996555816207,24.624627015183336,24.62681346392975,24.674786009489786,24.931690385440632
sensor,1986-07-12 01:55,3898,20.283333333333335,24.533630781070606,Core_ZN,4.038461538461539e-09,6.730769230769232e-13,1626.1444066441766,,,24.533630781070606,24.582615945594576,24.58572545363478,24.634875899364673,24.891854762677063
sensor,1986-07-12 01:65,3899,20.0,24.49641883025987,Core_ZN,4.038461538461539e-09,6.730769230769232e-13,1626.1444066441773,,,24.49641883025987,24.540704609674613,24.544957690929166,24.594723182264907,24.85132170284215
sensor,1986-07-12 02:15,3900,19.900000000000002,24.46690951578457,Core_ZN,4.038461538461539e-09,6.730769230769232e-13,1626.144406644178,,,24.46690951578457,24.506350493539742,24.512363576202283,24.562198245222007,24.81805185016379
sensor,1986-07-12 02:20,3901,19.8,24.438374381653343,Core_ZN,4.038461538461539e-09,6.730769230769232e-13,1626.1444066441786,,,24.438374381653343,24.471406465444986,24.479306050313962,24.529471544786208,24.783395480956372
sensor,1986-07-12 02:30,3902,19.7,24.418036876472705,Core_ZN,4.038461538461539e-09,6.730769230769232e-13,1626.1444066441793,,,24.418036876472705,24.444901696347888,24.45385989121528,24.50485324610615,24.756423906467397
sensor,1986-07-12 02:40,3903,19.6,24.39880571559839,Core_ZN,4.038461538461539e-09,6.730769230769232e-13,1626.14440664418,,,24.39880571559839,24.419144648913697,24.428959395135237,24.480989225716236,24.729914492275274
sensor,1986-07-12 02:50,3904,19.5,24.380120868497887,Core_ZN,4.038461538461539e-09,6.730769230769232e-13,1626.1444066441807,,,24.380120868497887,24.39373970510352,24.404296385771545,24.457473299805102,24.70361456217601
sensor,1986-07-12 02:60,3905,19.4,24.36170900053407,Core_ZN,4.038461538461539e-09,6.730769230769232e-13,1626.1444066441813,,,24.36170900053407,24.368504939180585,24.379734910205663,24.434116994208775,24.67746450880588
sensor,1986-07-12 03:10,3906,19.316666666666666,24.344165426401737,Core_ZN,4.038461538461539e-09,6.730769230769232e-13,1626.144406644182,,,24.344165426401737,24.345196059993313,24.356932073889077,24.41240730864127,24.65315710975927
sensor,1986-07-12 03:20,3907,19.233333333333334,24.32701340703369,Core_ZN,4.038461538461539e-09,6.730769230769232e-13,1626.1444066441827,,,24.32701340703369,24.322622418529555,24.334741163210666,24.39133172584027,24.629506012180975
sensor,1986-07-12 03:30,3908,19.15,24.31005007035351,Core_ZN,4.038461538461539e-09,6.730769230769232e-13,1626.1444066441834,,,24.31005007035351,24.300395295623392,24.312819699944857,24.37054386898671,24.606143695954835
sensor,1986-07-12 03:40,3909,19.066666666666663,24.293177758306893,Core_ZN,4.038461538461539e-09,6.730769230769232e-13,1626.144406644184,,,24.293177758306893,24.278353560942943,24.291034199676677,24.34989774246895,24.582922690930342
sensor,1986-07-12 03:50,3910,18.983333333333334,24.276344798800725,Core_ZN,4.038461538461539e-09,6.730769230769232e-13,1626.1444066441848,,,24.276344798800725,24.25641562669957,24.26931825649342,24.329319498203873,24.559770242034922
sensor,1986-07-12 03:60,3911,18.9,24.25952026002312,Core_ZN,4.038461538461539e-09,6.730769230769232e-13,1626.1444066441854,,,24.25952026002312,24.234532671523418,24.247630405885438,24.308764555735586,24.536642276800173
sensor,1986-07-12 04:10,3912,18.983333333333334,24.25041127627307,Core_ZN,4.038461538461539e-09,6.730769230769232e-13,1626.1444066441861,,,24.25041127627307,24.22275896432406,24.236104696817332,24.297527703536147,24.523775058724816
sensor,1986-07-12 04:20,3913,19.066666666666666,24.245930040909517,Core_ZN,4.038461538461539e-09,6.730769230769232e-13,1626.1444066441868,,,24.245930040909517,24.214805930970428,24.228135535858613,24.289865882102536,24.51451480672385
sensor,1986-07-12 04:30,3914,19.15,24.242468825967485,Core_ZN,4.038461538461539e-09,6.730769230769232e-13,1626.1444066441875,,,24.242468825967485,24.208801760734755,24.221923645179462,24.28400630525265,24.5070492646431
sensor,1986-07-12 04:40,3915,19.23333333333333,24.239999681200395,Core_ZN,4.038461538461539e-09,6.730769230769232e-13,1626.1444066441882,,,24.239999681200395,24.215757684499287,24.26094764127941,24.306077618603602,24.511219480280523
sensor,1986-07-12 04:50,3916,19.316666666666666,24.238934548693575,Core_ZN,4.038461538461539e-09,6.730769230769232e-13,1626.1444066441888,,,24.238934548693575,24.225886089548084,24.309797555557857,24.332806125509933,24.517909952224258
sensor,1986-07-12 04:60,3917,19.4,24.239420175972054,Core_ZN,4.038461538461539e-09,6.730769230769232e-13,1626.1444066441895,,,24.239420175972054,24.238639639365143,24.363895176251265,24.361456385968644,24.526933349510514
sensor,1986-07-12 05:13,3918,19.6,24.008151141133546,Core_ZN,3599.969583242691,0.5999949305404484,1626.74440157473,,,24.008151141133546,24.008733070717042,24.022538876946083,24.013720161168916,24.03187766860387
sensor,1986-07-12 05:25,3919,19.8,24.000808427233174,Core_ZN,3692.031206787758,0.6153385344646263,1627.3597401091947,,,24.000808427233174,24.000954109670516,24.00442578020553,24.00159226773542,24.006058203492522
sensor,1986-07-12 05:35,3920,20.0,23.999963374624397,Core_ZN,3658.165600185236,0.6096942666975393,1627.9694343758922,,,23.999963374624397,24.000001848548813,24.000731734126454,24.000051592234662,24.000980120748338
sensor,1986-07-12 05:45,3921,20.200000000000003,23.999872688458055,Core_ZN,3629.8711295606195,0.6049785215934366,1628.5744128974857,,,23.999872688458055,23.999891357347444,24.000064935888403,23.999873249972765,24.000090638854125
sensor,1986-07-12 05:55,3922,20.4,23.99986736338486,Core_ZN,3604.3527470215217,0.6007254578369202,1629.1751383553226,,,23.99986736338486,23.999881329874754,23.999947346857688,23.999860113422784,23.99993810012799
sensor,1986-07-12 05:65,3923,20.6,23.99987125521595,Core_ZN,3582.19995245249,0.5970333254087483,1629.7721716807314,,,23.99987125521595,23.999883203910244,23.999928805920206,23.999865807783642,23.999914835051356
sensor,1986-07-12 06:10,3924,20.683333333333334,23.999526896276095,Core_ZN,3282.5453580750964,0.547090893012516,1630.3192625737438,,,23.999526896276095,23.99955671872932,23.999702955863984,23.99952842145973,23.99965381198211
sensor,1986-07-12 06:20,3925,20.76666666666667,23.999837564827473,Core_ZN,3293.6090421676254,0.5489348403612708,1630.868197414105,,,23.999837564827473,23.999857062211593,23.99986158028661,23.999841880014813,23.999844522753612
sensor,1986-07-12 06:30,3926,20.85,23.999902839018922,Core_ZN,3306.019385325459,0.5510032308875765,1631.4192006449925,,,23.999902839018922,23.999928199042355,23.999910235574625,23.99991876929148,23.99990379306801
sensor,1986-07-12 06:45,3927,20.933333333333334,23.99999748742849,Core_ZN,3336.036196948803,0.5560060328248004,1631.9752066778174,,,23.99999748742849,24.00000439012635,23.99998104973084,24.000007174882903,23.999982672438442
sensor,1986-07-12 06:55,3928,21.01666666666667,23.999991465640207,Core_ZN,3370.3323953662107,0.5617220658943685,1632.5369287437118,,,23.999991465640207,23.99999691732798,23.999980974908716,23.99999948295401,23.999982393198586
sensor,1986-07-12 06:65,3929,21.1,23.999992411981534,Core_ZN,3402.8942231796236,0.5671490371966039,1633.1040777809085,,,23.999992411981534,23.99999538467958,23.99998147258178,23.999998894926797,23.999982404177373
sensor,1986-07-12 07:13,3930,21.283333333333335,23.999957241819587,Core_ZN,3725.3389063221275,0.6208898177203546,1633.7249675986288,,,23.999957241819587,23.999948988663604,23.999965282178657,23.999960830120944,23.99996395970218
sensor,1986-07-12 07:23,3931,21.46666666666667,23.99994106005177,Core_ZN,3814.504571544763,0.6357507619241272,1634.360718360553,,,23.99994106005177,23.999932851695444,23.999952746375733,23.999944100174375,23.99995121015405
sensor,1986-07-12 07:33,3932,21.65,23.9999374466106,Core_ZN,3894.0364649417975,0.6490060774902995,1635.0097244380433,,,23.9999374466106,23.999923733453468,23.999947249623403,23.999936984848443,23.999946188175635
sensor,1986-07-12 07:43,3933,21.833333333333336,23.999935034151747,Core_ZN,3951.3755468917648,0.6585625911486275,1635.668287029192,,,23.999935034151747,23.99992230805121,23.99994758794928,23.99993576494851,23.999944881268853
sensor,1986-07-12 07:53,3934,22.016666666666666,23.999933195323624,Core_ZN,4000.9006033582946,0.6668167672263824,1636.3351037964185,,,23.999933195323624,23.999923487967415,23.99994903389214,23.999936342808258,23.99994474110852
sensor,1986-07-12 07:65,3935,22.2,23.999920468652505,Core_ZN,4045.420287576324,0.6742367145960539,1637.0093405110144,,,23.999920468652505,23.999904768930158,23.999949934164,23.999926253324396,23.99994049118755
sensor,1986-07-12 08:15,3936,22.116666666666667,23.99989223919313,Core_ZN,4030.5889001244204,0.6717648166874033,1637.6811053277017,,,23.99989223919313,23.999890416507924,23.99993059663772,23.999905274186716,23.99992154695657
sensor,1986-07-12 08:20,3937,22.03333333333333,23.999837099477134,Core_ZN,4011.661909817047,0.6686103183028412,1638.3497156460046,,,23.999837099477134,23.99983900422983,23.999896701543307,23.999860657468833,23.99988657502941
sensor,1986-07-12 08:30,3938,21.95,23.999794698605267,Core_ZN,3989.021641478273,0.6648369402463787,1639.014552586251,,,23.999794698605267,23.999821468792305,23.999877128098404,23.9998391417936,23.99986839444886
sensor,1986-07-12 08:40,3939,21.866666666666667,23.999780805667495,Core_ZN,3993.5616556436903,0.6655936092739483,1639.680146195525,,,23.999780805667495,23.999824899084615,23.999880046725448,23.999839106329077,23.999869574588292
sensor,1986-07-12 08:50,3940,21.78333333333333,23.999774681556747,Core_ZN,4006.280104746898,0.6677133507911496,1640.3478595463162,,,23.999774681556747,23.99981643008448,23.9998836663642,23.999832166445316,23.999871195266035
sensor,1986-07-12 08:60,3941,21.7,23.99977081637371,Core_ZN,4021.9765504443894,0.6703294250740648,1641.0181889713901,,,23.99977081637371,23.999800219871943,23.99988507122514,23.99981987485763,23.99987265308801
sensor,1986-07-12 09:15,3942,22.066666666666666,23.999848973712375,Core_ZN,4129.311217741673,0.6882185362902788,1641.7064075076805,,,23.999848973712375,23.999800388289735,23.999881631551524,23.99983162829641,23.999876695869098
sensor,1986-07-12 09:23,3943,22.433333333333334,23.99989667004117,Core_ZN,4243.416955537253,0.7072361592562088,1642.4136436669367,,,23.99989667004117,23.99983907394298,23.999902908047705,23.999867083863602,23.99990175509268
sensor,1986-07-12 09:32,3944,22.799999999999997,23.999920602790226,Core_ZN,4364.010676529448,0.7273351127549079,1643.1409787796915,,,23.999920602790226,23.999860257116943,23.99991636476564,23.999887514671883,23.99991689355874
sensor,1986-07-12 09:42,3945,23.166666666666664,23.999934861276742,Core_ZN,4459.646301056886,0.743274383509481,1643.884253163201,,,23.999934861276742,23.999884200214535,23.99993205572423,23.999907405514403,23.999931354810105
sensor,1986-07-12 09:52,3946,23.533333333333335,23.999933558947443,Core_ZN,4548.778807711442,0.7581298012852403,1644.6423829644864,,,23.999933558947443,23.99989143328188,23.999937687211343,23.999912655264215,23.999935449048984
sensor,1986-07-12 09:62,3947,23.9,23.99993256032466,Core_ZN,4629.616658714862,0.7716027764524769,1645.4139857409389,,,23.99993256032466,23.99989506236324,23.999937390593395,23.999917037788784,23.999938013327384
sensor,1986-07-12 10:12,3948,24.083333333333336,23.999897965223536,Core_ZN,4650.871535717294,0.7751452559528823,1646.1891309968917,,,23.999897965223536,23.999844969067006,23.999910189143545,23.999875224100865,23.999908508208826
sensor,1986-07-12 10:23,3949,24.266666666666666,23.999844128989892,Core_ZN,4666.477363933558,0.7777462273222597,1646.966877224214,,,23.999844128989892,23.999778835845305,23.9998749763896,23.999818265390346,23.99986814277665
sensor,1986-07-12 10:33,3950,24.45,23.999838216516416,Core_ZN,4674.320220956002,0.7790533701593337,1647.7459305943732,,,23.999838216516416,23.99978832592285,23.999886644610623,23.9998232715556,23.999877491106364
sensor,1986-07-12 10:45,3951,24.633333333333333,23.999730624003256,Core_ZN,4687.087206088513,0.7811812010147522,1648.527111795388,,,23.999730624003256,23.99964265077456,23.99980784497975,23.99970215454834,23.999785503613495
sensor,1986-07-12 10:50,3952,24.816666666666666,23.999671044144797,Core_ZN,4704.179061581214,0.7840298435968689,1649.311141638985,,,23.999671044144797,23.999588326739115,23.99981824219865,23.999661272089742,23.999796906043112
sensor,1986-07-12 10:60,3953,25.0,23.999683686787574,Core_ZN,4713.669401801991,0.7856115669669985,1650.096753205952,,,23.999683686787574,23.99960802779078,23.999853735274225,23.999680927890587,23.999833840755297
sensor,1986-07-12 11:10,3954,24.900000000000002,23.999651770070024,Core_ZN,4375.19034080933,0.7291983901348883,1650.8259515960867,,,23.999651770070024,23.999577045998706,23.999823924402296,23.999643852888926,23.999801396112918
sensor,1986-07-12 11:20,3955,24.8,23.999794017734615,Core_ZN,4332.76080588807,0.7221268009813449,1651.5480783970681,,,23.999794017734615,23.99973912717636,23.999886587991288,23.999785101474156,23.999871193487362
sensor,1986-07-12 11:30,3956,24.7,23.999843314863625,Core_ZN,4301.242082807815,0.7168736804679692,1652.264952077536,,,23.999843314863625,23.999795730825518,23.99990623839815,23.999831895066205,23.999893536843175
sensor,1986-07-12 11:40,3957,24.6,23.99986174597025,Core_ZN,4284.477194252977,0.7140795323754962,1652.9790316099115,,,23.99986174597025,23.999825349587375,23.99991184825376,23.999853209092127,23.99990057783594
sensor,1986-07-12 11:55,3958,24.5,23.999934631829753,Core_ZN,4276.842683350046,0.7128071138916743,1653.6918387238031,,,23.999934631829753,23.999872427051905,23.99993811612421,23.99991732927792,23.99992820303654
sensor,1986-07-12 11:63,3959,24.4,23.999962065122318,Core_ZN,4280.333323869946,0.7133888873116576,1654.4052276111147,,,23.999962065122318,23.99990486638852,23.99995835974311,23.99994686123469,23.999951344895464
sensor,1986-07-12 12:12,3960,24.599999999999998,23.999968108549073,Core_ZN,4323.801026528323,0.7206335044213872,1655.125861115536,,,23.999968108549073,23.999912796748486,23.99996553961137,23.999954507896664,23.999959856098915
sensor,1986-07-12 12:23,3961,24.800000000000004,23.999965262781632,Core_ZN,4376.271623237716,0.7293786038729526,1655.855239719409,,,23.999965262781632,23.999907268054272,23.999963832329247,23.99994987265736,23.99995840026189
sensor,1986-07-12 12:32,3962,25.0,23.999969027599235,Core_ZN,4431.644458037612,0.7386074096729353,1656.593847129082,,,23.999969027599235,23.999905341714218,23.9999643254771,23.999950550970205,23.99995884220217
sensor,1986-07-12 12:42,3963,25.200000000000003,23.99995942694574,Core_ZN,4465.548365619356,0.7442580609365593,1657.3381051900185,,,23.99995942694574,23.999886735278594,23.999955252412654,23.999937162200997,23.99994863332846
sensor,1986-07-12 12:53,3964,25.400000000000002,23.999944528559947,Core_ZN,4493.852559566698,0.7489754265944497,1658.0870806166129,,,23.999944528559947,23.999861649406164,23.999941979626755,23.999917675965275,23.999933742517058
sensor,1986-07-12 12:65,3965,25.6,23.9999176746984,Core_ZN,4520.167901862218,0.7533613169770362,1658.84044193359,,,23.9999176746984,23.99981731842383,23.99991800264232,23.999883225761177,23.999906927649533
sensor,1986-07-12 13:10,3966,25.783333333333335,23.999881820045175,Core_ZN,4558.597634435241,0.7597662724058735,1659.6002082059958,,,23.999881820045175,23.99976996186486,23.99990500155823,23.999848225610123,23.999896686841765
sensor,1986-07-12 13:20,3967,25.96666666666667,23.99988251891986,Core_ZN,4596.729941164844,0.7661216568608072,1660.3663298628567,,,23.99988251891986,23.99978622927442,23.999907441251853,23.99985483313337,23.999900278984903
sensor,1986-07-12 13:30,3968,26.15,23.999889217763812,Core_ZN,4636.5865343609075,0.7727644223934846,1661.1390942852502,,,23.999889217763812,23.999799273712288,23.999906792745563,23.999858830780784,23.999896149066487
sensor,1986-07-12 13:40,3969,26.333333333333332,23.999890983119883,Core_ZN,4685.115422241255,0.7808525703735425,1661.9199468556237,,,23.999890983119883,23.999811394605327,23.999905823248433,23.99986225408654,23.999890163459952
sensor,1986-07-12 13:50,3970,26.516666666666666,23.999891443848114,Core_ZN,4737.3000882687775,0.7895500147114629,1662.7094968703352,,,23.999891443848114,23.999818643717386,23.99990428689066,23.999863561894514,23.999880345711215
sensor,1986-07-12 13:60,3971,26.7,23.999891396911533,Core_ZN,4791.999183229301,0.7986665305382168,1663.5081634008734,,,23.999891396911533,23.999823649535752,23.999902486159787,23.999863593443816,23.999867021411617
sensor,1986-07-12 14:10,3972,26.883333333333333,23.99989448389719,Core_ZN,4845.988654506856,0.8076647757511426,1664.3158281766246,,,23.99989448389719,23.99983021546087,23.99990291451624,23.999865476086402,23.99985262242459
sensor,1986-07-12 14:20,3973,27.066666666666666,23.999893972379997,Core_ZN,4903.683762984805,0.8172806271641342,1665.1331088037887,,,23.999893972379997,23.99983388219574,23.99990237038988,23.999863641474658,23.99983334079477
sensor,1986-07-12 14:30,3974,27.25,23.99989587448132,Core_ZN,4964.113764838414,0.8273522941397357,1665.9604610979284,,,23.99989587448132,23.99983370059579,23.99990149767659,23.999860917684266,23.9998103800408
sensor,1986-07-12 14:40,3975,27.43333333333333,23.9998951355163,Core_ZN,4981.821574083414,0.8303035956805689,1666.790764693609,,,23.9998951355163,23.99982852166167,23.999898043476435,23.99985538416145,23.999777703168782
sensor,1986-07-12 14:50,3976,27.616666666666667,23.999893703580334,Core_ZN,4983.142971131247,0.8305238285218743,1667.6212885221307,,,23.999893703580334,23.999833539632807,23.99989664956043,23.999856681645714,23.999767781380978
sensor,1986-07-12 14:63,3977,27.8,23.99994746974298,Core_ZN,4974.0907367492855,0.8290151227915477,1668.4503036449223,,,23.99994746974298,23.999945651896702,23.99995735976147,23.99994285333883,23.999870898949567
sensor,1986-07-12 15:12,3978,27.616666666666667,23.999962840862402,Core_ZN,4886.602817116678,0.8144338028527797,1669.2647374477751,,,23.999962840862402,23.999967208787403,23.999972669244286,23.9999635641448,23.999935254761223
sensor,1986-07-12 15:23,3979,27.433333333333334,23.99996547845343,Core_ZN,4795.187954463945,0.7991979924106574,1670.0639354401858,,,23.99996547845343,23.999968995530146,23.99997389900834,23.99996750867241,23.99995877693679
sensor,1986-07-12 15:32,3980,27.25,23.999973349007117,Core_ZN,4693.967392318378,0.7823278987197297,1670.8462633389056,,,23.999973349007117,23.99998427798036,23.999983618459982,23.999980104507095,23.999992035923214
sensor,1986-07-12 15:42,3981,27.066666666666663,23.999974710849923,Core_ZN,4655.335603386377,0.7758892672310629,1671.6221526061368,,,23.999974710849923,23.99997841520326,23.999981004388005,23.99997755687631,23.9999798237557
sensor,1986-07-12 15:53,3982,26.883333333333333,23.999970631787495,Core_ZN,4641.678361950394,0.7736130603250656,1672.3957656664618,,,23.999970631787495,23.999973235567502,23.99997767282074,23.99997263574672,23.999965844404162
sensor,1986-07-12 15:63,3983,26.7,23.99996323165086,Core_ZN,4631.913455826132,0.771985575971022,1673.1677512424328,,,23.99996323165086,23.999959685598995,23.999969655889117,23.999961462762336,23.999934494371928
sensor,1986-07-12 16:15,3984,26.7,23.999974608477828,Core_ZN,4515.4509176963375,0.7525751529493895,1673.9203263953823,,,23.999974608477828,23.9999710117351,23.999974044900025,23.999972003117406,23.999908205510685
sensor,1986-07-12 16:25,3985,26.7,23.999975800535132,Core_ZN,4533.633782739415,0.7556056304565693,1674.6759320258388,,,23.999975800535132,23.99995704612288,23.999969815329283,23.999963436175005,23.99988967407424
sensor,1986-07-12 16:30,3986,26.7,23.999968521319424,Core_ZN,4559.888399207324,0.7599813998678873,1675.4359134257068,,,23.999968521319424,23.999942384591755,23.999961781419373,23.99995167440093,23.99986238426828
sensor,1986-07-12 16:40,3987,26.699999999999996,23.999968633211786,Core_ZN,4541.048706035183,0.7568414510058639,1676.1927548767126,,,23.999968633211786,23.99992785280376,23.999958925649597,23.999941891270094,23.999852128545747
sensor,1986-07-12 16:50,3988,26.7,23.999969124161865,Core_ZN,4518.688310155023,0.7531147183591704,1676.9458695950718,,,23.999969124161865,23.99992358893637,23.999959396778596,23.999939187866676,23.9998537580097
sensor,1986-07-12 16:65,3989,26.7,23.99996859825259,Core_ZN,4493.2638152414065,0.7488773025402344,1677.694746897612,,,23.99996859825259,23.999942876320063,23.999964186526963,23.999949316636815,23.999863978844633
sensor,1986-07-12 17:12,3990,26.6,24.270569470962023,Core_ZN,4.038461538461539e-09,6.730769230769232e-13,1677.6947468976127,,,24.270569470962023,24.55031820449161,24.529866430624832,24.496707114116,24.938015782710366
sensor,1986-07-12 17:25,3991,26.5,24.57748971416145,Core_ZN,4.038461538461539e-09,6.730769230769232e-13,1677.6947468976134,,,24.57748971416145,25.04905562178001,25.008128455182476,24.975129935706647,25.69863604461819
sensor,1986-07-12 17:33,3992,26.4,24.68104150761966,Core_ZN,4.038461538461539e-09,6.730769230769232e-13,1677.694746897614,,,24.68104150761966,25.209670698586855,25.15810004347316,25.141575257476397,25.93961514824235
sensor,1986-07-12 17:43,3993,26.299999999999997,24.733457720614144,Core_ZN,4.038461538461539e-09,6.730769230769232e-13,1677.6947468976148,,,24.733457720614144,25.288030217428556,25.227293864824052,25.22938767778498,26.044716192583792
sensor,1986-07-12 17:53,3994,26.200000000000003,24.76431249494269,Core_ZN,4.038461538461539e-09,6.730769230769232e-13,1677.6947468976155,,,24.76431249494269,25.324269906056443,25.260350552507568,25.278386377308976,26.079720493809724
sensor,1986-07-12 17:63,3995,26.1,24.786572444843852,Core_ZN,4.038461538461539e-09,6.730769230769232e-13,1677.6947468976161,,,24.786572444843852,25.34240037543143,25.27850843264466,25.303536151993704,26.07001134295813
sensor,1986-07-12 18:13,3996,25.91666666666667,24.801586154044188,Core_ZN,4.038461538461539e-09,6.730769230769232e-13,1677.6947468976168,,,24.801586154044188,25.34864275001641,25.286444719393018,25.31402206865473,26.04435443087685
sensor,1986-07-12 18:23,3997,25.733333333333334,24.81131080454528,Core_ZN,4.038461538461539e-09,6.730769230769232e-13,1677.6947468976175,,,24.81131080454528,25.34766905402441,25.288116070260685,25.31605861569514,26.01449097637903
sensor,1986-07-12 18:33,3998,25.55,24.817311766916724,Core_ZN,4.038461538461539e-09,6.730769230769232e-13,1677.6947468976182,,,24.817311766916724,25.341941590414464,25.285671039490055,25.3077679726579,25.967059502354218
sensor,1986-07-12 18:43,3999,25.366666666666667,24.820247003540082,Core_ZN,4.038461538461539e-09,6.730769230769232e-13,1677.6947468976189,,,24.820247003540082,25.331330638791066,25.278906984552293,25.29795533970768,25.92465696522258
sensor,1986-07-12 18:53,4000,25.183333333333337,24.82073748532863,Core_ZN,4.038461538461539e-09,6.730769230769232e-13,1677.6947468976196,,,24.82073748532863,25.31629266127436,25.26800624683179,25.289955961817828,25.893656464309693
sensor,1986-07-12 18:65,4001,25.0,24.819150310747517,Core_ZN,4.038461538461539e-09,6.730769230769232e-13,1677.6947468976202,,,24.819150310747517,25.296106812227038,25.252361970297006,25.278368035942634,25.859107866663113
sensor,1986-07-12 19:15,4002,24.900000000000002,24.818676154199366,Core_ZN,4.038461538461539e-09,6.730769230769232e-13,1677.694746897621,,,24.818676154199366,25.278284863909775,25.23867653814169,25.263711832175535,25.821386058154584
sensor,1986-07-12 19:25,4003,24.8,24.818351023239877,Core_ZN,4.038461538461539e-09,6.730769230769232e-13,1677.6947468976216,,,24.818351023239877,25.26051168727631,25.224822261674376,25.24292661395676,25.77437571531196
sensor,1986-07-12 19:35,4004,24.7,24.817264589416006,Core_ZN,4.038461538461539e-09,6.730769230769232e-13,1677.6947468976223,,,24.817264589416006,25.24027448774666,25.208462363757768,25.21541937479431,25.719610542230143
sensor,1986-07-12 19:45,4005,24.6,24.81522017664896,Core_ZN,4.038461538461539e-09,6.730769230769232e-13,1677.694746897623,,,24.81522017664896,25.223280480045073,25.19467609286718,25.193347477762174,25.676488441548557
sensor,1986-07-12 19:55,4006,24.5,24.812411807046892,Core_ZN,4.038461538461539e-09,6.730769230769232e-13,1677.6947468976236,,,24.812411807046892,25.20955444816379,25.183411731675474,25.17698006457993,25.644303756392905
sensor,1986-07-12 19:65,4007,24.4,24.80909430346862,Core_ZN,4.038461538461539e-09,6.730769230769232e-13,1677.6947468976243,,,24.80909430346862,25.197592860958103,25.173395823027814,25.163616615414984,25.61822468010025
sensor,1986-07-12 20:15,4008,24.316666666666666,24.805988068201586,Core_ZN,4.038461538461539e-09,6.730769230769232e-13,1677.694746897625,,,24.805988068201586,25.185983288059038,25.16359410591368,25.15155469927062,25.595504506364
sensor,1986-07-12 20:25,4009,24.233333333333334,24.803594716429856,Core_ZN,4.038461538461539e-09,6.730769230769232e-13,1677.6947468976257,,,24.803594716429856,25.17441370150182,25.153821944039514,25.14026888777423,25.57514139785406
sensor,1986-07-12 20:30,4010,24.15,24.80032513539221,Core_ZN,4.038461538461539e-09,6.730769230769232e-13,1677.6947468976264,,,24.80032513539221,25.160394826698102,25.141891305744988,25.127201600002095,25.552950946542573
sensor,1986-07-12 20:40,4011,24.066666666666666,24.79720057192122,Core_ZN,4.038461538461539e-09,6.730769230769232e-13,1677.694746897627,,,24.79720057192122,25.14860413146224,25.131779718503267,25.11649630539884,25.536092429555115
sensor,1986-07-12 20:50,4012,23.983333333333334,24.793827586288334,Core_ZN,4.038461538461539e-09,6.730769230769232e-13,1677.6947468976277,,,24.793827586288334,25.136889165551665,25.121698878670323,25.10598901910212,25.520282530828815
sensor,1986-07-12 20:60,4013,23.9,24.790218687273455,Core_ZN,4.038461538461539e-09,6.730769230769232e-13,1677.6947468976284,,,24.790218687273455,25.12520189705674,25.111590529635276,25.09568748834521,25.505274739604342
sensor,1986-07-12 21:10,4014,23.8,24.78564160730655,Core_ZN,4.038461538461539e-09,6.730769230769232e-13,1677.694746897629,,,24.78564160730655,25.11520474500121,25.102689854054397,25.08670466510923,25.49227517253004
sensor,1986-07-12 21:20,4015,23.7,24.77890699149832,Core_ZN,4.038461538461539e-09,6.730769230769232e-13,1677.6947468976298,,,24.77890699149832,25.105846402163056,25.094171516709864,25.078282538713296,25.48021082181739
sensor,1986-07-12 21:30,4016,23.6,24.772651264708706,Core_ZN,4.038461538461539e-09,6.730769230769232e-13,1677.6947468976305,,,24.772651264708706,25.09679168028863,25.08580794971125,25.070168303917583,25.468753798717408
sensor,1986-07-12 21:40,4017,23.5,24.766272820007888,Core_ZN,4.038461538461539e-09,6.730769230769232e-13,1677.6947468976311,,,24.766272820007888,25.087873278885198,25.07748250662418,25.06221880310842,25.457702399683136
sensor,1986-07-12 21:50,4018,23.4,24.759342511531848,Core_ZN,4.038461538461539e-09,6.730769230769232e-13,1677.6947468976318,,,24.759342511531848,25.078994434681483,25.069123705622196,25.05434077605982,25.446912713116305
sensor,1986-07-12 21:60,4019,23.3,24.75228806611424,Core_ZN,4.038461538461539e-09,6.730769230769232e-13,1677.6947468976325,,,24.75228806611424,25.070088888454823,25.060679813570676,25.046465056100455,25.43627095196755
sensor,1986-07-12 22:10,4020,23.3,24.749666462395073,Core_ZN,4.038461538461539e-09,6.730769230769232e-13,1677.6947468976332,,,24.749666462395073,25.06272269125827,25.054288342369496,25.040515740804324,25.4277728458755
sensor,1986-07-12 22:20,4021,23.3,24.74896114283014,Core_ZN,4.038461538461539e-09,6.730769230769232e-13,1677.6947468976339,,,24.74896114283014,25.05589735183608,25.048540709437923,25.035260231373027,25.42000356069598
sensor,1986-07-12 22:30,4022,23.3,24.74913487589206,Core_ZN,4.038461538461539e-09,6.730769230769232e-13,1677.6947468976346,,,24.74913487589206,25.04919316115578,25.042921289487694,25.03020484650338,25.41244210910616
sensor,1986-07-12 22:40,4023,23.3,24.749703694866245,Core_ZN,4.038461538461539e-09,6.730769230769232e-13,1677.6947468976352,,,24.749703694866245,25.04244503258489,25.03724141824477,25.025150622623485,25.40488956663316
sensor,1986-07-12 22:50,4024,23.3,24.750434359457497,Core_ZN,4.038461538461539e-09,6.730769230769232e-13,1677.694746897636,,,24.750434359457497,25.035582912840216,25.031425260724255,25.020009224554634,25.3972556412602
sensor,1986-07-12 22:60,4025,23.3,24.75120753244609,Core_ZN,4.038461538461539e-09,6.730769230769232e-13,1677.6947468976366,,,24.75120753244609,25.028573130708484,25.025437520598306,25.014735512198882,25.389490208259705
sensor,1986-07-12 23:10,4026,23.116666666666667,24.743645582026417,Core_ZN,4.038461538461539e-09,6.730769230769232e-13,1677.6947468976373,,,24.743645582026417,25.01367004940396,25.011178312999053,25.00195335267571,25.37350968756715
sensor,1986-07-12 23:20,4027,22.933333333333334,24.731829966636468,Core_ZN,4.038461538461539e-09,6.730769230769232e-13,1677.694746897638,,,24.731829966636468,24.99544042908352,24.993671000345085,24.98601328449543,25.35446466844361
sensor,1986-07-12 23:30,4028,22.75,24.71815384961432,Core_ZN,4.038461538461539e-09,6.730769230769232e-13,1677.6947468976387,,,24.71815384961432,24.97543495756282,24.974407349223437,24.96829712933338,25.333761832463402
sensor,1986-07-12 23:40,4029,22.566666666666666,24.703244408144137,Core_ZN,4.038461538461539e-09,6.730769230769232e-13,1677.6947468976393,,,24.703244408144137,24.95444429825912,24.953917908509535,24.949468740105505,25.311874259705203
sensor,1986-07-12 23:50,4030,22.383333333333333,24.6873819506254,Core_ZN,4.038461538461539e-09,6.730769230769232e-13,1677.69474689764,,,24.6873819506254,24.93240779277271,24.932406539602663,24.92973999727666,25.288973803560623
sensor,1986-07-12 23:60,4031,22.2,24.67068133838316,Core_ZN,4.038461538461539e-09,6.730769230769232e-13,1677.6947468976407,,,24.67068133838316,24.90948127776935,24.90995785387774,24.909205952032554,25.265126280665132
sensor,1986-07-13 00:10,4032,22.016666666666666,24.65316130631752,Core_ZN,4.038461538461539e-09,6.730769230769232e-13,1677.6947468976414,,,24.65316130631752,24.88506892347956,24.8860186744709,24.88739261728058,25.239762689988854
sensor,1986-07-13 00:20,4033,21.833333333333336,24.63477755254537,Core_ZN,4.038461538461539e-09,6.730769230769232e-13,1677.694746897642,,,24.63477755254537,24.859543963105157,24.860914889798796,24.86459895243203,25.213199362070227
sensor,1986-07-13 00:30,4034,21.65,24.615474569283172,Core_ZN,4.038461538461539e-09,6.730769230769232e-13,1677.6947468976427,,,24.615474569283172,24.833011019123006,24.83471244240451,24.840914180826417,25.18546400115366
sensor,1986-07-13 00:40,4035,21.46666666666667,24.595621132014113,Core_ZN,4.038461538461539e-09,6.730769230769232e-13,1677.6947468976434,,,24.595621132014113,24.805484226426874,24.807379783146512,24.816362680466174,25.156428966168566
sensor,1986-07-13 00:50,4036,21.283333333333335,24.57527515255853,Core_ZN,4.038461538461539e-09,6.730769230769232e-13,1677.694746897644,,,24.57527515255853,24.77691954047323,24.77878967627462,24.790935597230504,25.12578094845028
sensor,1986-07-13 00:60,4037,21.1,24.55441484865066,Core_ZN,4.038461538461539e-09,6.730769230769232e-13,1677.6947468976448,,,24.55441484865066,24.74718932689401,24.748551229368417,24.76459200424075,25.09482678751318
sensor,1986-07-13 01:10,4038,20.916666666666668,24.533012454621513,Core_ZN,4.038461538461539e-09,6.730769230769232e-13,1677.6947468976455,,,24.533012454621513,24.71742174581434,24.718103419972383,24.738420106981312,25.06504505054533
sensor,1986-07-13 01:20,4039,20.733333333333334,24.511013575378414,Core_ZN,4.038461538461539e-09,6.730769230769232e-13,1677.6947468976462,,,24.511013575378414,24.68720685148324,24.68843608625536,24.711684046329104,25.035615319279824
sensor,1986-07-13 01:30,4040,20.55,24.488350509373674,Core_ZN,4.038461538461539e-09,6.730769230769232e-13,1677.6947468976468,,,24.488350509373674,24.65743206061895,24.65931172487287,24.683775013546402,25.00625181805648
sensor,1986-07-13 01:40,4041,20.366666666666667,24.464914301155325,Core_ZN,4.038461538461539e-09,6.730769230769232e-13,1677.6947468976475,,,24.464914301155325,24.627985705606715,24.63046757809708,24.65578689800649,24.976831874896508
sensor,1986-07-13 01:50,4042,20.183333333333334,24.440483485829184,Core_ZN,4.038461538461539e-09,6.730769230769232e-13,1677.6947468976482,,,24.440483485829184,24.59869114591036,24.601664110628395,24.628077073699018,24.947316722412197
sensor,1986-07-13 01:60,4043,20.0,24.41439404921675,Core_ZN,4.038461538461539e-09,6.730769230769232e-13,1677.6947468976489,,,24.41439404921675,24.56937523893769,24.573022556506896,24.600591362408192,24.91763926788466
sensor,1986-07-13 02:10,4044,19.816666666666666,24.38848955720324,Core_ZN,4.038461538461539e-09,6.730769230769232e-13,1677.6947468976496,,,24.38848955720324,24.539615933872277,24.54396099175018,24.572627547940392,24.887108099430968
sensor,1986-07-13 02:20,4045,19.633333333333333,24.363068584258446,Core_ZN,4.038461538461539e-09,6.730769230769232e-13,1677.6947468976502,,,24.363068584258446,24.509685185261585,24.514674972149333,24.54441185434225,24.855997590931675
sensor,1986-07-13 02:30,4046,19.45,24.338074168572696,Core_ZN,4.038461538461539e-09,6.730769230769232e-13,1677.694746897651,,,24.338074168572696,24.47969843810849,24.485188360545518,24.516142715983236,24.82431621270628
sensor,1986-07-13 02:40,4047,19.266666666666666,24.313373288527035,Core_ZN,4.038461538461539e-09,6.730769230769232e-13,1677.6947468976516,,,24.313373288527035,24.44956098273202,24.455488186586784,24.487651622189734,24.79222423158978
sensor,1986-07-13 02:50,4048,19.083333333333332,24.288839684837743,Core_ZN,4.038461538461539e-09,6.730769230769232e-13,1677.6947468976523,,,24.288839684837743,24.4192351372265,24.425556322468886,24.459076992106706,24.759864505690764
sensor,1986-07-13 02:60,4049,18.9,24.26437518445503,Core_ZN,4.038461538461539e-09,6.730769230769232e-13,1677.694746897653,,,24.26437518445503,24.388695646467543,24.39537721177522,24.430355722989866,24.727208737709297
sensor,1986-07-13 03:10,4050,18.8,24.24381217615513,Core_ZN,4.038461538461539e-09,6.730769230769232e-13,1677.6947468976537,,,24.24381217615513,24.3623052393364,24.369445193834487,24.40558933375302,24.69877085301927
sensor,1986-07-13 03:20,4051,18.7,24.224870292985617,Core_ZN,4.038461538461539e-09,6.730769230769232e-13,1677.6947468976543,,,24.224870292985617,24.33730960099236,24.344798960870783,24.38219380159702,24.671694543180678
sensor,1986-07-13 03:30,4052,18.6,24.20663605442928,Core_ZN,4.038461538461539e-09,6.730769230769232e-13,1677.694746897655,,,24.20663605442928,24.312863703848045,24.320614437768384,24.359332708150372,24.645176497008677
sensor,1986-07-13 03:40,4053,18.5,24.188708960000007,Core_ZN,4.038461538461539e-09,6.730769230769232e-13,1677.6947468976557,,,24.188708960000007,24.288652164109678,24.2966069649233,24.33668720174018,24.618902594590107
sensor,1986-07-13 03:50,4054,18.400000000000002,24.170906073611366,Core_ZN,4.038461538461539e-09,6.730769230769232e-13,1677.6947468976564,,,24.170906073611366,24.264542924823306,24.27266378419134,24.314123026556295,24.592741197112588
sensor,1986-07-13 03:60,4055,18.3,24.153137836223674,Core_ZN,4.038461538461539e-09,6.730769230769232e-13,1677.694746897657,,,24.153137836223674,24.240471266953723,24.248730445199346,24.291575247318875,24.566627392876608
sensor,1986-07-13 04:10,4056,18.21666666666667,24.136084763213304,Core_ZN,4.038461538461539e-09,6.730769230769232e-13,1677.6947468976578,,,24.136084763213304,24.21823980552117,24.2264844247155,24.27057501973599,24.542299217376677
sensor,1986-07-13 04:20,4057,18.133333333333333,24.120553005024682,Core_ZN,4.038461538461539e-09,6.730769230769232e-13,1677.6947468976584,,,24.120553005024682,24.196675656664798,24.204792644386487,24.25013230537616,24.518570191888596
sensor,1986-07-13 04:30,4058,18.05,24.104393368315517,Core_ZN,4.038461538461539e-09,6.730769230769232e-13,1677.6947468976591,,,24.104393368315517,24.17545171328755,24.18336942656419,24.22995891052714,24.495139658146346
sensor,1986-07-13 04:40,4059,17.96666666666667,24.08830023065919,Core_ZN,4.038461538461539e-09,6.730769230769232e-13,1677.6947468976598,,,24.08830023065919,24.1651605023795,24.205073646621003,24.235474127818808,24.481476942164118
sensor,1986-07-13 04:50,4060,17.883333333333333,24.073156598788167,Core_ZN,4.038461538461539e-09,6.730769230769232e-13,1677.6947468976605,,,24.073156598788167,24.157588719738456,24.246885623595656,24.250422283116986,24.469967535383656
sensor,1986-07-13 04:60,4061,17.8,24.059405778928337,Core_ZN,4.038461538461539e-09,6.730769230769232e-13,1677.6947468976612,,,24.059405778928337,24.15195879604719,24.29561083834181,24.266853456824975,24.46009116018267
sensor,1986-07-13 05:10,4062,18.066666666666666,24.062903648235853,Core_ZN,4.038461538461539e-09,6.730769230769232e-13,1677.6947468976618,,,24.062903648235853,24.16417376208597,24.356001798976987,24.294608344214783,24.468395057030758
sensor,1986-07-13 05:20,4063,18.333333333333336,24.07268064070406,Core_ZN,4.038461538461539e-09,6.730769230769232e-13,1677.6947468976625,,,24.07268064070406,24.18424707514697,24.420001104759976,24.325934485816592,24.48396372356949
sensor,1986-07-13 05:30,4064,18.6,24.08720586364514,Core_ZN,4.038461538461539e-09,6.730769230769232e-13,1677.6947468976632,,,24.08720586364514,24.209399672309356,24.48793304593889,24.359061259641496,24.504007579636678
sensor,1986-07-13 05:45,4065,18.866666666666667,24.101300735808053,Core_ZN,4.038461538461539e-09,6.730769230769232e-13,1677.694746897664,,,24.101300735808053,24.23396091385242,24.593995078922653,24.402967442822842,24.523696814643543
sensor,1986-07-13 05:55,4066,19.133333333333333,24.121890599554177,Core_ZN,4.038461538461539e-09,6.730769230769232e-13,1677.6947468976646,,,24.121890599554177,24.268224889779855,24.760265562474046,24.46126814172804,24.550541519969904
sensor,1986-07-13 05:65,4067,19.4,24.146161230141367,Core_ZN,4.038461538461539e-09,6.730769230769232e-13,1677.6947468976653,,,24.146161230141367,24.309253741975972,24.986199215871473,24.52493763594919,24.582092701378663
sensor,1986-07-13 06:13,4068,19.683333333333334,24.172470195551355,Core_ZN,4.038461538461539e-09,6.730769230769232e-13,1677.694746897666,,,24.172470195551355,24.351420307076065,25.225717557387064,24.58001810104656,24.613323753600252
sensor,1986-07-13 06:23,4069,19.96666666666667,24.204427552492813,Core_ZN,4.038461538461539e-09,6.730769230769232e-13,1677.6947468976666,,,24.204427552492813,24.401100071293552,25.502205118155782,24.63128479255161,24.648727555451842
sensor,1986-07-13 06:33,4070,20.25,24.239233300535133,Core_ZN,4.038461538461539e-09,6.730769230769232e-13,1677.6947468976673,,,24.239233300535133,24.455499458774824,25.776612037671043,24.675175215120394,24.685961010893198
sensor,1986-07-13 06:43,4071,20.53333333333333,24.274615172792902,Core_ZN,4.038461538461539e-09,6.730769230769232e-13,1677.694746897668,,,24.274615172792902,24.51075443529793,26.009376848362646,24.709279877904958,24.722443590776365
sensor,1986-07-13 06:53,4072,20.81666666666667,24.313439875241365,Core_ZN,4.038461538461539e-09,6.730769230769232e-13,1677.6947468976687,,,24.313439875241365,24.57333731867564,26.23917668870778,24.738797522374053,24.763746974372964
sensor,1986-07-13 06:63,4073,21.1,24.3519278710225,Core_ZN,4.038461538461539e-09,6.730769230769232e-13,1677.6947468976693,,,24.3519278710225,24.63932852486739,26.451705342141818,24.766716447530968,24.806469523247195
sensor,1986-07-13 07:13,4074,21.46666666666667,24.390398305526382,Core_ZN,4.038461538461539e-09,6.730769230769232e-13,1677.69474689767,,,24.390398305526382,24.709007028493264,26.645002823410294,24.80367153288666,24.85297807819377
sensor,1986-07-13 07:23,4075,21.833333333333336,24.430118626797338,Core_ZN,4.038461538461539e-09,6.730769230769232e-13,1677.6947468976707,,,24.430118626797338,24.78010538080934,26.82678059984844,24.849946931555703,24.90399538279805
sensor,1986-07-13 07:33,4076,22.200000000000003,24.47096457881906,Core_ZN,4.038461538461539e-09,6.730769230769232e-13,1677.6947468976714,,,24.47096457881906,24.851045986253734,27.000941012457034,24.901363818904763,24.958955746595564
sensor,1986-07-13 07:42,4077,22.56666666666667,24.51066745255624,Core_ZN,4.038461538461539e-09,6.730769230769232e-13,1677.694746897672,,,24.51066745255624,24.91730907513813,27.155653822507126,24.95306716267802,25.01356742469038
sensor,1986-07-13 07:52,4078,22.933333333333334,24.550574918932416,Core_ZN,627.6780025297884,0.10461300042163138,1677.7993598980936,,,24.550574918932416,24.98159882259883,26.709160252955712,25.005302613007725,25.06842290905611
sensor,1986-07-13 07:62,4079,23.3,24.589704827694987,Core_ZN,632.6074990621597,0.10543458317702661,1677.9047944812705,,,24.589704827694987,25.04300296412781,26.700341265064107,25.056563447484763,25.12342487548726
sensor,1986-07-13 08:12,4080,23.583333333333336,24.626259266864132,Core_ZN,638.7444167690254,0.10645740279483756,1678.0112518840654,,,24.626259266864132,25.100685740103728,26.69995761652715,25.105647720498233,25.17702109025715
sensor,1986-07-13 08:23,4081,23.866666666666667,24.65896332379137,Core_ZN,4.038461538461539e-09,6.730769230769232e-13,1678.011251884066,,,24.65896332379137,25.1526796019011,27.148596212520815,25.150620816308876,25.226469833705412
sensor,1986-07-13 08:32,4082,24.15,24.690357084431295,Core_ZN,654.8061384048124,0.10913435640080206,1678.1203862404668,,,24.690357084431295,25.202543159227467,26.7100979141371,25.194372175428363,25.274821883867766
sensor,1986-07-13 08:42,4083,24.43333333333333,24.721183658669606,Core_ZN,659.4021453512563,0.10990035755854272,1678.2302865980253,,,24.721183658669606,25.2507129130498,26.700558507735668,25.2370687447536,25.32219086079192
sensor,1986-07-13 08:53,4084,24.71666666666667,24.752522693180623,Core_ZN,657.16001874791,0.10952666979131834,1678.3398132678167,,,24.752522693180623,25.299905503416852,26.699968831179,25.280028334716363,25.37053246706962
sensor,1986-07-13 08:63,4085,25.0,24.781906849259403,Core_ZN,4.038461538461539e-09,6.730769230769232e-13,1678.3398132678174,,,24.781906849259403,25.34826745189148,27.193909986975882,25.320118380012566,25.416628460923242
sensor,1986-07-13 09:13,4086,25.183333333333337,24.807738604500628,Core_ZN,642.9042830352248,0.10715071383920413,1678.4469639816566,,,24.807738604500628,25.395156397209885,26.722399001849087,25.35651206999423,25.459349046593566
sensor,1986-07-13 09:23,4087,25.366666666666667,24.83105900742446,Core_ZN,642.4533712618856,0.10707556187698093,1678.5540395435337,,,24.83105900742446,25.441184630041512,26.702224290099885,25.390355603816772,25.499705531543714
sensor,1986-07-13 09:33,4088,25.55,24.85298036211589,Core_ZN,633.5981969244501,0.10559969948740834,1678.659639243021,,,24.85298036211589,25.487075096394644,26.70018781360535,25.42273149901394,25.53919554702852
sensor,1986-07-13 09:43,4089,25.733333333333334,24.873853403529907,Core_ZN,4.038461538461539e-09,6.730769230769232e-13,1678.6596392430217,,,24.873853403529907,25.537275641654396,27.098280821001914,25.453386069697743,25.577455347940475
sensor,1986-07-13 09:55,4090,25.91666666666667,24.895603344410965,Core_ZN,624.3018996931349,0.1040503166155225,1678.7636895596372,,,24.895603344410965,25.5982016213868,26.74005062795992,25.484924814365037,25.61699668776731
sensor,1986-07-13 09:65,4091,26.1,24.91555941264533,Core_ZN,612.3395510085988,0.10205659183476647,1678.865746151472,,,24.91555941264533,25.659617876437874,26.7073586461648,25.5136430106763,25.652878962089503
sensor,1986-07-13 10:15,4092,26.28333333333334,24.93510799820483,Core_ZN,599.0532770974655,0.09984221284957757,1678.9655883643215,,,24.93510799820483,25.722570156444107,26.701337166165324,25.541310980806493,25.687643558061726
sensor,1986-07-13 10:25,4093,26.46666666666667,24.954847876272726,Core_ZN,4.038461538461539e-09,6.730769230769232e-13,1678.9655883643222,,,24.954847876272726,25.786250401981654,26.95068131866731,25.568239602120443,25.721690067169746
sensor,1986-07-13 10:35,4094,26.65,24.974156256000526,Core_ZN,4.038461538461539e-09,6.730769230769232e-13,1678.965588364323,,,24.974156256000526,25.85032334062217,27.047059221728162,25.59483592088408,25.75532029516595
sensor,1986-07-13 10:45,4095,26.833333333333336,24.993318364690722,Core_ZN,4.038461538461539e-09,6.730769230769232e-13,1678.9655883643236,,,24.993318364690722,25.91386475789415,27.012326825033036,25.62069076480845,25.78792301104615
sensor,1986-07-13 10:55,4096,27.016666666666666,25.01249297431555,Core_ZN,4.038461538461539e-09,6.730769230769232e-13,1678.9655883643243,,,25.01249297431555,25.97660474459162,26.934546316703592,25.646009235374045,25.81973871546355
sensor,1986-07-13 10:65,4097,27.2,25.031653379627876,Core_ZN,4.038461538461539e-09,6.730769230769232e-13,1678.965588364325,,,25.031653379627876,26.03836263105995,26.869983080739107,25.671036787722695,25.851127446230997
sensor,1986-07-13 11:15,4098,27.483333333333334,25.05405841976379,Core_ZN,4.038461538461539e-09,6.730769230769232e-13,1678.9655883643256,,,25.05405841976379,26.102951968028236,26.837695843741976,25.699547051811077,25.88629898563962
sensor,1986-07-13 11:25,4099,27.76666666666667,25.07847675427291,Core_ZN,4.038461538461539e-09,6.730769230769232e-13,1678.9655883643263,,,25.07847675427291,26.16833412761641,26.825204584410123,25.730114031436216,25.923512655483144
sensor,1986-07-13 11:35,4100,28.049999999999997,25.103914618465666,Core_ZN,4.038461538461539e-09,6.730769230769232e-13,1678.965588364327,,,25.103914618465666,26.233078415113226,26.82385299840932,25.7617545493097,25.961572555983913
sensor,1986-07-13 11:45,4101,28.333333333333336,25.13010122739327,Core_ZN,4.038461538461539e-09,6.730769230769232e-13,1678.9655883643277,,,25.13010122739327,26.29610194504285,26.830768981038684,25.795393369437917,26.001436806717585
sensor,1986-07-13 11:55,4102,28.616666666666664,25.156878259991757,Core_ZN,4.038461538461539e-09,6.730769230769232e-13,1678.9655883643284,,,25.156878259991757,26.357189050912602,26.844477941710316,25.830691803819416,26.042718228828548
sensor,1986-07-13 11:60,4103,28.9,25.18980171515521,Core_ZN,4.038461538461539e-09,6.730769230769232e-13,1678.965588364329,,,25.18980171515521,26.42750854051447,26.867311149903475,25.87460191542662,26.093351230091354
sensor,1986-07-13 12:10,4104,28.9,25.206986264069027,Core_ZN,4.038461538461539e-09,6.730769230769232e-13,1678.9655883643297,,,25.206986264069027,26.470867439808483,26.878111035286153,25.901152503849016,26.12392974091677
sensor,1986-07-13 12:20,4105,28.900000000000002,25.222463020541003,Core_ZN,4.038461538461539e-09,6.730769230769232e-13,1678.9655883643304,,,25.222463020541003,26.508187738623725,26.88889135703661,25.925431154145087,26.15190350653518
sensor,1986-07-13 12:30,4106,28.9,25.23619635970809,Core_ZN,4.038461538461539e-09,6.730769230769232e-13,1678.965588364331,,,25.23619635970809,26.541387796585695,26.901179518251304,25.94913999648958,26.179091247242184
sensor,1986-07-13 12:40,4107,28.9,25.249308903040408,Core_ZN,4.038461538461539e-09,6.730769230769232e-13,1678.9655883643318,,,25.249308903040408,26.570214735170172,26.91352116788751,25.971296952388634,26.204364210556328
sensor,1986-07-13 12:50,4108,28.9,25.262084193049585,Core_ZN,4.038461538461539e-09,6.730769230769232e-13,1678.9655883643325,,,25.262084193049585,26.594891622864736,26.926428815150377,25.99264766376077,26.228530377008653
sensor,1986-07-13 12:60,4109,28.9,25.274621288916432,Core_ZN,4.038461538461539e-09,6.730769230769232e-13,1678.9655883643331,,,25.274621288916432,26.615520330918788,26.94006350466307,26.013597012113777,26.252016066563833
sensor,1986-07-13 13:10,4110,28.9,25.286986044315338,Core_ZN,4.038461538461539e-09,6.730769230769232e-13,1678.9655883643338,,,25.286986044315338,26.63404636300015,26.953641679351527,26.033665815556425,26.31920727393008
sensor,1986-07-13 13:20,4111,28.900000000000002,25.298272139549617,Core_ZN,4.038461538461539e-09,6.730769230769232e-13,1678.9655883643345,,,25.298272139549617,26.646793223121204,26.967613633251457,26.05364144792152,26.417208438724053
sensor,1986-07-13 13:30,4112,28.9,25.310408905874976,Core_ZN,4.038461538461539e-09,6.730769230769232e-13,1678.9655883643352,,,25.310408905874976,26.655656739009203,26.981937851983066,26.073754898308973,26.535059650579296
sensor,1986-07-13 13:40,4113,28.9,25.322871647164593,Core_ZN,4.038461538461539e-09,6.730769230769232e-13,1678.9655883643359,,,25.322871647164593,26.65976096672166,26.995241249481907,26.092965491518875,26.667684909287175
sensor,1986-07-13 13:50,4114,28.9,25.335354497046026,Core_ZN,4.038461538461539e-09,6.730769230769232e-13,1678.9655883643366,,,25.335354497046026,26.659544520736745,27.007609482489727,26.111460310062,26.81279721913915
sensor,1986-07-13 13:60,4115,28.9,25.348435243165817,Core_ZN,4.038461538461539e-09,6.730769230769232e-13,1678.9655883643372,,,25.348435243165817,26.655378327106472,27.0192622165731,26.129537120096092,26.968633560519045
sensor,1986-07-13 14:10,4116,28.9,25.36193937555047,Core_ZN,4.038461538461539e-09,6.730769230769232e-13,1678.965588364338,,,25.36193937555047,26.647565300813543,27.03005438304894,26.14722395499077,27.134644261457094
sensor,1986-07-13 14:20,4117,28.900000000000002,25.37520091124216,Core_ZN,4.038461538461539e-09,6.730769230769232e-13,1678.9655883643386,,,25.37520091124216,26.636366613712923,27.040190603303298,26.164372350543143,27.309567022277477
sensor,1986-07-13 14:35,4118,28.9,25.386623231940476,Core_ZN,700.2500493617645,0.11670834156029408,1679.082296705899,,,25.386623231940476,26.632664235163915,27.04778127815351,26.17831247620061,26.77606564442513
sensor,1986-07-13 14:40,4119,28.9,25.403940938438957,Core_ZN,681.6431045292412,0.11360718408820687,1679.195903889987,,,25.403940938438957,26.629047985280234,27.056808718881637,26.197882179752728,26.709079459600698
sensor,1986-07-13 14:50,4120,28.9,25.41840843744144,Core_ZN,692.3753515450718,0.11539589192417862,1679.3112997819112,,,25.41840843744144,26.626849653787705,27.062584696977744,26.213278112741207,26.703282105478706
sensor,1986-07-13 14:63,4121,28.9,25.428916801634724,Core_ZN,4.038461538461539e-09,6.730769230769232e-13,1679.3112997819119,,,25.428916801634724,26.62566006319257,27.065997783316682,26.224165843246993,27.342622396772843
sensor,1986-07-13 15:13,4122,28.799999999999997,25.440597516853177,Core_ZN,733.7461316407065,0.12229102194011773,1679.433590803852,,,25.440597516853177,26.620716072410477,27.06612316930992,26.23536455186961,26.728191381665155
sensor,1986-07-13 15:25,4123,28.700000000000003,25.451263902995052,Core_ZN,737.2696949107761,0.12287828248512934,1679.556469086337,,,25.451263902995052,26.61535259867678,27.06262930818817,26.244684966288567,26.705237422051056
sensor,1986-07-13 15:35,4124,28.6,25.460229682228494,Core_ZN,739.9982000597045,0.12333303334328408,1679.6798021196803,,,25.460229682228494,26.611104189670012,27.057478391043322,26.25174881608402,26.7008281323292
sensor,1986-07-13 15:42,4125,28.5,25.467489942634785,Core_ZN,4.038461538461539e-09,6.730769230769232e-13,1679.679802119681,,,25.467489942634785,26.606760765255448,27.051116569071763,26.25625192529545,27.452810173394766
sensor,1986-07-13 15:53,4126,28.400000000000002,25.475505839204047,Core_ZN,731.5450784045082,0.1219241797340847,1679.8017262994151,,,25.475505839204047,26.60123047334836,27.041959482317832,26.26000302590884,26.73158688182008
sensor,1986-07-13 15:65,4127,28.3,25.483489405762008,Core_ZN,761.0043064610004,0.12683405107683338,1679.928560350492,,,25.483489405762008,26.59540544857886,27.030784144149404,26.262627864394076,26.705686934687805
sensor,1986-07-13 16:15,4128,28.300000000000004,25.49338090969181,Core_ZN,756.8681959452341,0.1261446993242057,1680.0547050498162,,,25.49338090969181,26.59377223778489,27.02320245511993,26.267369872451464,26.700871335729843
sensor,1986-07-13 16:23,4129,28.300000000000004,25.503022346513468,Core_ZN,4.038461538461539e-09,6.730769230769232e-13,1680.054705049817,,,25.503022346513468,26.59389879102649,27.017346320953912,26.272085329519015,27.523541633202896
sensor,1986-07-13 16:33,4130,28.3,25.514614414879112,Core_ZN,722.2192537250463,0.12036987562084106,1680.1750749254377,,,25.514614414879112,26.594774081965955,27.010338052535772,26.277670737356345,26.734896213916038
sensor,1986-07-13 16:43,4131,28.300000000000004,25.52609837592293,Core_ZN,767.7784193694106,0.12796306989490175,1680.3030379953325,,,25.52609837592293,26.596217902914574,27.003314994473946,26.283516357137394,26.7031940271642
sensor,1986-07-13 16:53,4132,28.3,25.537323014365683,Core_ZN,757.4765721638557,0.12624609536064263,1680.429284090693,,,25.537323014365683,26.593983344408507,26.993040553607656,26.28641443891827,26.700231526158106
sensor,1986-07-13 16:63,4133,28.3,25.547732970396265,Core_ZN,4.038461538461539e-09,6.730769230769232e-13,1680.4292840906937,,,25.547732970396265,26.590825362274018,26.98270072383381,26.290420385563387,27.538607205776387
sensor,1986-07-13 17:13,4134,28.116666666666667,25.554224505657288,Core_ZN,713.7409096413489,0.11895681827355815,1680.5482409089673,,,25.554224505657288,26.58131553926621,26.965432151773555,26.300255197298057,26.73559708328682
sensor,1986-07-13 17:23,4135,27.933333333333337,25.558200172756166,Core_ZN,750.706868595068,0.12511781143251133,1680.6733587203998,,,25.558200172756166,26.567600809126926,26.94446954622795,26.31748770784803,26.70328030708081
sensor,1986-07-13 17:33,4136,27.75,25.562199071607736,Core_ZN,740.6895392808187,0.12344825654680311,1680.7968069769468,,,25.562199071607736,26.551194376907006,26.92209304417328,26.341140619700415,26.700246168841147
sensor,1986-07-13 17:43,4137,27.56666666666667,25.56615984428651,Core_ZN,4.038461538461539e-09,6.730769230769232e-13,1680.7968069769474,,,25.56615984428651,26.532333857279212,26.89936593747262,26.364093163593605,27.496676319952922
sensor,1986-07-13 17:53,4138,27.383333333333333,25.570353146988797,Core_ZN,673.9783518205603,0.11232972530342672,1680.9091367022509,,,25.570353146988797,26.509531034372124,26.87438071853147,26.386301178932186,26.73344995402631
sensor,1986-07-13 17:63,4139,27.2,25.573827813567938,Core_ZN,706.0655082736554,0.11767758471227588,1681.0268142869631,,,25.573827813567938,26.486486213673484,26.84992707109145,26.398144119433603,26.70312249761406
sensor,1986-07-13 18:13,4140,26.933333333333334,25.573025127030522,Core_ZN,681.6751506161376,0.1136125251026896,1681.140426812066,,,25.573025127030522,26.458897809124018,26.821907509734515,26.396809039892915,26.70024946696122
sensor,1986-07-13 18:23,4141,26.66666666666667,25.56789939806791,Core_ZN,4.038461538461539e-09,6.730769230769232e-13,1681.1404268120666,,,25.56789939806791,26.426213196774793,26.790377958241333,26.3843608210912,27.29440308324086
sensor,1986-07-13 18:33,4142,26.4,25.559576203450987,Core_ZN,613.6425731938366,0.10227376219897277,1681.2427005742657,,,25.559576203450987,26.38840593644219,26.755539904688124,26.354521648469234,26.726773105223636
sensor,1986-07-13 18:43,4143,26.133333333333333,25.548580327276248,Core_ZN,624.0648878584938,0.10401081464308229,1681.3467113889087,,,25.548580327276248,26.348060678231366,26.7182687494369,26.31980251652066,26.702545724003595
sensor,1986-07-13 18:53,4144,25.866666666666667,25.534974103014346,Core_ZN,604.3863695992793,0.10073106159987988,1681.4474424505086,,,25.534974103014346,26.30519556665238,26.679402207670318,26.285786570320663,26.70022602354687
sensor,1986-07-13 18:63,4145,25.6,25.5189788060887,Core_ZN,4.038461538461539e-09,6.730769230769232e-13,1681.4474424505092,,,25.5189788060887,26.259472073965497,26.638932599656073,26.246405461783688,27.009105694930184
sensor,1986-07-13 19:13,4146,25.21666666666667,25.49750456592451,Core_ZN,4.038461538461539e-09,6.730769230769232e-13,1681.44744245051,,,25.49750456592451,26.208554648629452,26.593031703965938,26.195585311861084,27.160227010657287
sensor,1986-07-13 19:23,4147,24.833333333333336,25.471353431451966,Core_ZN,4.038461538461539e-09,6.730769230769232e-13,1681.4474424505106,,,25.471353431451966,26.153190774530916,26.541873701574346,26.12929961268207,27.13408890384266
sensor,1986-07-13 19:33,4148,24.450000000000003,25.441528503398693,Core_ZN,4.038461538461539e-09,6.730769230769232e-13,1681.4474424505113,,,25.441528503398693,26.09212209717821,26.484555234023972,26.04143604063368,27.019121832621742
sensor,1986-07-13 19:43,4149,24.06666666666667,25.408174838579807,Core_ZN,4.038461538461539e-09,6.730769230769232e-13,1681.447442450512,,,25.408174838579807,26.031568266302905,26.426672749443433,25.96004566222937,26.900865820968768
sensor,1986-07-13 19:53,4150,23.683333333333334,25.371266171075327,Core_ZN,4.038461538461539e-09,6.730769230769232e-13,1681.4474424505127,,,25.371266171075327,25.974114920260543,26.370329182407495,25.89184240401362,26.79966484924083
sensor,1986-07-13 19:63,4151,23.3,25.332334263541995,Core_ZN,4.038461538461539e-09,6.730769230769232e-13,1681.4474424505133,,,25.332334263541995,25.91801776002881,26.31384277027558,25.830669995394217,26.708059044205953
sensor,1986-07-13 20:13,4152,23.033333333333335,25.296703053104373,Core_ZN,4.038461538461539e-09,6.730769230769232e-13,1681.447442450514,,,25.296703053104373,25.867062174150465,26.26088598902721,25.77705471083519,26.62883964038614
sensor,1986-07-13 20:25,4153,22.766666666666666,25.262602086616326,Core_ZN,4.038461538461539e-09,6.730769230769232e-13,1681.4474424505147,,,25.262602086616326,25.816486535106137,26.20833166895229,25.725368968992356,26.555876181092824
sensor,1986-07-13 20:35,4154,22.5,25.232182821649005,Core_ZN,4.038461538461539e-09,6.730769230769232e-13,1681.4474424505154,,,25.232182821649005,25.771055336839467,26.16239004241703,25.680454242222183,26.495457436221173
sensor,1986-07-13 20:45,4155,22.233333333333334,25.20212508765265,Core_ZN,4.038461538461539e-09,6.730769230769232e-13,1681.447442450516,,,25.20212508765265,25.725764419853967,26.118138855997678,25.637306555258355,26.439996339985626
sensor,1986-07-13 20:55,4156,21.966666666666665,25.17226914049093,Core_ZN,4.038461538461539e-09,6.730769230769232e-13,1681.4474424505167,,,25.17226914049093,25.68151579701545,26.074998464354042,25.595155488868556,26.38828246781837
sensor,1986-07-13 20:65,4157,21.7,25.14246106761776,Core_ZN,4.038461538461539e-09,6.730769230769232e-13,1681.4474424505174,,,25.14246106761776,25.638355230582373,26.032615830578678,25.553087725772684,26.3394791085056
sensor,1986-07-13 21:15,4158,21.516666666666666,25.11555527066551,Core_ZN,4.038461538461539e-09,6.730769230769232e-13,1681.447442450518,,,25.11555527066551,25.600290236541976,25.99411456489048,25.514977164538124,26.29624004018391
sensor,1986-07-13 21:25,4159,21.333333333333336,25.08965967772344,Core_ZN,4.038461538461539e-09,6.730769230769232e-13,1681.4474424505188,,,25.08965967772344,25.565124640964427,25.95792187827801,25.480498194289495,26.25660328647099
sensor,1986-07-13 21:35,4160,21.15,25.064867138945278,Core_ZN,4.038461538461539e-09,6.730769230769232e-13,1681.4474424505195,,,25.064867138945278,25.531403142576444,25.922837459858375,25.44822377882068,26.219180405619404
sensor,1986-07-13 21:45,4161,20.96666666666667,25.040683691958773,Core_ZN,4.038461538461539e-09,6.730769230769232e-13,1681.4474424505202,,,25.040683691958773,25.498541667120815,25.888334045526527,25.4173381247539,26.183255236361347
sensor,1986-07-13 21:55,4162,20.783333333333335,25.016542848893124,Core_ZN,4.038461538461539e-09,6.730769230769232e-13,1681.4474424505208,,,25.016542848893124,25.46619574014758,25.85414038563703,25.38735574654754,26.14835418842054
sensor,1986-07-13 21:65,4163,20.6,24.992021932334133,Core_ZN,4.038461538461539e-09,6.730769230769232e-13,1681.4474424505215,,,24.992021932334133,25.43417940992753,25.820117563730008,25.357992314056773,26.11418694490017
sensor,1986-07-13 22:15,4164,20.316666666666666,24.962754094821257,Core_ZN,4.038461538461539e-09,6.730769230769232e-13,1681.4474424505222,,,24.962754094821257,25.39842752996769,25.78204585361788,25.325360559943462,26.076509170972724
sensor,1986-07-13 22:20,4165,20.033333333333335,24.92406495422076,Core_ZN,4.038461538461539e-09,6.730769230769232e-13,1681.4474424505229,,,24.92406495422076,25.352533940266994,25.733292252007274,25.283475902324625,26.02909677966686
sensor,1986-07-13 22:30,4166,19.75,24.891978309604458,Core_ZN,4.038461538461539e-09,6.730769230769232e-13,1681.4474424505236,,,24.891978309604458,25.313168951229713,25.691434499214683,25.247523159975962,25.988565297971025
sensor,1986-07-13 22:40,4167,19.466666666666665,24.86013026619309,Core_ZN,4.038461538461539e-09,6.730769230769232e-13,1681.4474424505242,,,24.86013026619309,25.273080966094735,25.6489192842163,25.210873391163815,25.947483744826407
sensor,1986-07-13 22:50,4168,19.183333333333334,24.828531508645213,Core_ZN,4.038461538461539e-09,6.730769230769232e-13,1681.447442450525,,,24.828531508645213,25.232402869179605,25.605980775132863,25.17397339102292,25.905840887873556
sensor,1986-07-13 22:60,4169,18.9,24.797097998443363,Core_ZN,4.038461538461539e-09,6.730769230769232e-13,1681.4474424505256,,,24.797097998443363,25.191454740937253,25.56260901714808,25.136867046327865,25.86359263765938
sensor,1986-07-13 23:10,4170,18.8,24.84489487251846,Core_ZN,4.038461538461539e-09,6.730769230769232e-13,1681.4474424505263,,,24.84489487251846,25.226825413480057,25.594222740551285,25.176106804194774,25.89584403177767
sensor,1986-07-13 23:20,4171,18.7,24.858786013605023,Core_ZN,4.038461538461539e-09,6.730769230769232e-13,1681.447442450527,,,24.858786013605023,25.225154291818644,25.587356800211953,25.178564625766278,25.888181330913454
sensor,1986-07-13 23:30,4172,18.6,24.858734123861492,Core_ZN,4.038461538461539e-09,6.730769230769232e-13,1681.4474424505277,,,24.858734123861492,25.211510713869774,25.569593223837934,25.168696677120494,25.870366287775482
sensor,1986-07-13 23:40,4173,18.5,24.852457962241637,Core_ZN,4.038461538461539e-09,6.730769230769232e-13,1681.4474424505283,,,24.852457962241637,25.193144255160714,25.54787828505908,25.153809132070375,25.849092593971623
sensor,1986-07-13 23:50,4174,18.400000000000002,24.843173653424607,Core_ZN,4.038461538461539e-09,6.730769230769232e-13,1681.447442450529,,,24.843173653424607,25.172779961123474,25.524542237158943,25.136733704290933,25.826348945989665
sensor,1986-07-13 23:60,4175,18.3,24.832278242853732,Core_ZN,4.038461538461539e-09,6.730769230769232e-13,1681.4474424505297,,,24.832278242853732,25.151442316527802,25.50036761815346,25.118546062540766,25.802737440841966
sensor,1986-07-14 00:10,4176,18.3,24.825082776464487,Core_ZN,4.038461538461539e-09,6.730769230769232e-13,1681.4474424505304,,,24.825082776464487,25.134813486089758,25.481120520192608,25.10466890693669,25.783863502277658
sensor,1986-07-14 00:20,4177,18.3,24.819195086320125,Core_ZN,4.038461538461539e-09,6.730769230769232e-13,1681.447442450531,,,24.819195086320125,25.119573469387873,25.463169592022254,25.092081358949017,25.766039263315825
sensor,1986-07-14 00:30,4178,18.3,24.813747173738907,Core_ZN,4.038461538461539e-09,6.730769230769232e-13,1681.4474424505318,,,24.813747173738907,25.104837494448386,25.445659961906973,25.079913191311846,25.74849845968415
sensor,1986-07-14 00:40,4179,18.3,24.808388873041935,Core_ZN,4.038461538461539e-09,6.730769230769232e-13,1681.4474424505324,,,24.808388873041935,25.09028854922927,25.42830877910435,25.067851826366397,25.730997275720572
sensor,1986-07-14 00:50,4180,18.3,24.802975796659453,Core_ZN,4.038461538461539e-09,6.730769230769232e-13,1681.4474424505331,,,24.802975796659453,25.075804667155392,25.41101174667463,25.055776111372367,25.713449812327305
sensor,1986-07-14 00:60,4181,18.3,24.79744649300108,Core_ZN,4.038461538461539e-09,6.730769230769232e-13,1681.4474424505338,,,24.79744649300108,25.06132933722762,25.393720556285174,25.044032975562732,25.69581685549128
sensor,1986-07-14 01:10,4182,18.21666666666667,24.787918407567,Core_ZN,4.038461538461539e-09,6.730769230769232e-13,1681.4474424505345,,,24.787918407567,25.04198094808592,25.371926633986295,25.027927891348874,25.67370169819393
sensor,1986-07-14 01:20,4183,18.133333333333333,24.776572264988374,Core_ZN,4.038461538461539e-09,6.730769230769232e-13,1681.4474424505352,,,24.776572264988374,25.021456092269347,25.348702922634843,25.010185738608435,25.650190768673816
sensor,1986-07-14 01:30,4184,18.05,24.764232833843014,Core_ZN,4.038461538461539e-09,6.730769230769232e-13,1681.4474424505358,,,24.764232833843014,25.000240077748213,25.324734302185675,24.99159430057423,25.62589917507334
sensor,1986-07-14 01:40,4185,17.96666666666667,24.751251967594442,Core_ZN,4.038461538461539e-09,6.730769230769232e-13,1681.4474424505365,,,24.751251967594442,24.978534336591917,25.300244629438343,24.972431107224807,25.60102687922617
sensor,1986-07-14 01:50,4186,17.883333333333333,24.73778726971255,Core_ZN,4.038461538461539e-09,6.730769230769232e-13,1681.4474424505372,,,24.73778726971255,24.956425312385424,25.275312238877888,24.952808822832598,25.57565342674703
sensor,1986-07-14 01:60,4187,17.8,24.723915446429576,Core_ZN,4.038461538461539e-09,6.730769230769232e-13,1681.447442450538,,,24.723915446429576,24.933957504002816,25.24994848877677,24.93278234845901,25.54982165034183
sensor,1986-07-14 02:10,4188,17.7,24.708906887076772,Core_ZN,4.038461538461539e-09,6.730769230769232e-13,1681.4474424505386,,,24.708906887076772,24.910144497789112,25.223221083878613,24.911431774042118,25.52249193297068
sensor,1986-07-14 02:20,4189,17.6,24.693239255442588,Core_ZN,4.038461538461539e-09,6.730769230769232e-13,1681.4474424505393,,,24.693239255442588,24.885661935940128,25.195893923993868,24.88938838946821,25.49440412842112
sensor,1986-07-14 02:30,4190,17.5,24.67709435985765,Core_ZN,4.038461538461539e-09,6.730769230769232e-13,1681.44744245054,,,24.67709435985765,24.8607015315568,25.168150615277487,24.866840518556153,25.46573595064882
sensor,1986-07-14 02:40,4191,17.4,24.66055315243672,Core_ZN,4.038461538461539e-09,6.730769230769232e-13,1681.4474424505406,,,24.66055315243672,24.835339887578773,25.140054609678952,24.843866279259633,25.436551528096604
sensor,1986-07-14 02:50,4192,17.3,24.643656212143725,Core_ZN,4.038461538461539e-09,6.730769230769232e-13,1681.4474424505413,,,24.643656212143725,24.809616198040775,25.111634958347807,24.820506287576716,25.40685709818106
sensor,1986-07-14 02:60,4193,17.2,24.626427580400996,Core_ZN,4.038461538461539e-09,6.730769230769232e-13,1681.447442450542,,,24.626427580400996,24.783556693612347,25.08291045867076,24.796787833000046,25.376701863134794
sensor,1986-07-14 03:10,4194,17.2,24.613411607923197,Core_ZN,4.038461538461539e-09,6.730769230769232e-13,1681.4474424505427,,,24.613411607923197,24.764133691035916,25.06080039897626,24.779092627537246,25.35327983191363
sensor,1986-07-14 03:20,4195,17.2,24.601943056009024,Core_ZN,4.038461538461539e-09,6.730769230769232e-13,1681.4474424505433,,,24.601943056009024,24.746787913643892,25.04058565583629,24.763291177649773,25.33183951416746
sensor,1986-07-14 03:30,4196,17.2,24.591117966221226,Core_ZN,4.038461538461539e-09,6.730769230769232e-13,1681.447442450544,,,24.591117966221226,24.730387146153188,25.021214543666712,24.748323570022208,25.311273883743333
sensor,1986-07-14 03:40,4197,17.2,24.580582316410126,Core_ZN,4.038461538461539e-09,6.730769230769232e-13,1681.4474424505447,,,24.580582316410126,24.71454395443767,25.002348322678923,24.733819951116374,25.29121121886853
sensor,1986-07-14 03:50,4198,17.2,24.570189014807255,Core_ZN,4.038461538461539e-09,6.730769230769232e-13,1681.4474424505454,,,24.570189014807255,24.699099405136472,24.983853858509207,24.719629683823413,25.271503947090363
sensor,1986-07-14 03:60,4199,17.2,24.55987049926925,Core_ZN,4.038461538461539e-09,6.730769230769232e-13,1681.447442450546,,,24.55987049926925,24.68397242109359,24.965663190287604,24.705678077767462,25.252078649190928
sensor,1986-07-14 04:10,4200,17.383333333333333,24.56925978340566,Core_ZN,4.038461538461539e-09,6.730769230769232e-13,1681.4474424505468,,,24.56925978340566,24.689458706125205,24.968174413251074,24.711645863942948,25.25345493774331
sensor,1986-07-14 04:20,4201,17.566666666666666,24.5799884367868,Core_ZN,4.038461538461539e-09,6.730769230769232e-13,1681.4474424505474,,,24.5799884367868,24.69464462892138,24.970057880185323,24.717196736337144,25.25451964203347
sensor,1986-07-14 04:30,4202,17.75,24.589481481316163,Core_ZN,4.038461538461539e-09,6.730769230769232e-13,1681.4474424505481,,,24.589481481316163,24.69943182191954,24.97150094434631,24.722228256962755,25.254889987150086
sensor,1986-07-14 04:40,4203,17.933333333333334,24.599073629541156,Core_ZN,4.038461538461539e-09,6.730769230769232e-13,1681.4474424505488,,,24.599073629541156,24.715487385807478,25.02035357458838,24.7538521379223,25.263973244728398
sensor,1986-07-14 04:50,4204,18.116666666666667,24.609975151101764,Core_ZN,4.038461538461539e-09,6.730769230769232e-13,1681.4474424505495,,,24.609975151101764,24.733875591348646,25.084589797163858,24.793488770793385,25.275395337910794
sensor,1986-07-14 04:65,4205,18.3,24.620051513204032,Core_ZN,4.038461538461539e-09,6.730769230769232e-13,1681.4474424505502,,,24.620051513204032,24.750773130837196,25.144920771219308,24.828280442041788,25.286431411043722
sensor,1986-07-14 05:13,4206,18.483333333333334,24.020656154777356,Core_ZN,3641.0602570710203,0.6068433761785034,1682.0542858267286,,,24.020656154777356,24.02680754738252,24.06872606837951,24.030614026009133,24.076000965297972
sensor,1986-07-14 05:25,4207,18.666666666666668,24.002244495207965,Core_ZN,3905.1621089295145,0.6508603514882524,1682.7051461782169,,,24.002244495207965,24.003076414088255,24.01242745049963,24.003570204180832,24.013381578138464
sensor,1986-07-14 05:35,4208,18.85,24.000099066060375,Core_ZN,3832.4178667589504,0.6387363111264917,1683.3438824893433,,,24.000099066060375,24.000190783438182,24.001941346083818,24.000236674633605,24.00206310562431
sensor,1986-07-14 05:45,4209,19.03333333333333,23.99987361277063,Core_ZN,3789.0952297287363,0.631515871621456,1683.9753983609648,,,23.99987361277063,23.999871298683406,24.00018564146392,23.99985744087878,24.000203676974408
sensor,1986-07-14 05:55,4210,19.21666666666667,23.999858531802634,Core_ZN,3759.7729110267487,0.6266288185044581,1684.6020271794694,,,23.999858531802634,23.99984313810662,23.99989755520513,23.99982493475812,23.99990777687179
sensor,1986-07-14 05:65,4211,19.4,23.999865030823706,Core_ZN,3738.2931739959627,0.6230488623326604,1685.225076041802,,,23.999865030823706,23.99984645867918,23.999854728742015,23.999831376621124,23.999868877792263
sensor,1986-07-14 06:13,4212,19.6,23.99994789933926,Core_ZN,3499.5170753546745,0.5832528458924457,1685.8083288876944,,,23.99994789933926,23.999942762106617,23.99989706096585,23.99993794129686,23.99992706949603
sensor,1986-07-14 06:23,4213,19.8,23.99994759788467,Core_ZN,3541.488180892418,0.5902480301487363,1686.3985769178432,,,23.99994759788467,23.999951286711354,23.999924384068905,23.999950701971127,23.999946631559034
sensor,1986-07-14 06:33,4214,20.0,23.999947973337672,Core_ZN,3575.850486944241,0.5959750811573734,1686.9945519990006,,,23.999947973337672,23.9999527926862,23.99992937505084,23.99995482668095,23.999951006996014
sensor,1986-07-14 06:43,4215,20.200000000000003,23.999948739598715,Core_ZN,3615.132670946326,0.6025221118243876,1687.597074110825,,,23.999948739598715,23.999953674588223,23.999927529833247,23.999957786155804,23.99995329502487
sensor,1986-07-14 06:53,4216,20.4,23.999949432713613,Core_ZN,3656.7368892517184,0.6094561482086197,1688.2065302590336,,,23.999949432713613,23.999954237362104,23.999923698849297,23.99996035246082,23.99995504242224
sensor,1986-07-14 06:63,4217,20.6,23.999950029166328,Core_ZN,3700.869499148252,0.6168115831913753,1688.8233418422249,,,23.999950029166328,23.99995467715827,23.999918901730304,23.999962107428274,23.99995620680034
sensor,1986-07-14 07:13,4218,20.783333333333335,23.99958518593871,Core_ZN,4638.451347564724,0.7730752245941206,1689.596417066819,,,23.99958518593871,23.9996184728659,23.999670671708827,23.9996531551657,23.99974864449616
sensor,1986-07-14 07:23,4219,20.96666666666667,23.99961684987799,Core_ZN,4804.39891543042,0.8007331525717367,1690.3971502193906,,,23.99961684987799,23.999636264939767,23.99966082524609,23.999673277868304,23.999765816863434
sensor,1986-07-14 07:33,4220,21.15,23.999599621452713,Core_ZN,4911.67569563932,0.8186126159398867,1691.2157628353305,,,23.999599621452713,23.99962680154166,23.999644742339378,23.999661694927923,23.99975605069386
sensor,1986-07-14 07:43,4221,21.333333333333332,23.999582793527285,Core_ZN,5000.533987278739,0.833422331213123,1692.0491851665436,,,23.999582793527285,23.99960943375949,23.99963475798905,23.99964575688355,23.999745442007615
sensor,1986-07-14 07:53,4222,21.516666666666666,23.99957030094117,Core_ZN,5077.875177849631,0.8463125296416051,1692.8954976961852,,,23.99957030094117,23.999596006264706,23.99963053328587,23.999633304201396,23.999736949672123
sensor,1986-07-14 07:62,4223,21.7,23.999561237625322,Core_ZN,5139.997416981959,0.8566662361636597,1693.7521639323488,,,23.999561237625322,23.999586436287224,23.999640249431707,23.99962412829749,23.999730411950825
sensor,1986-07-14 08:12,4224,21.883333333333333,23.999559270961218,Core_ZN,5202.939382681657,0.8671565637802761,1694.6193204961291,,,23.999559270961218,23.999584068469307,23.99964606065104,23.999621708400095,23.999727942790663
sensor,1986-07-14 08:23,4225,22.06666666666667,23.9994227469777,Core_ZN,5264.270530371831,0.8773784217286386,1695.4966989178579,,,23.9994227469777,23.999451110524696,23.999552161668447,23.999502668206013,23.99964396189553
sensor,1986-07-14 08:33,4226,22.25,23.999429672947098,Core_ZN,5321.61554825802,0.88693592470967,1696.3836348425675,,,23.999429672947098,23.99947099391112,23.99956637887429,23.999517613463865,23.99965242429332
sensor,1986-07-14 08:43,4227,22.433333333333334,23.999428425735786,Core_ZN,5378.552409894526,0.8964254016490877,1697.2800602442167,,,23.999428425735786,23.999472931081634,23.99956050732004,23.999518592559127,23.999651976741845
sensor,1986-07-14 08:53,4228,22.616666666666667,23.999427053264583,Core_ZN,5437.910367834547,0.9063183946390911,1698.1863786388558,,,23.999427053264583,23.999474791362303,23.999543202115916,23.999519726944065,23.99965153274826
sensor,1986-07-14 08:62,4229,22.8,23.999543159371303,Core_ZN,5489.563623664298,0.9149272706107162,1699.1013059094664,,,23.999543159371303,23.99957097428889,23.99962128654614,23.999609915843816,23.999713867406893
sensor,1986-07-14 09:12,4230,22.883333333333333,23.999554019779257,Core_ZN,5522.473905959785,0.9204123176599641,1700.0217182271265,,,23.999554019779257,23.99958731498057,23.999635295997948,23.999624624650814,23.999724256389158
sensor,1986-07-14 09:23,4231,22.96666666666667,23.99955628106968,Core_ZN,5557.317882041081,0.9262196470068469,1700.9479378741332,,,23.99955628106968,23.99959100789921,23.999633987322316,23.999629326752583,23.999726895897634
sensor,1986-07-14 09:32,4232,23.05,23.999558047563415,Core_ZN,5586.820959872653,0.9311368266454421,1701.8790747007786,,,23.999558047563415,23.9995925173362,23.999640409748185,23.99963231355473,23.999728273692295
sensor,1986-07-14 09:42,4233,23.133333333333333,23.99955932947365,Core_ZN,5615.628505020672,0.9359380841701119,1702.8150127849487,,,23.99955932947365,23.99958805928248,23.999652378564612,23.999633143815366,23.999728234618743
sensor,1986-07-14 09:53,4234,23.21666666666667,23.99956008818735,Core_ZN,5644.510456218481,0.94075174270308,1703.7557645276518,,,23.99956008818735,23.999580406583245,23.999664770063685,23.99963310058628,23.999727591712997
sensor,1986-07-14 09:63,4235,23.3,23.99944489768962,Core_ZN,5672.717634739937,0.9454529391233228,1704.701217466775,,,23.99944489768962,23.999457978924063,23.99961358294364,23.99953901511886,23.99966265341493
sensor,1986-07-14 10:13,4236,23.400000000000002,23.999414977624223,Core_ZN,5694.177145022135,0.9490295241703557,1705.6502469909453,,,23.999414977624223,23.999421986001273,23.99959065021897,23.999509053699192,23.99963938178156
sensor,1986-07-14 10:23,4237,23.5,23.999516030184324,Core_ZN,5713.299762985424,0.9522166271642374,1706.6024636181096,,,23.999516030184324,23.999500401804397,23.99967970821423,23.999586556768516,23.99969416301668
sensor,1986-07-14 10:32,4238,23.6,23.999504856789944,Core_ZN,5729.4519486854415,0.9549086581142402,1707.5573722762238,,,23.999504856789944,23.999491664516142,23.999682783825918,23.999581719998442,23.999693717100648
sensor,1986-07-14 10:42,4239,23.7,23.999493877304968,Core_ZN,5731.058780406386,0.9551764634010644,1708.512548739625,,,23.999493877304968,23.999482082170463,23.999692889917636,23.99957643870583,23.99969035782874
sensor,1986-07-14 10:53,4240,23.8,23.999333549573162,Core_ZN,5729.056399311066,0.954842733218511,1709.4673914728435,,,23.999333549573162,23.999315170799207,23.999631756023717,23.99944442621833,23.999593470719546
sensor,1986-07-14 10:63,4241,23.9,23.999337381768527,Core_ZN,5729.036034775371,0.9548393391292285,1710.4222308119727,,,23.999337381768527,23.999340314637028,23.99963106246367,23.9994600540429,23.99961009429829
sensor,1986-07-14 11:15,4242,23.983333333333334,23.999329832400356,Core_ZN,5472.971437623953,0.9121619062706587,1711.3343927182434,,,23.999329832400356,23.99932265360287,23.999647022091274,23.99946515339363,23.9996026298019
sensor,1986-07-14 11:20,4243,24.066666666666666,23.99907525893085,Core_ZN,5468.559461437853,0.9114265769063088,1712.2458192951497,,,23.99907525893085,23.999160428778694,23.99957548747379,23.99932803272512,23.99954494008458
sensor,1986-07-14 11:30,4244,24.15,23.99904570597211,Core_ZN,5466.056249739926,0.9110093749566542,1713.1568286701063,,,23.99904570597211,23.99921343435309,23.999583591946077,23.999365972879797,23.999566013748897
sensor,1986-07-14 11:40,4245,24.233333333333334,23.99905501585181,Core_ZN,5472.640481871148,0.9121067469785246,1714.0689354170847,,,23.99905501585181,23.999257733106017,23.999593317780384,23.999398277754473,23.999579427287433
sensor,1986-07-14 11:50,4246,24.316666666666663,23.999068890308223,Core_ZN,5483.596866862793,0.9139328111437988,1714.9828682282284,,,23.999068890308223,23.999289196829224,23.99960102679345,23.999423157472915,23.999588255237626
sensor,1986-07-14 11:60,4247,24.4,23.999080767820576,Core_ZN,5497.375282924389,0.9162292138207314,1715.8990974420492,,,23.999080767820576,23.99931252687728,23.999606551770906,23.999441873344608,23.999594297938586
sensor,1986-07-14 12:10,4248,24.5,23.99903332517969,Core_ZN,5776.533890859427,0.9627556484765711,1716.8618530905258,,,23.99903332517969,23.999309866317567,23.999606751733875,23.99944036621666,23.999595922854503
sensor,1986-07-14 12:20,4249,24.6,23.998742117700214,Core_ZN,5815.807607613762,0.969301267935627,1717.8311543584614,,,23.998742117700214,23.999023448532533,23.99942276848384,23.999183208302103,23.999409178589048
sensor,1986-07-14 12:30,4250,24.7,23.998671458762985,Core_ZN,5848.138202233898,0.9746897003723163,1718.8058440588336,,,23.998671458762985,23.99893883822407,23.999358618096977,23.99910678001397,23.999345486798997
sensor,1986-07-14 12:40,4251,24.799999999999997,23.99864338107161,Core_ZN,5878.754589928703,0.9797924316547838,1719.7856364904883,,,23.99864338107161,23.998902651407175,23.999333334295425,23.999075319475907,23.999321259852675
sensor,1986-07-14 12:50,4252,24.900000000000002,23.998626521288788,Core_ZN,5901.583294053237,0.9835972156755395,1720.7692337061637,,,23.998626521288788,23.998879323458493,23.99932194681435,23.999058499981693,23.999310925364963
sensor,1986-07-14 12:65,4253,25.0,23.99909753238049,Core_ZN,5926.752416263231,0.9877920693772051,1721.757025775541,,,23.99909753238049,23.9992263908591,23.999541316717934,23.999364924595433,23.999527606438136
sensor,1986-07-14 13:15,4254,24.900000000000002,23.99911489301725,Core_ZN,5920.076265390195,0.9866793775650324,1722.743705153106,,,23.99911489301725,23.99923214511848,23.999541053753205,23.99936716188293,23.999517812482665
sensor,1986-07-14 13:25,4255,24.8,23.999155131084578,Core_ZN,5914.1598921345785,0.985693315355763,1723.7293984684618,,,23.999155131084578,23.999231637977587,23.999538374085432,23.999362036484342,23.999490903438296
sensor,1986-07-14 13:35,4256,24.7,23.999166797699353,Core_ZN,5911.135761405109,0.9851892935675182,1724.7145877620294,,,23.999166797699353,23.99923448135211,23.999536740857977,23.999358796220378,23.999456189241506
sensor,1986-07-14 13:45,4257,24.6,23.999171470424155,Core_ZN,5912.09178959523,0.9853486315992048,1725.6999363936286,,,23.999171470424155,23.99923886534659,23.999533645928516,23.999352377256997,23.999419312022745
sensor,1986-07-14 13:50,4258,24.5,23.998783603701007,Core_ZN,5916.572496227124,0.9860954160378541,1726.6860318096665,,,23.998783603701007,23.998943832467006,23.999379426847465,23.999088834041906,23.999203977798857
sensor,1986-07-14 13:60,4259,24.4,23.998717357515506,Core_ZN,5919.2524176298175,0.9865420696049695,1727.6725738792713,,,23.998717357515506,23.998883594263983,23.999326157078677,23.999023298385524,23.999132342220303
sensor,1986-07-14 14:10,4260,24.316666666666666,23.998703522161204,Core_ZN,5928.27267855895,0.9880454464264916,1728.6606193256978,,,23.998703522161204,23.998876444299214,23.99930725476584,23.999002397977048,23.999074106441952
sensor,1986-07-14 14:20,4261,24.233333333333334,23.998703419017676,Core_ZN,5938.218797282752,0.9897031328804587,1729.6503224585783,,,23.998703419017676,23.99888259362146,23.99930009610145,23.998993221510535,23.999022468438902
sensor,1986-07-14 14:30,4262,24.15,23.998708425828912,Core_ZN,5951.946508369091,0.9919910847281819,1730.6423135433065,,,23.998708425828912,23.998887799138288,23.999296265171623,23.998985706477427,23.998973911287216
sensor,1986-07-14 14:40,4263,24.066666666666666,23.998710391897006,Core_ZN,5960.530797743973,0.9934217996239956,1731.6357353429305,,,23.998710391897006,23.998887943073633,23.99929403737385,23.998979541846364,23.99892855234666
sensor,1986-07-14 14:55,4264,23.983333333333334,23.99914463540702,Core_ZN,5964.644150667604,0.9941073584446005,1732.629842701375,,,23.99914463540702,23.999244058687534,23.99949596724707,23.999292431616254,23.999042018793233
sensor,1986-07-14 14:65,4265,23.9,23.999179586041997,Core_ZN,5969.231206034321,0.9948718676723868,1733.6247145690475,,,23.999179586041997,23.999264588500495,23.999520063552026,23.999319314446172,23.99912797594373
sensor,1986-07-14 15:15,4266,23.8,23.999172080610506,Core_ZN,5965.189343071182,0.994198223845197,1734.6189127928926,,,23.999172080610506,23.999256314212843,23.999519978232527,23.999311232502826,23.999118286818756
sensor,1986-07-14 15:25,4267,23.7,23.999139290461677,Core_ZN,5957.985415747817,0.9929975692913027,1735.6119103621838,,,23.999139290461677,23.999247379246654,23.999518366329866,23.999303283947462,23.99910864210537
sensor,1986-07-14 15:35,4268,23.6,23.99912311644949,Core_ZN,5946.56656650035,0.9910944277500582,1736.603004789934,,,23.99912311644949,23.99924042610231,23.999517396009143,23.99929736011685,23.999102191927392
sensor,1986-07-14 15:43,4269,23.5,23.999340490596765,Core_ZN,5914.61469772929,0.985769116288215,1737.588773906222,,,23.999340490596765,23.99942058017692,23.999623046616897,23.99945954150717,23.9992699139139
sensor,1986-07-14 15:53,4270,23.4,23.999347377083375,Core_ZN,5882.075784408414,0.9803459640680688,1738.56911987029,,,23.999347377083375,23.99943328360787,23.99963899325289,23.999476035805422,23.99935146467233
sensor,1986-07-14 15:63,4271,23.3,23.99934360066506,Core_ZN,5847.516166468016,0.9745860277446693,1739.5437058980347,,,23.99934360066506,23.99943352833222,23.99964166147213,23.99947731314667,23.999381774601304
sensor,1986-07-14 16:13,4272,23.116666666666667,23.99978615916807,Core_ZN,5075.627283913983,0.8459378806523304,1740.389643778687,,,23.99978615916807,23.999809299750385,23.999860448461835,23.99982691389595,23.99972271994048
sensor,1986-07-14 16:23,4273,22.933333333333334,23.99982649194412,Core_ZN,4929.217936016077,0.8215363226693462,1741.2111801013564,,,23.99982649194412,23.999850108655316,23.99989604329515,23.999865181254478,23.99980938599972
sensor,1986-07-14 16:33,4274,22.75,23.999839391423638,Core_ZN,4827.281251448664,0.804546875241444,1742.0157269765978,,,23.999839391423638,23.99986196106675,23.99990497727186,23.99987612080344,23.999837772452473
sensor,1986-07-14 16:43,4275,22.566666666666666,23.99984736199597,Core_ZN,4749.569121502131,0.7915948535836883,1742.8073218301815,,,23.99984736199597,23.99987045871445,23.999910935316983,23.999883755205403,23.999842234372874
sensor,1986-07-14 16:53,4276,22.383333333333333,23.999852989689746,Core_ZN,4683.366770492758,0.7805611284154598,1743.587882958597,,,23.999852989689746,23.999876732385005,23.999915506978773,23.99988922649094,23.999841707742405
sensor,1986-07-14 16:63,4277,22.2,23.999857002137183,Core_ZN,4624.234550364306,0.7707057583940511,1744.358588716991,,,23.999857002137183,23.99988146390061,23.999919170016447,23.999892694745892,23.999840467537634
sensor,1986-07-14 17:13,4278,22.016666666666666,23.999887783291726,Core_ZN,4362.335465252658,0.7270559108754429,1745.0856446278665,,,23.999887783291726,23.999913101538134,23.999932211724406,23.999917121929432,23.99983718053508
sensor,1986-07-14 17:23,4279,21.833333333333336,23.999903667854728,Core_ZN,4291.095085032398,0.7151825141720664,1745.8008271420385,,,23.999903667854728,23.99992942865827,23.999949118195403,23.999929031735494,23.999864177483705
sensor,1986-07-14 17:33,4280,21.65,23.99990828983894,Core_ZN,4237.786079104542,0.706297679850757,1746.5071248218892,,,23.99990828983894,23.999934911781033,23.99995373924823,23.999928913107304,23.999867672876835
sensor,1986-07-14 17:43,4281,21.46666666666667,23.99991076682855,Core_ZN,4180.367157115943,0.6967278595193238,1747.2038526814085,,,23.99991076682855,23.999938491958922,23.999956518088407,23.999928097936536,23.99987842973503
sensor,1986-07-14 17:53,4282,21.283333333333335,23.999912429701343,Core_ZN,4123.384356404899,0.6872307260674831,1747.8910834074761,,,23.999912429701343,23.999941678810046,23.999958752745577,23.999927175313356,23.99988971437074
sensor,1986-07-14 17:63,4283,21.1,23.99991368063101,Core_ZN,4064.337944975925,0.6773896574959875,1748.568473064972,,,23.99991368063101,23.99994455758027,23.999960672126797,23.999928305035752,23.999900103376376
sensor,1986-07-14 18:13,4284,21.01666666666667,23.999911557098333,Core_ZN,4017.18204206164,0.6695303403436067,1749.2380034053156,,,23.999911557098333,23.999943817120965,23.99996089675487,23.999926781039452,23.999907333544364
sensor,1986-07-14 18:23,4285,20.933333333333337,23.99991398082752,Core_ZN,3968.2204829537154,0.6613700804922859,1749.899373485808,,,23.99991398082752,23.999943623431857,23.999961341926735,23.99992646994989,23.999914609559042
sensor,1986-07-14 18:33,4286,20.85,23.999914494772206,Core_ZN,3919.1067012730236,0.6531844502121706,1750.55255793602,,,23.999914494772206,23.99994383093839,23.9999618734044,23.999927305732292,23.999921415501895
sensor,1986-07-14 18:43,4287,20.76666666666667,23.999914724979774,Core_ZN,3869.585433501568,0.6449309055835946,1751.1974888416037,,,23.999914724979774,23.999944102209778,23.999962367854,23.999928839468556,23.999928135703584
sensor,1986-07-14 18:53,4288,20.683333333333334,23.999915107951757,Core_ZN,3819.7478973005072,0.6366246495500845,1751.8341134911539,,,23.999915107951757,23.99994462536948,23.99996295034855,23.999930697917165,23.999934512249233
sensor,1986-07-14 18:63,4289,20.6,23.999915687361177,Core_ZN,3762.5235256800065,0.627087254280001,1752.4612007454339,,,23.999915687361177,23.9999454022594,23.99996367757884,23.999934583422693,23.99994329255591
sensor,1986-07-14 19:13,4290,20.6,23.99992868229181,Core_ZN,3664.7209568114627,0.6107868261352437,1753.071987571569,,,23.99992868229181,23.9999568906088,23.999971211045676,23.999951108934866,23.999962599039353
sensor,1986-07-14 19:23,4291,20.6,23.99993147924895,Core_ZN,3606.2019743256806,0.6010336623876134,1753.6730212339567,,,23.99993147924895,23.999960125063964,23.999973487021464,23.999958651076078,23.99997063664628
sensor,1986-07-14 19:33,4292,20.6,23.999933884019,Core_ZN,3546.1042512663767,0.5910173752110628,1754.2640386091678,,,23.999933884019,23.999962497995398,23.999975103654666,23.99996557725718,23.999977112533532
sensor,1986-07-14 19:45,4293,20.6,23.99989804704779,Core_ZN,3507.971466545861,0.5846619110909768,1754.8487005202587,,,23.99989804704779,23.99993894723937,23.99995313514887,23.999946510830107,23.999976764478987
sensor,1986-07-14 19:55,4294,20.6,23.99991436756268,Core_ZN,3478.1530842987104,0.5796921807164517,1755.428392700975,,,23.99991436756268,23.999951313259736,23.999967847887273,23.999956768392863,23.999971591309567
sensor,1986-07-14 19:65,4295,20.6,23.999917709037092,Core_ZN,3453.3884334073878,0.5755647389012313,1756.0039574398763,,,23.999917709037092,23.99995314495927,23.99997107681329,23.999958576635773,23.99997071010276
sensor,1986-07-14 20:15,4296,20.400000000000002,23.99993229007114,Core_ZN,3408.9139259950393,0.5681523209991732,1756.5721097608755,,,23.99993229007114,23.999967849528375,23.99997666712185,23.999972093810904,23.99997736255566
sensor,1986-07-14 20:25,4297,20.200000000000003,23.999951667746455,Core_ZN,3367.008254250048,0.5611680423750081,1757.1332778032504,,,23.999951667746455,23.999979693241137,23.999981066214083,23.99998283931413,23.999982512619773
sensor,1986-07-14 20:35,4298,20.0,23.999963329617685,Core_ZN,3329.245906596336,0.554874317766056,1757.6881521210164,,,23.999963329617685,23.999989346150663,23.99998467618805,23.99999150664025,23.999986574068444
sensor,1986-07-14 20:45,4299,19.8,23.999972169542584,Core_ZN,3293.7324368639293,0.5489554061439882,1758.2371075271603,,,23.999972169542584,23.999997120933052,23.999987738294465,23.999998416941615,23.99998965848304
sensor,1986-07-14 20:55,4300,19.6,23.999979427116607,Core_ZN,3259.9704140582285,0.543328402343038,1758.7804359295035,,,23.999979427116607,24.000003365056273,23.999990189255556,24.00000391585759,23.999991978631623
sensor,1986-07-14 20:65,4301,19.4,23.999985393351608,Core_ZN,3227.5582884177625,0.5379263814029603,1759.3183623109064,,,23.999985393351608,24.00000836524879,23.99999213622899,24.000008282263636,23.999993712945027
sensor,1986-07-14 21:13,4302,19.5,24.304271272849306,Core_ZN,4.038461538461539e-09,6.730769230769232e-13,1759.318362310907,,,24.304271272849306,24.391858261430304,24.4664003669553,24.388603851521456,24.60963809180537
sensor,1986-07-14 21:20,4303,19.6,24.57569383807257,Core_ZN,4.038461538461539e-09,6.730769230769232e-13,1759.3183623109078,,,24.57569383807257,24.69983379571514,24.809013672182626,24.697023356685214,25.06151452636275
sensor,1986-07-14 21:30,4304,19.7,24.659963481538227,Core_ZN,4.038461538461539e-09,6.730769230769232e-13,1759.3183623109085,,,24.659963481538227,24.7855450242035,24.900789173202348,24.783901318990118,25.180515531285792
sensor,1986-07-14 21:40,4305,19.799999999999997,24.71430700636069,Core_ZN,4.038461538461539e-09,6.730769230769232e-13,1759.3183623109092,,,24.71430700636069,24.837903511466376,24.955443123298295,24.837312756712297,25.249704230999654
sensor,1986-07-14 21:50,4306,19.9,24.755479373596508,Core_ZN,4.038461538461539e-09,6.730769230769232e-13,1759.3183623109098,,,24.755479373596508,24.87599209964194,24.99512435475167,24.876414997145375,25.299942738287278
sensor,1986-07-14 21:60,4307,20.0,24.790349895576924,Core_ZN,4.038461538461539e-09,6.730769230769232e-13,1759.3183623109105,,,24.790349895576924,24.907402808992664,25.027728807496313,24.90938496210132,25.341192626775484
sensor,1986-07-14 22:10,4308,20.0,24.80352354285734,Core_ZN,4.038461538461539e-09,6.730769230769232e-13,1759.3183623109112,,,24.80352354285734,24.919846208039253,25.040691771927033,24.92209701864926,25.361379997439176
sensor,1986-07-14 22:20,4309,20.0,24.81275692364858,Core_ZN,4.038461538461539e-09,6.730769230769232e-13,1759.3183623109119,,,24.81275692364858,24.9300247873851,25.052069919817757,24.932072594974716,25.37942718560285
sensor,1986-07-14 22:30,4310,20.0,24.820147137477914,Core_ZN,4.038461538461539e-09,6.730769230769232e-13,1759.3183623109126,,,24.820147137477914,24.9385359945536,25.062097956371485,24.94016860369578,25.3954227180632
sensor,1986-07-14 22:40,4311,20.0,24.82622952226816,Core_ZN,4.038461538461539e-09,6.730769230769232e-13,1759.3183623109132,,,24.82622952226816,24.94567442678844,25.070529146054973,24.94727332446193,25.409359961778517
sensor,1986-07-14 22:50,4312,20.0,24.8313109849628,Core_ZN,4.038461538461539e-09,6.730769230769232e-13,1759.318362310914,,,24.8313109849628,24.95165172353469,25.077505041659283,24.95338383971806,25.421454041071115
sensor,1986-07-14 22:60,4313,20.0,24.835557564959036,Core_ZN,4.038461538461539e-09,6.730769230769232e-13,1759.3183623109146,,,24.835557564959036,24.956609827088393,25.08317980881358,24.95856218691339,25.431940761991612
sensor,1986-07-14 23:10,4314,20.1,24.827296948968844,Core_ZN,4.038461538461539e-09,6.730769230769232e-13,1759.3183623109153,,,24.827296948968844,24.95011769275054,25.077742636869583,24.95211381968405,25.431181730704942
sensor,1986-07-14 23:20,4315,20.200000000000003,24.82854352288629,Core_ZN,4.038461538461539e-09,6.730769230769232e-13,1759.318362310916,,,24.82854352288629,24.952563833176967,25.082095978374248,24.95633306989539,25.43944476392869
sensor,1986-07-14 23:30,4316,20.3,24.834541331289465,Core_ZN,4.038461538461539e-09,6.730769230769232e-13,1759.3183623109167,,,24.834541331289465,24.959493760582756,25.089962113739123,24.963921466182416,25.450396124549172
sensor,1986-07-14 23:40,4317,20.400000000000002,24.842935355448333,Core_ZN,4.038461538461539e-09,6.730769230769232e-13,1759.3183623109173,,,24.842935355448333,24.968185080333377,25.09901330265919,24.972869737833378,25.46180068574303
sensor,1986-07-14 23:50,4318,20.5,24.85239560830754,Core_ZN,4.038461538461539e-09,6.730769230769232e-13,1759.318362310918,,,24.85239560830754,24.97748108427476,25.10829036274436,24.98222937843453,25.472834982323743
sensor,1986-07-14 23:60,4319,20.6,24.8622131747738,Core_ZN,4.038461538461539e-09,6.730769230769232e-13,1759.3183623109187,,,24.8622131747738,24.986891881440986,25.11743062685413,24.99159914445033,25.483256619905937
